2026-05-27 11:32:37,165 | INFO | Loading tokenizer from Qwen/Qwen2.5-7B-Instruct
2026-05-27 11:32:37,251 | INFO | HTTP Request: HEAD https://huggingface.co/Qwen/Qwen2.5-7B-Instruct/resolve/main/config.json "HTTP/1.1 307 Temporary Redirect"
2026-05-27 11:32:37,256 | INFO | HTTP Request: HEAD https://huggingface.co/api/resolve-cache/models/Qwen/Qwen2.5-7B-Instruct/a09a35458c702b33eeacc393d103063234e8bc28/config.json "HTTP/1.1 200 OK"
2026-05-27 11:32:37,267 | INFO | HTTP Request: GET https://huggingface.co/api/resolve-cache/models/Qwen/Qwen2.5-7B-Instruct/a09a35458c702b33eeacc393d103063234e8bc28/config.json "HTTP/1.1 200 OK"
2026-05-27 11:32:37,350 | INFO | HTTP Request: HEAD https://huggingface.co/Qwen/Qwen2.5-7B-Instruct/resolve/main/tokenizer_config.json "HTTP/1.1 307 Temporary Redirect"
2026-05-27 11:32:37,351 | WARNING | Warning: You are sending unauthenticated requests to the HF Hub. Please set a HF_TOKEN to enable higher rate limits and faster downloads.
2026-05-27 11:32:37,355 | INFO | HTTP Request: HEAD https://huggingface.co/api/resolve-cache/models/Qwen/Qwen2.5-7B-Instruct/a09a35458c702b33eeacc393d103063234e8bc28/tokenizer_config.json "HTTP/1.1 200 OK"
2026-05-27 11:32:37,359 | INFO | HTTP Request: GET https://huggingface.co/api/resolve-cache/models/Qwen/Qwen2.5-7B-Instruct/a09a35458c702b33eeacc393d103063234e8bc28/tokenizer_config.json "HTTP/1.1 200 OK"
2026-05-27 11:32:37,438 | INFO | HTTP Request: GET https://huggingface.co/api/models/Qwen/Qwen2.5-7B-Instruct/tree/main/additional_chat_templates?recursive=false&expand=false "HTTP/1.1 404 Not Found"
2026-05-27 11:32:37,514 | INFO | HTTP Request: GET https://huggingface.co/api/models/Qwen/Qwen2.5-7B-Instruct/tree/main?recursive=true&expand=false "HTTP/1.1 200 OK"
2026-05-27 11:32:37,586 | INFO | HTTP Request: HEAD https://huggingface.co/Qwen/Qwen2.5-7B-Instruct/resolve/main/vocab.json "HTTP/1.1 307 Temporary Redirect"
2026-05-27 11:32:37,590 | INFO | HTTP Request: HEAD https://huggingface.co/api/resolve-cache/models/Qwen/Qwen2.5-7B-Instruct/a09a35458c702b33eeacc393d103063234e8bc28/vocab.json "HTTP/1.1 200 OK"
2026-05-27 11:32:37,596 | INFO | HTTP Request: GET https://huggingface.co/api/resolve-cache/models/Qwen/Qwen2.5-7B-Instruct/a09a35458c702b33eeacc393d103063234e8bc28/vocab.json "HTTP/1.1 200 OK"
2026-05-27 11:32:37,687 | INFO | HTTP Request: HEAD https://huggingface.co/Qwen/Qwen2.5-7B-Instruct/resolve/main/merges.txt "HTTP/1.1 307 Temporary Redirect"
2026-05-27 11:32:37,692 | INFO | HTTP Request: HEAD https://huggingface.co/api/resolve-cache/models/Qwen/Qwen2.5-7B-Instruct/a09a35458c702b33eeacc393d103063234e8bc28/merges.txt "HTTP/1.1 200 OK"
2026-05-27 11:32:37,697 | INFO | HTTP Request: GET https://huggingface.co/api/resolve-cache/models/Qwen/Qwen2.5-7B-Instruct/a09a35458c702b33eeacc393d103063234e8bc28/merges.txt "HTTP/1.1 200 OK"
2026-05-27 11:32:37,779 | INFO | HTTP Request: HEAD https://huggingface.co/Qwen/Qwen2.5-7B-Instruct/resolve/main/tokenizer.json "HTTP/1.1 307 Temporary Redirect"
2026-05-27 11:32:37,784 | INFO | HTTP Request: HEAD https://huggingface.co/api/resolve-cache/models/Qwen/Qwen2.5-7B-Instruct/a09a35458c702b33eeacc393d103063234e8bc28/tokenizer.json "HTTP/1.1 200 OK"
2026-05-27 11:32:37,789 | INFO | HTTP Request: GET https://huggingface.co/api/resolve-cache/models/Qwen/Qwen2.5-7B-Instruct/a09a35458c702b33eeacc393d103063234e8bc28/tokenizer.json "HTTP/1.1 200 OK"
2026-05-27 11:32:37,894 | INFO | HTTP Request: HEAD https://huggingface.co/Qwen/Qwen2.5-7B-Instruct/resolve/main/added_tokens.json "HTTP/1.1 404 Not Found"
2026-05-27 11:32:37,967 | INFO | HTTP Request: HEAD https://huggingface.co/Qwen/Qwen2.5-7B-Instruct/resolve/main/special_tokens_map.json "HTTP/1.1 404 Not Found"
2026-05-27 11:32:38,046 | INFO | HTTP Request: HEAD https://huggingface.co/Qwen/Qwen2.5-7B-Instruct/resolve/main/chat_template.jinja "HTTP/1.1 404 Not Found"
2026-05-27 11:32:38,345 | INFO | HTTP Request: GET https://huggingface.co/api/models/Qwen/Qwen2.5-7B-Instruct "HTTP/1.1 200 OK"
2026-05-27 11:32:38,347 | INFO | Loading model from Qwen/Qwen2.5-7B-Instruct (device=auto)
2026-05-27 11:32:38,764 | INFO | HTTP Request: HEAD https://huggingface.co/Qwen/Qwen2.5-7B-Instruct/resolve/main/config.json "HTTP/1.1 307 Temporary Redirect"
2026-05-27 11:32:38,768 | INFO | HTTP Request: HEAD https://huggingface.co/api/resolve-cache/models/Qwen/Qwen2.5-7B-Instruct/a09a35458c702b33eeacc393d103063234e8bc28/config.json "HTTP/1.1 200 OK"
2026-05-27 11:32:38,842 | INFO | HTTP Request: HEAD https://huggingface.co/Qwen/Qwen2.5-7B-Instruct/resolve/main/adapter_config.json "HTTP/1.1 404 Not Found"
2026-05-27 11:32:39,205 | INFO | HTTP Request: HEAD https://huggingface.co/Qwen/Qwen2.5-7B-Instruct/resolve/main/config.json "HTTP/1.1 307 Temporary Redirect"
2026-05-27 11:32:39,210 | INFO | HTTP Request: HEAD https://huggingface.co/api/resolve-cache/models/Qwen/Qwen2.5-7B-Instruct/a09a35458c702b33eeacc393d103063234e8bc28/config.json "HTTP/1.1 200 OK"
2026-05-27 11:32:39,285 | INFO | HTTP Request: HEAD https://huggingface.co/Qwen/Qwen2.5-7B-Instruct/resolve/main/model.safetensors "HTTP/1.1 404 Not Found"
2026-05-27 11:32:39,357 | INFO | HTTP Request: HEAD https://huggingface.co/Qwen/Qwen2.5-7B-Instruct/resolve/main/model.safetensors.index.json "HTTP/1.1 307 Temporary Redirect"
2026-05-27 11:32:39,361 | INFO | HTTP Request: HEAD https://huggingface.co/api/resolve-cache/models/Qwen/Qwen2.5-7B-Instruct/a09a35458c702b33eeacc393d103063234e8bc28/model.safetensors.index.json "HTTP/1.1 200 OK"
2026-05-27 11:32:39,366 | INFO | HTTP Request: GET https://huggingface.co/api/resolve-cache/models/Qwen/Qwen2.5-7B-Instruct/a09a35458c702b33eeacc393d103063234e8bc28/model.safetensors.index.json "HTTP/1.1 200 OK"
2026-05-27 11:32:39,443 | INFO | HTTP Request: GET https://huggingface.co/api/models/Qwen/Qwen2.5-7B-Instruct/revision/main "HTTP/1.1 200 OK"
2026-05-27 11:32:39,525 | INFO | HTTP Request: HEAD https://huggingface.co/Qwen/Qwen2.5-7B-Instruct/resolve/a09a35458c702b33eeacc393d103063234e8bc28/model-00001-of-00004.safetensors "HTTP/1.1 302 Found"
2026-05-27 11:32:39,526 | INFO | HTTP Request: HEAD https://huggingface.co/Qwen/Qwen2.5-7B-Instruct/resolve/a09a35458c702b33eeacc393d103063234e8bc28/model-00002-of-00004.safetensors "HTTP/1.1 302 Found"
2026-05-27 11:32:39,533 | INFO | HTTP Request: HEAD https://huggingface.co/Qwen/Qwen2.5-7B-Instruct/resolve/a09a35458c702b33eeacc393d103063234e8bc28/model-00003-of-00004.safetensors "HTTP/1.1 302 Found"
2026-05-27 11:32:39,550 | INFO | HTTP Request: HEAD https://huggingface.co/Qwen/Qwen2.5-7B-Instruct/resolve/a09a35458c702b33eeacc393d103063234e8bc28/model-00004-of-00004.safetensors "HTTP/1.1 302 Found"
2026-05-27 11:32:39,610 | INFO | HTTP Request: GET https://huggingface.co/api/models/Qwen/Qwen2.5-7B-Instruct/xet-read-token/a09a35458c702b33eeacc393d103063234e8bc28 "HTTP/1.1 200 OK"
2026-05-27 11:32:39,614 | INFO | HTTP Request: GET https://huggingface.co/api/models/Qwen/Qwen2.5-7B-Instruct/xet-read-token/a09a35458c702b33eeacc393d103063234e8bc28 "HTTP/1.1 200 OK"
2026-05-27 11:32:39,615 | INFO | HTTP Request: GET https://huggingface.co/api/models/Qwen/Qwen2.5-7B-Instruct/xet-read-token/a09a35458c702b33eeacc393d103063234e8bc28 "HTTP/1.1 200 OK"
2026-05-27 11:32:39,642 | INFO | HTTP Request: GET https://huggingface.co/api/models/Qwen/Qwen2.5-7B-Instruct/xet-read-token/a09a35458c702b33eeacc393d103063234e8bc28 "HTTP/1.1 200 OK"
2026-05-27 11:48:32,791 | INFO | Loading tokenizer from Qwen/Qwen2.5-7B-Instruct
2026-05-27 11:48:32,904 | INFO | HTTP Request: HEAD https://huggingface.co/Qwen/Qwen2.5-7B-Instruct/resolve/main/config.json "HTTP/1.1 307 Temporary Redirect"
2026-05-27 11:48:32,905 | WARNING | Warning: You are sending unauthenticated requests to the HF Hub. Please set a HF_TOKEN to enable higher rate limits and faster downloads.
2026-05-27 11:48:32,909 | INFO | HTTP Request: HEAD https://huggingface.co/api/resolve-cache/models/Qwen/Qwen2.5-7B-Instruct/a09a35458c702b33eeacc393d103063234e8bc28/config.json "HTTP/1.1 200 OK"
2026-05-27 11:48:32,921 | INFO | HTTP Request: GET https://huggingface.co/api/resolve-cache/models/Qwen/Qwen2.5-7B-Instruct/a09a35458c702b33eeacc393d103063234e8bc28/config.json "HTTP/1.1 200 OK"
2026-05-27 11:48:33,072 | INFO | HTTP Request: HEAD https://huggingface.co/Qwen/Qwen2.5-7B-Instruct/resolve/main/tokenizer_config.json "HTTP/1.1 307 Temporary Redirect"
2026-05-27 11:48:33,076 | INFO | HTTP Request: HEAD https://huggingface.co/api/resolve-cache/models/Qwen/Qwen2.5-7B-Instruct/a09a35458c702b33eeacc393d103063234e8bc28/tokenizer_config.json "HTTP/1.1 200 OK"
2026-05-27 11:48:33,081 | INFO | HTTP Request: GET https://huggingface.co/api/resolve-cache/models/Qwen/Qwen2.5-7B-Instruct/a09a35458c702b33eeacc393d103063234e8bc28/tokenizer_config.json "HTTP/1.1 200 OK"
2026-05-27 11:48:33,162 | INFO | HTTP Request: GET https://huggingface.co/api/models/Qwen/Qwen2.5-7B-Instruct/tree/main/additional_chat_templates?recursive=false&expand=false "HTTP/1.1 404 Not Found"
2026-05-27 11:48:33,251 | INFO | HTTP Request: GET https://huggingface.co/api/models/Qwen/Qwen2.5-7B-Instruct/tree/main?recursive=true&expand=false "HTTP/1.1 200 OK"
2026-05-27 11:48:33,323 | INFO | HTTP Request: HEAD https://huggingface.co/Qwen/Qwen2.5-7B-Instruct/resolve/main/vocab.json "HTTP/1.1 307 Temporary Redirect"
2026-05-27 11:48:33,327 | INFO | HTTP Request: HEAD https://huggingface.co/api/resolve-cache/models/Qwen/Qwen2.5-7B-Instruct/a09a35458c702b33eeacc393d103063234e8bc28/vocab.json "HTTP/1.1 200 OK"
2026-05-27 11:48:33,331 | INFO | HTTP Request: GET https://huggingface.co/api/resolve-cache/models/Qwen/Qwen2.5-7B-Instruct/a09a35458c702b33eeacc393d103063234e8bc28/vocab.json "HTTP/1.1 200 OK"
2026-05-27 11:48:33,468 | INFO | HTTP Request: HEAD https://huggingface.co/Qwen/Qwen2.5-7B-Instruct/resolve/main/merges.txt "HTTP/1.1 307 Temporary Redirect"
2026-05-27 11:48:33,472 | INFO | HTTP Request: HEAD https://huggingface.co/api/resolve-cache/models/Qwen/Qwen2.5-7B-Instruct/a09a35458c702b33eeacc393d103063234e8bc28/merges.txt "HTTP/1.1 200 OK"
2026-05-27 11:48:33,477 | INFO | HTTP Request: GET https://huggingface.co/api/resolve-cache/models/Qwen/Qwen2.5-7B-Instruct/a09a35458c702b33eeacc393d103063234e8bc28/merges.txt "HTTP/1.1 200 OK"
2026-05-27 11:48:33,561 | INFO | HTTP Request: HEAD https://huggingface.co/Qwen/Qwen2.5-7B-Instruct/resolve/main/tokenizer.json "HTTP/1.1 307 Temporary Redirect"
2026-05-27 11:48:33,565 | INFO | HTTP Request: HEAD https://huggingface.co/api/resolve-cache/models/Qwen/Qwen2.5-7B-Instruct/a09a35458c702b33eeacc393d103063234e8bc28/tokenizer.json "HTTP/1.1 200 OK"
2026-05-27 11:48:33,570 | INFO | HTTP Request: GET https://huggingface.co/api/resolve-cache/models/Qwen/Qwen2.5-7B-Instruct/a09a35458c702b33eeacc393d103063234e8bc28/tokenizer.json "HTTP/1.1 200 OK"
2026-05-27 11:48:33,675 | INFO | HTTP Request: HEAD https://huggingface.co/Qwen/Qwen2.5-7B-Instruct/resolve/main/added_tokens.json "HTTP/1.1 404 Not Found"
2026-05-27 11:48:33,753 | INFO | HTTP Request: HEAD https://huggingface.co/Qwen/Qwen2.5-7B-Instruct/resolve/main/special_tokens_map.json "HTTP/1.1 404 Not Found"
2026-05-27 11:48:33,824 | INFO | HTTP Request: HEAD https://huggingface.co/Qwen/Qwen2.5-7B-Instruct/resolve/main/chat_template.jinja "HTTP/1.1 404 Not Found"
2026-05-27 11:48:34,122 | INFO | HTTP Request: GET https://huggingface.co/api/models/Qwen/Qwen2.5-7B-Instruct "HTTP/1.1 200 OK"
2026-05-27 11:48:34,124 | INFO | Loading model from Qwen/Qwen2.5-7B-Instruct (device=auto)
2026-05-27 11:48:34,505 | INFO | HTTP Request: HEAD https://huggingface.co/Qwen/Qwen2.5-7B-Instruct/resolve/main/config.json "HTTP/1.1 307 Temporary Redirect"
2026-05-27 11:48:34,509 | INFO | HTTP Request: HEAD https://huggingface.co/api/resolve-cache/models/Qwen/Qwen2.5-7B-Instruct/a09a35458c702b33eeacc393d103063234e8bc28/config.json "HTTP/1.1 200 OK"
2026-05-27 11:48:34,582 | INFO | HTTP Request: HEAD https://huggingface.co/Qwen/Qwen2.5-7B-Instruct/resolve/main/adapter_config.json "HTTP/1.1 404 Not Found"
2026-05-27 11:48:34,873 | INFO | HTTP Request: HEAD https://huggingface.co/Qwen/Qwen2.5-7B-Instruct/resolve/main/config.json "HTTP/1.1 307 Temporary Redirect"
2026-05-27 11:48:34,877 | INFO | HTTP Request: HEAD https://huggingface.co/api/resolve-cache/models/Qwen/Qwen2.5-7B-Instruct/a09a35458c702b33eeacc393d103063234e8bc28/config.json "HTTP/1.1 200 OK"
2026-05-27 11:48:34,956 | INFO | HTTP Request: HEAD https://huggingface.co/Qwen/Qwen2.5-7B-Instruct/resolve/main/model.safetensors "HTTP/1.1 404 Not Found"
2026-05-27 11:48:35,031 | INFO | HTTP Request: HEAD https://huggingface.co/Qwen/Qwen2.5-7B-Instruct/resolve/main/model.safetensors.index.json "HTTP/1.1 307 Temporary Redirect"
2026-05-27 11:48:35,035 | INFO | HTTP Request: HEAD https://huggingface.co/api/resolve-cache/models/Qwen/Qwen2.5-7B-Instruct/a09a35458c702b33eeacc393d103063234e8bc28/model.safetensors.index.json "HTTP/1.1 200 OK"
2026-05-27 11:48:35,039 | INFO | HTTP Request: GET https://huggingface.co/api/resolve-cache/models/Qwen/Qwen2.5-7B-Instruct/a09a35458c702b33eeacc393d103063234e8bc28/model.safetensors.index.json "HTTP/1.1 200 OK"
2026-05-27 11:48:35,120 | INFO | HTTP Request: GET https://huggingface.co/api/models/Qwen/Qwen2.5-7B-Instruct/revision/main "HTTP/1.1 200 OK"
2026-05-27 11:48:35,198 | INFO | HTTP Request: HEAD https://huggingface.co/Qwen/Qwen2.5-7B-Instruct/resolve/a09a35458c702b33eeacc393d103063234e8bc28/model-00001-of-00004.safetensors "HTTP/1.1 302 Found"
2026-05-27 11:48:35,205 | INFO | HTTP Request: HEAD https://huggingface.co/Qwen/Qwen2.5-7B-Instruct/resolve/a09a35458c702b33eeacc393d103063234e8bc28/model-00002-of-00004.safetensors "HTTP/1.1 302 Found"
2026-05-27 11:48:35,207 | INFO | HTTP Request: HEAD https://huggingface.co/Qwen/Qwen2.5-7B-Instruct/resolve/a09a35458c702b33eeacc393d103063234e8bc28/model-00004-of-00004.safetensors "HTTP/1.1 302 Found"
2026-05-27 11:48:35,207 | INFO | HTTP Request: HEAD https://huggingface.co/Qwen/Qwen2.5-7B-Instruct/resolve/a09a35458c702b33eeacc393d103063234e8bc28/model-00003-of-00004.safetensors "HTTP/1.1 302 Found"
2026-05-27 11:48:35,275 | INFO | HTTP Request: GET https://huggingface.co/Qwen/Qwen2.5-7B-Instruct/resolve/a09a35458c702b33eeacc393d103063234e8bc28/model-00001-of-00004.safetensors "HTTP/1.1 302 Found"
2026-05-27 11:48:35,281 | INFO | HTTP Request: GET https://huggingface.co/Qwen/Qwen2.5-7B-Instruct/resolve/a09a35458c702b33eeacc393d103063234e8bc28/model-00002-of-00004.safetensors "HTTP/1.1 302 Found"
2026-05-27 11:48:35,283 | INFO | HTTP Request: GET https://huggingface.co/Qwen/Qwen2.5-7B-Instruct/resolve/a09a35458c702b33eeacc393d103063234e8bc28/model-00004-of-00004.safetensors "HTTP/1.1 302 Found"
2026-05-27 11:48:35,284 | INFO | HTTP Request: GET https://huggingface.co/Qwen/Qwen2.5-7B-Instruct/resolve/a09a35458c702b33eeacc393d103063234e8bc28/model-00003-of-00004.safetensors "HTTP/1.1 302 Found"
2026-05-27 11:48:35,393 | INFO | HTTP Request: GET https://cas-bridge.xethub.hf.co/xet-bridge-us/66e81cbcd683a3f4e5291bbf/7a5652df2a86bd1ac6bfd0de4a00fb014360f98669f437fda9a4641947a28520?X-Amz-Algorithm=AWS4-HMAC-SHA256&X-Amz-Content-Sha256=UNSIGNED-PAYLOAD&X-Amz-Credential=cas%2F20260527%2Fus-east-1%2Fs3%2Faws4_request&X-Amz-Date=20260527T184835Z&X-Amz-Expires=3600&X-Amz-Signature=762431039b7d453909fd41f16c47592ce133a32c2a1d705b9b6cf7db3815414f&X-Amz-SignedHeaders=host&X-Xet-Cas-Uid=public&response-content-disposition=inline%3B+filename*%3DUTF-8%27%27model-00002-of-00004.safetensors%3B+filename%3D%22model-00002-of-00004.safetensors%22%3B&x-amz-checksum-mode=ENABLED&x-id=GetObject&Expires=1779911315&Policy=eyJTdGF0ZW1lbnQiOlt7IkNvbmRpdGlvbiI6eyJEYXRlTGVzc1RoYW4iOnsiQVdTOkVwb2NoVGltZSI6MTc3OTkxMTMxNX19LCJSZXNvdXJjZSI6Imh0dHBzOi8vY2FzLWJyaWRnZS54ZXRodWIuaGYuY28veGV0LWJyaWRnZS11cy82NmU4MWNiY2Q2ODNhM2Y0ZTUyOTFiYmYvN2E1NjUyZGYyYTg2YmQxYWM2YmZkMGRlNGEwMGZiMDE0MzYwZjk4NjY5ZjQzN2ZkYTlhNDY0MTk0N2EyODUyMCoifV19&Signature=oJEiADLoAuTzEDw4tzzE435Ckv%7Esj3%7EUHvnJMWb3S6iXJAVw88c3gLVTMvqJwT9YrXrcZW3SJ2b4wAoBdlBDZX3fnWFXu4uR7AV5Ysk%7E4gmwz84SpPAKK0ROhhwSlL%7EfXKo251A07-NOmNHoCZpjNNyvDMnvO06dd7sAElqTIgIQb--vM-dLfG4YPLre6DlYy2clnuCh%7EKBuLdZyFB2EH4TWnkVeuSeQbYaIvcuQIPw%7ESRfXprZ4KulK59Hu0FIKvt9FfLxJilJ8Z2n3Kqgj2xO-7mnmh8F32qJt5uCpmj51-httKed1EeUAo1UKNK4zTdwmDN-kjAIcGITvg92hyw__&Key-Pair-Id=K2L8F4GPSG1IFC "HTTP/1.1 200 OK"
2026-05-27 11:48:35,394 | INFO | HTTP Request: GET https://cas-bridge.xethub.hf.co/xet-bridge-us/66e81cbcd683a3f4e5291bbf/ddfa1ff25e39c57076e10f1a8b02cc96888ce69b0717f0d296c57b842695c965?X-Amz-Algorithm=AWS4-HMAC-SHA256&X-Amz-Content-Sha256=UNSIGNED-PAYLOAD&X-Amz-Credential=cas%2F20260527%2Fus-east-1%2Fs3%2Faws4_request&X-Amz-Date=20260527T184835Z&X-Amz-Expires=3600&X-Amz-Signature=5e2153f61fdcf6faf3597c6b1fcef4ec188ea912dd0ee547a3705f0a243be130&X-Amz-SignedHeaders=host&X-Xet-Cas-Uid=public&response-content-disposition=inline%3B+filename*%3DUTF-8%27%27model-00001-of-00004.safetensors%3B+filename%3D%22model-00001-of-00004.safetensors%22%3B&x-amz-checksum-mode=ENABLED&x-id=GetObject&Expires=1779911315&Policy=eyJTdGF0ZW1lbnQiOlt7IkNvbmRpdGlvbiI6eyJEYXRlTGVzc1RoYW4iOnsiQVdTOkVwb2NoVGltZSI6MTc3OTkxMTMxNX19LCJSZXNvdXJjZSI6Imh0dHBzOi8vY2FzLWJyaWRnZS54ZXRodWIuaGYuY28veGV0LWJyaWRnZS11cy82NmU4MWNiY2Q2ODNhM2Y0ZTUyOTFiYmYvZGRmYTFmZjI1ZTM5YzU3MDc2ZTEwZjFhOGIwMmNjOTY4ODhjZTY5YjA3MTdmMGQyOTZjNTdiODQyNjk1Yzk2NSoifV19&Signature=N6Jfaq0BLSu4jj07KF%7EjdC3kjxpGMEX-h-KCMjjSjfWlXj0keM-PCEm92an6oXsR0EOs-qQrONcdd6vFMyh8tF1I1r2z8npCl%7EpIzaNax1RWEXiD2me2Mu9c%7EacMNplIoOEC0hsiBMDYjvoefFX9Vf6xmuu2lA8dUH83qa2EktQk30hoAsfojL5hpa8gNJdq9cmkoQjaQK-dXqW3cVx0b4I0NriaOnj0fpXYf09jBF9rPLZATfzZh90F4v9eqFJD1OFxNACt9VuUbHPxeizVeJlvK0Sfturf5tTALS5cSSLZhiY1VHXkFdYi0Uz9bUy2Am0qzvlvV02wq%7ED%7EK0B-7w__&Key-Pair-Id=K2L8F4GPSG1IFC "HTTP/1.1 200 OK"
2026-05-27 11:48:35,394 | INFO | HTTP Request: GET https://cas-bridge.xethub.hf.co/xet-bridge-us/66e81cbcd683a3f4e5291bbf/4d520dc8bdd4416c539421314778ea8bae719387b2d14e13dd4dbb3bd2d74018?X-Amz-Algorithm=AWS4-HMAC-SHA256&X-Amz-Content-Sha256=UNSIGNED-PAYLOAD&X-Amz-Credential=cas%2F20260527%2Fus-east-1%2Fs3%2Faws4_request&X-Amz-Date=20260527T184835Z&X-Amz-Expires=3600&X-Amz-Signature=181d555664a9c831c5d8322786f38d57c3309f5bf5c8b56e1a6a7a34684527ad&X-Amz-SignedHeaders=host&X-Xet-Cas-Uid=public&response-content-disposition=inline%3B+filename*%3DUTF-8%27%27model-00003-of-00004.safetensors%3B+filename%3D%22model-00003-of-00004.safetensors%22%3B&x-amz-checksum-mode=ENABLED&x-id=GetObject&Expires=1779911315&Policy=eyJTdGF0ZW1lbnQiOlt7IkNvbmRpdGlvbiI6eyJEYXRlTGVzc1RoYW4iOnsiQVdTOkVwb2NoVGltZSI6MTc3OTkxMTMxNX19LCJSZXNvdXJjZSI6Imh0dHBzOi8vY2FzLWJyaWRnZS54ZXRodWIuaGYuY28veGV0LWJyaWRnZS11cy82NmU4MWNiY2Q2ODNhM2Y0ZTUyOTFiYmYvNGQ1MjBkYzhiZGQ0NDE2YzUzOTQyMTMxNDc3OGVhOGJhZTcxOTM4N2IyZDE0ZTEzZGQ0ZGJiM2JkMmQ3NDAxOCoifV19&Signature=mMTOeHVgnqTo8X4i2qkwuqjJuX5Oz52AtEOsL1gpPccJYXURim34gF1DteOGJgS7Y%7EVpbgsjwwy7%7EtQoQoPDzJtn-UNJ6FPt0Wx1DugpfjPT9Mh1mOKRjJwwsFyOI5AlhK7jLGrmd2tHfei4mDRhxcPKrm83r1IXwdfu2PDnyzp2Riaqkg8QSgKgxq%7ERQ5ZP2zWpdBt907J7-kK%7EzZ8Xpv1%7EQFdKkjacYSwnv0QffhCtafV2WGr2TVv79OG%7EPjJaw8KU6L%7EBelRg6kzeTemKb2V30ee5BdNFBl-Gupn8lpvs4vmjLPQQDgqu944i0u%7ExTKzkky2N24agvLhMLJuOvQ__&Key-Pair-Id=K2L8F4GPSG1IFC "HTTP/1.1 200 OK"
2026-05-27 11:48:35,395 | INFO | HTTP Request: GET https://cas-bridge.xethub.hf.co/xet-bridge-us/66e81cbcd683a3f4e5291bbf/22555b6a3a2093431facfb11807dd591855196ee19b8543dcc05a66d16a39892?X-Amz-Algorithm=AWS4-HMAC-SHA256&X-Amz-Content-Sha256=UNSIGNED-PAYLOAD&X-Amz-Credential=cas%2F20260527%2Fus-east-1%2Fs3%2Faws4_request&X-Amz-Date=20260527T184835Z&X-Amz-Expires=3600&X-Amz-Signature=807d16e1e63366dd47260bce290f46f1a998007d0d0f1cf2927a039fb0587e85&X-Amz-SignedHeaders=host&X-Xet-Cas-Uid=public&response-content-disposition=inline%3B+filename*%3DUTF-8%27%27model-00004-of-00004.safetensors%3B+filename%3D%22model-00004-of-00004.safetensors%22%3B&x-amz-checksum-mode=ENABLED&x-id=GetObject&Expires=1779911315&Policy=eyJTdGF0ZW1lbnQiOlt7IkNvbmRpdGlvbiI6eyJEYXRlTGVzc1RoYW4iOnsiQVdTOkVwb2NoVGltZSI6MTc3OTkxMTMxNX19LCJSZXNvdXJjZSI6Imh0dHBzOi8vY2FzLWJyaWRnZS54ZXRodWIuaGYuY28veGV0LWJyaWRnZS11cy82NmU4MWNiY2Q2ODNhM2Y0ZTUyOTFiYmYvMjI1NTViNmEzYTIwOTM0MzFmYWNmYjExODA3ZGQ1OTE4NTUxOTZlZTE5Yjg1NDNkY2MwNWE2NmQxNmEzOTg5MioifV19&Signature=M1WFlvl7CGbD7gpuiVgInpsUKCH70ogur9wUGMx-1RfFPYUlIZ8iQVO3taOjynX9Yzu2UqR5QkknKTPcoI4K2BrKC9xHenApEMZ4aqk4po9npuLQLCq9t4nhL00S2-UI7Jwi-3SwJmEvSU%7EF1AVhlzFW588BSqKBMzv%7ESAfSBbM1fNTNg%7ERKc8zZV5wceviTlb72QDQAUjmbDUaCeKR2eIA2smOx3n3w32iy8yIISGMFVq-DzHvzOTuW7vY13g1xSds-2hsEa1Axu%7EEJQvav5zfMGH6hchq8zdgsOs0gxBfaLj3fhZFsgYAMNFlaOZK7LhhYkF7xiBfI94w6zPnRgg__&Key-Pair-Id=K2L8F4GPSG1IFC "HTTP/1.1 200 OK"
2026-05-27 11:50:59,886 | INFO | HTTP Request: HEAD https://huggingface.co/Qwen/Qwen2.5-7B-Instruct/resolve/main/generation_config.json "HTTP/1.1 307 Temporary Redirect"
2026-05-27 11:50:59,917 | INFO | HTTP Request: HEAD https://huggingface.co/api/resolve-cache/models/Qwen/Qwen2.5-7B-Instruct/a09a35458c702b33eeacc393d103063234e8bc28/generation_config.json "HTTP/1.1 200 OK"
2026-05-27 11:50:59,950 | INFO | HTTP Request: GET https://huggingface.co/api/resolve-cache/models/Qwen/Qwen2.5-7B-Instruct/a09a35458c702b33eeacc393d103063234e8bc28/generation_config.json "HTTP/1.1 200 OK"
2026-05-27 11:51:00,027 | INFO | HTTP Request: HEAD https://huggingface.co/Qwen/Qwen2.5-7B-Instruct/resolve/main/custom_generate/generate.py "HTTP/1.1 404 Not Found"
2026-05-27 11:51:00,030 | INFO | Model loaded. Peak GPU memory: 15.23 GB
2026-05-27 11:51:00,042 | INFO | [0] Processing movie_id=460465 batch_id=batch_0
2026-05-27 11:51:00,042 | ERROR | Error on line 0 (movie_id=460465): 'texts'
Traceback (most recent call last):
  File "/gpfs/projects/imt526a/group1/youtube-movie-signals-project/scripts/extract_semantic_features.py", line 278, in main
    system_prompt, user_msg, n_comments = build_prompt(record, args.max_comments_per_batch)
                                          ~~~~~~~~~~~~^^^^^^^^^^^^^^^^^^^^^^^^^^^^^^^^^^^^^
  File "/gpfs/projects/imt526a/group1/youtube-movie-signals-project/scripts/extract_semantic_features.py", line 116, in build_prompt
    comments = record["texts"][:max_comments]
               ~~~~~~^^^^^^^^^
KeyError: 'texts'
2026-05-27 11:51:00,050 | INFO | [1] Processing movie_id=299536 batch_id=batch_1
2026-05-27 11:51:00,050 | ERROR | Error on line 1 (movie_id=299536): 'texts'
Traceback (most recent call last):
  File "/gpfs/projects/imt526a/group1/youtube-movie-signals-project/scripts/extract_semantic_features.py", line 278, in main
    system_prompt, user_msg, n_comments = build_prompt(record, args.max_comments_per_batch)
                                          ~~~~~~~~~~~~^^^^^^^^^^^^^^^^^^^^^^^^^^^^^^^^^^^^^
  File "/gpfs/projects/imt526a/group1/youtube-movie-signals-project/scripts/extract_semantic_features.py", line 116, in build_prompt
    comments = record["texts"][:max_comments]
               ~~~~~~^^^^^^^^^
KeyError: 'texts'
2026-05-27 11:51:00,061 | INFO | [2] Processing movie_id=361743 batch_id=batch_2
2026-05-27 11:51:00,061 | ERROR | Error on line 2 (movie_id=361743): 'texts'
Traceback (most recent call last):
  File "/gpfs/projects/imt526a/group1/youtube-movie-signals-project/scripts/extract_semantic_features.py", line 278, in main
    system_prompt, user_msg, n_comments = build_prompt(record, args.max_comments_per_batch)
                                          ~~~~~~~~~~~~^^^^^^^^^^^^^^^^^^^^^^^^^^^^^^^^^^^^^
  File "/gpfs/projects/imt526a/group1/youtube-movie-signals-project/scripts/extract_semantic_features.py", line 116, in build_prompt
    comments = record["texts"][:max_comments]
               ~~~~~~^^^^^^^^^
KeyError: 'texts'
2026-05-27 11:51:00,069 | INFO | [3] Processing movie_id=634649 batch_id=batch_3
2026-05-27 11:51:00,069 | ERROR | Error on line 3 (movie_id=634649): 'texts'
Traceback (most recent call last):
  File "/gpfs/projects/imt526a/group1/youtube-movie-signals-project/scripts/extract_semantic_features.py", line 278, in main
    system_prompt, user_msg, n_comments = build_prompt(record, args.max_comments_per_batch)
                                          ~~~~~~~~~~~~^^^^^^^^^^^^^^^^^^^^^^^^^^^^^^^^^^^^^
  File "/gpfs/projects/imt526a/group1/youtube-movie-signals-project/scripts/extract_semantic_features.py", line 116, in build_prompt
    comments = record["texts"][:max_comments]
               ~~~~~~^^^^^^^^^
KeyError: 'texts'
2026-05-27 11:51:00,076 | INFO | [4] Processing movie_id=299534 batch_id=batch_4
2026-05-27 11:51:00,076 | ERROR | Error on line 4 (movie_id=299534): 'texts'
Traceback (most recent call last):
  File "/gpfs/projects/imt526a/group1/youtube-movie-signals-project/scripts/extract_semantic_features.py", line 278, in main
    system_prompt, user_msg, n_comments = build_prompt(record, args.max_comments_per_batch)
                                          ~~~~~~~~~~~~^^^^^^^^^^^^^^^^^^^^^^^^^^^^^^^^^^^^^
  File "/gpfs/projects/imt526a/group1/youtube-movie-signals-project/scripts/extract_semantic_features.py", line 116, in build_prompt
    comments = record["texts"][:max_comments]
               ~~~~~~^^^^^^^^^
KeyError: 'texts'
2026-05-27 11:51:00,083 | INFO | [5] Processing movie_id=533535 batch_id=batch_5
2026-05-27 11:51:00,083 | ERROR | Error on line 5 (movie_id=533535): 'texts'
Traceback (most recent call last):
  File "/gpfs/projects/imt526a/group1/youtube-movie-signals-project/scripts/extract_semantic_features.py", line 278, in main
    system_prompt, user_msg, n_comments = build_prompt(record, args.max_comments_per_batch)
                                          ~~~~~~~~~~~~^^^^^^^^^^^^^^^^^^^^^^^^^^^^^^^^^^^^^
  File "/gpfs/projects/imt526a/group1/youtube-movie-signals-project/scripts/extract_semantic_features.py", line 116, in build_prompt
    comments = record["texts"][:max_comments]
               ~~~~~~^^^^^^^^^
KeyError: 'texts'
2026-05-27 11:51:00,089 | INFO | [6] Processing movie_id=1022789 batch_id=batch_6
2026-05-27 11:51:00,089 | ERROR | Error on line 6 (movie_id=1022789): 'texts'
Traceback (most recent call last):
  File "/gpfs/projects/imt526a/group1/youtube-movie-signals-project/scripts/extract_semantic_features.py", line 278, in main
    system_prompt, user_msg, n_comments = build_prompt(record, args.max_comments_per_batch)
                                          ~~~~~~~~~~~~^^^^^^^^^^^^^^^^^^^^^^^^^^^^^^^^^^^^^
  File "/gpfs/projects/imt526a/group1/youtube-movie-signals-project/scripts/extract_semantic_features.py", line 116, in build_prompt
    comments = record["texts"][:max_comments]
               ~~~~~~^^^^^^^^^
KeyError: 'texts'
2026-05-27 11:51:00,098 | INFO | [7] Processing movie_id=872585 batch_id=batch_7
2026-05-27 11:51:00,098 | ERROR | Error on line 7 (movie_id=872585): 'texts'
Traceback (most recent call last):
  File "/gpfs/projects/imt526a/group1/youtube-movie-signals-project/scripts/extract_semantic_features.py", line 278, in main
    system_prompt, user_msg, n_comments = build_prompt(record, args.max_comments_per_batch)
                                          ~~~~~~~~~~~~^^^^^^^^^^^^^^^^^^^^^^^^^^^^^^^^^^^^^
  File "/gpfs/projects/imt526a/group1/youtube-movie-signals-project/scripts/extract_semantic_features.py", line 116, in build_prompt
    comments = record["texts"][:max_comments]
               ~~~~~~^^^^^^^^^
KeyError: 'texts'
2026-05-27 11:51:00,102 | INFO | [8] Processing movie_id=866398 batch_id=batch_8
2026-05-27 11:51:00,102 | ERROR | Error on line 8 (movie_id=866398): 'texts'
Traceback (most recent call last):
  File "/gpfs/projects/imt526a/group1/youtube-movie-signals-project/scripts/extract_semantic_features.py", line 278, in main
    system_prompt, user_msg, n_comments = build_prompt(record, args.max_comments_per_batch)
                                          ~~~~~~~~~~~~^^^^^^^^^^^^^^^^^^^^^^^^^^^^^^^^^^^^^
  File "/gpfs/projects/imt526a/group1/youtube-movie-signals-project/scripts/extract_semantic_features.py", line 116, in build_prompt
    comments = record["texts"][:max_comments]
               ~~~~~~^^^^^^^^^
KeyError: 'texts'
2026-05-27 11:51:00,107 | INFO | [9] Processing movie_id=315635 batch_id=batch_9
2026-05-27 11:51:00,107 | ERROR | Error on line 9 (movie_id=315635): 'texts'
Traceback (most recent call last):
  File "/gpfs/projects/imt526a/group1/youtube-movie-signals-project/scripts/extract_semantic_features.py", line 278, in main
    system_prompt, user_msg, n_comments = build_prompt(record, args.max_comments_per_batch)
                                          ~~~~~~~~~~~~^^^^^^^^^^^^^^^^^^^^^^^^^^^^^^^^^^^^^
  File "/gpfs/projects/imt526a/group1/youtube-movie-signals-project/scripts/extract_semantic_features.py", line 116, in build_prompt
    comments = record["texts"][:max_comments]
               ~~~~~~^^^^^^^^^
KeyError: 'texts'
2026-05-27 11:51:00,115 | INFO | [10] Processing movie_id=438631 batch_id=batch_10
2026-05-27 11:51:00,115 | ERROR | Error on line 10 (movie_id=438631): 'texts'
Traceback (most recent call last):
  File "/gpfs/projects/imt526a/group1/youtube-movie-signals-project/scripts/extract_semantic_features.py", line 278, in main
    system_prompt, user_msg, n_comments = build_prompt(record, args.max_comments_per_batch)
                                          ~~~~~~~~~~~~^^^^^^^^^^^^^^^^^^^^^^^^^^^^^^^^^^^^^
  File "/gpfs/projects/imt526a/group1/youtube-movie-signals-project/scripts/extract_semantic_features.py", line 116, in build_prompt
    comments = record["texts"][:max_comments]
               ~~~~~~^^^^^^^^^
KeyError: 'texts'
2026-05-27 11:51:00,121 | INFO | [11] Processing movie_id=214756 batch_id=batch_11
2026-05-27 11:51:00,122 | ERROR | Error on line 11 (movie_id=214756): 'texts'
Traceback (most recent call last):
  File "/gpfs/projects/imt526a/group1/youtube-movie-signals-project/scripts/extract_semantic_features.py", line 278, in main
    system_prompt, user_msg, n_comments = build_prompt(record, args.max_comments_per_batch)
                                          ~~~~~~~~~~~~^^^^^^^^^^^^^^^^^^^^^^^^^^^^^^^^^^^^^
  File "/gpfs/projects/imt526a/group1/youtube-movie-signals-project/scripts/extract_semantic_features.py", line 116, in build_prompt
    comments = record["texts"][:max_comments]
               ~~~~~~^^^^^^^^^
KeyError: 'texts'
2026-05-27 11:51:00,129 | INFO | [12] Processing movie_id=567609 batch_id=batch_12
2026-05-27 11:51:00,129 | ERROR | Error on line 12 (movie_id=567609): 'texts'
Traceback (most recent call last):
  File "/gpfs/projects/imt526a/group1/youtube-movie-signals-project/scripts/extract_semantic_features.py", line 278, in main
    system_prompt, user_msg, n_comments = build_prompt(record, args.max_comments_per_batch)
                                          ~~~~~~~~~~~~^^^^^^^^^^^^^^^^^^^^^^^^^^^^^^^^^^^^^
  File "/gpfs/projects/imt526a/group1/youtube-movie-signals-project/scripts/extract_semantic_features.py", line 116, in build_prompt
    comments = record["texts"][:max_comments]
               ~~~~~~^^^^^^^^^
KeyError: 'texts'
2026-05-27 11:51:00,136 | INFO | [13] Processing movie_id=346698 batch_id=batch_13
2026-05-27 11:51:00,136 | ERROR | Error on line 13 (movie_id=346698): 'texts'
Traceback (most recent call last):
  File "/gpfs/projects/imt526a/group1/youtube-movie-signals-project/scripts/extract_semantic_features.py", line 278, in main
    system_prompt, user_msg, n_comments = build_prompt(record, args.max_comments_per_batch)
                                          ~~~~~~~~~~~~^^^^^^^^^^^^^^^^^^^^^^^^^^^^^^^^^^^^^
  File "/gpfs/projects/imt526a/group1/youtube-movie-signals-project/scripts/extract_semantic_features.py", line 116, in build_prompt
    comments = record["texts"][:max_comments]
               ~~~~~~^^^^^^^^^
KeyError: 'texts'
2026-05-27 11:51:00,144 | INFO | [14] Processing movie_id=569094 batch_id=batch_14
2026-05-27 11:51:00,144 | ERROR | Error on line 14 (movie_id=569094): 'texts'
Traceback (most recent call last):
  File "/gpfs/projects/imt526a/group1/youtube-movie-signals-project/scripts/extract_semantic_features.py", line 278, in main
    system_prompt, user_msg, n_comments = build_prompt(record, args.max_comments_per_batch)
                                          ~~~~~~~~~~~~^^^^^^^^^^^^^^^^^^^^^^^^^^^^^^^^^^^^^
  File "/gpfs/projects/imt526a/group1/youtube-movie-signals-project/scripts/extract_semantic_features.py", line 116, in build_prompt
    comments = record["texts"][:max_comments]
               ~~~~~~^^^^^^^^^
KeyError: 'texts'
2026-05-27 11:51:00,154 | INFO | [15] Processing movie_id=335984 batch_id=batch_15
2026-05-27 11:51:00,154 | ERROR | Error on line 15 (movie_id=335984): 'texts'
Traceback (most recent call last):
  File "/gpfs/projects/imt526a/group1/youtube-movie-signals-project/scripts/extract_semantic_features.py", line 278, in main
    system_prompt, user_msg, n_comments = build_prompt(record, args.max_comments_per_batch)
                                          ~~~~~~~~~~~~^^^^^^^^^^^^^^^^^^^^^^^^^^^^^^^^^^^^^
  File "/gpfs/projects/imt526a/group1/youtube-movie-signals-project/scripts/extract_semantic_features.py", line 116, in build_prompt
    comments = record["texts"][:max_comments]
               ~~~~~~^^^^^^^^^
KeyError: 'texts'
2026-05-27 11:51:00,160 | INFO | [16] Processing movie_id=664767 batch_id=batch_16
2026-05-27 11:51:00,160 | ERROR | Error on line 16 (movie_id=664767): 'texts'
Traceback (most recent call last):
  File "/gpfs/projects/imt526a/group1/youtube-movie-signals-project/scripts/extract_semantic_features.py", line 278, in main
    system_prompt, user_msg, n_comments = build_prompt(record, args.max_comments_per_batch)
                                          ~~~~~~~~~~~~^^^^^^^^^^^^^^^^^^^^^^^^^^^^^^^^^^^^^
  File "/gpfs/projects/imt526a/group1/youtube-movie-signals-project/scripts/extract_semantic_features.py", line 116, in build_prompt
    comments = record["texts"][:max_comments]
               ~~~~~~^^^^^^^^^
KeyError: 'texts'
2026-05-27 11:51:00,168 | INFO | [17] Processing movie_id=429617 batch_id=batch_17
2026-05-27 11:51:00,168 | ERROR | Error on line 17 (movie_id=429617): 'texts'
Traceback (most recent call last):
  File "/gpfs/projects/imt526a/group1/youtube-movie-signals-project/scripts/extract_semantic_features.py", line 278, in main
    system_prompt, user_msg, n_comments = build_prompt(record, args.max_comments_per_batch)
                                          ~~~~~~~~~~~~^^^^^^^^^^^^^^^^^^^^^^^^^^^^^^^^^^^^^
  File "/gpfs/projects/imt526a/group1/youtube-movie-signals-project/scripts/extract_semantic_features.py", line 116, in build_prompt
    comments = record["texts"][:max_comments]
               ~~~~~~^^^^^^^^^
KeyError: 'texts'
2026-05-27 11:51:00,175 | INFO | [18] Processing movie_id=693134 batch_id=batch_18
2026-05-27 11:51:00,176 | ERROR | Error on line 18 (movie_id=693134): 'texts'
Traceback (most recent call last):
  File "/gpfs/projects/imt526a/group1/youtube-movie-signals-project/scripts/extract_semantic_features.py", line 278, in main
    system_prompt, user_msg, n_comments = build_prompt(record, args.max_comments_per_batch)
                                          ~~~~~~~~~~~~^^^^^^^^^^^^^^^^^^^^^^^^^^^^^^^^^^^^^
  File "/gpfs/projects/imt526a/group1/youtube-movie-signals-project/scripts/extract_semantic_features.py", line 116, in build_prompt
    comments = record["texts"][:max_comments]
               ~~~~~~^^^^^^^^^
KeyError: 'texts'
2026-05-27 11:51:00,179 | INFO | [19] Processing movie_id=985939 batch_id=batch_19
2026-05-27 11:51:00,179 | ERROR | Error on line 19 (movie_id=985939): 'texts'
Traceback (most recent call last):
  File "/gpfs/projects/imt526a/group1/youtube-movie-signals-project/scripts/extract_semantic_features.py", line 278, in main
    system_prompt, user_msg, n_comments = build_prompt(record, args.max_comments_per_batch)
                                          ~~~~~~~~~~~~^^^^^^^^^^^^^^^^^^^^^^^^^^^^^^^^^^^^^
  File "/gpfs/projects/imt526a/group1/youtube-movie-signals-project/scripts/extract_semantic_features.py", line 116, in build_prompt
    comments = record["texts"][:max_comments]
               ~~~~~~^^^^^^^^^
KeyError: 'texts'
2026-05-27 11:51:00,186 | INFO | [20] Processing movie_id=939243 batch_id=batch_20
2026-05-27 11:51:00,186 | ERROR | Error on line 20 (movie_id=939243): 'texts'
Traceback (most recent call last):
  File "/gpfs/projects/imt526a/group1/youtube-movie-signals-project/scripts/extract_semantic_features.py", line 278, in main
    system_prompt, user_msg, n_comments = build_prompt(record, args.max_comments_per_batch)
                                          ~~~~~~~~~~~~^^^^^^^^^^^^^^^^^^^^^^^^^^^^^^^^^^^^^
  File "/gpfs/projects/imt526a/group1/youtube-movie-signals-project/scripts/extract_semantic_features.py", line 116, in build_prompt
    comments = record["texts"][:max_comments]
               ~~~~~~^^^^^^^^^
KeyError: 'texts'
2026-05-27 11:51:00,194 | INFO | [21] Processing movie_id=216015 batch_id=batch_21
2026-05-27 11:51:00,194 | ERROR | Error on line 21 (movie_id=216015): 'texts'
Traceback (most recent call last):
  File "/gpfs/projects/imt526a/group1/youtube-movie-signals-project/scripts/extract_semantic_features.py", line 278, in main
    system_prompt, user_msg, n_comments = build_prompt(record, args.max_comments_per_batch)
                                          ~~~~~~~~~~~~^^^^^^^^^^^^^^^^^^^^^^^^^^^^^^^^^^^^^
  File "/gpfs/projects/imt526a/group1/youtube-movie-signals-project/scripts/extract_semantic_features.py", line 116, in build_prompt
    comments = record["texts"][:max_comments]
               ~~~~~~^^^^^^^^^
KeyError: 'texts'
2026-05-27 11:51:00,197 | INFO | [22] Processing movie_id=514847 batch_id=batch_22
2026-05-27 11:51:00,197 | ERROR | Error on line 22 (movie_id=514847): 'texts'
Traceback (most recent call last):
  File "/gpfs/projects/imt526a/group1/youtube-movie-signals-project/scripts/extract_semantic_features.py", line 278, in main
    system_prompt, user_msg, n_comments = build_prompt(record, args.max_comments_per_batch)
                                          ~~~~~~~~~~~~^^^^^^^^^^^^^^^^^^^^^^^^^^^^^^^^^^^^^
  File "/gpfs/projects/imt526a/group1/youtube-movie-signals-project/scripts/extract_semantic_features.py", line 116, in build_prompt
    comments = record["texts"][:max_comments]
               ~~~~~~^^^^^^^^^
KeyError: 'texts'
2026-05-27 11:51:00,205 | INFO | [23] Processing movie_id=414906 batch_id=batch_23
2026-05-27 11:51:00,205 | ERROR | Error on line 23 (movie_id=414906): 'texts'
Traceback (most recent call last):
  File "/gpfs/projects/imt526a/group1/youtube-movie-signals-project/scripts/extract_semantic_features.py", line 278, in main
    system_prompt, user_msg, n_comments = build_prompt(record, args.max_comments_per_batch)
                                          ~~~~~~~~~~~~^^^^^^^^^^^^^^^^^^^^^^^^^^^^^^^^^^^^^
  File "/gpfs/projects/imt526a/group1/youtube-movie-signals-project/scripts/extract_semantic_features.py", line 116, in build_prompt
    comments = record["texts"][:max_comments]
               ~~~~~~^^^^^^^^^
KeyError: 'texts'
2026-05-27 11:51:00,212 | INFO | [24] Processing movie_id=337167 batch_id=batch_24
2026-05-27 11:51:00,212 | ERROR | Error on line 24 (movie_id=337167): 'texts'
Traceback (most recent call last):
  File "/gpfs/projects/imt526a/group1/youtube-movie-signals-project/scripts/extract_semantic_features.py", line 278, in main
    system_prompt, user_msg, n_comments = build_prompt(record, args.max_comments_per_batch)
                                          ~~~~~~~~~~~~^^^^^^^^^^^^^^^^^^^^^^^^^^^^^^^^^^^^^
  File "/gpfs/projects/imt526a/group1/youtube-movie-signals-project/scripts/extract_semantic_features.py", line 116, in build_prompt
    comments = record["texts"][:max_comments]
               ~~~~~~^^^^^^^^^
KeyError: 'texts'
2026-05-27 11:51:00,220 | INFO | [25] Processing movie_id=385687 batch_id=batch_25
2026-05-27 11:51:00,220 | ERROR | Error on line 25 (movie_id=385687): 'texts'
Traceback (most recent call last):
  File "/gpfs/projects/imt526a/group1/youtube-movie-signals-project/scripts/extract_semantic_features.py", line 278, in main
    system_prompt, user_msg, n_comments = build_prompt(record, args.max_comments_per_batch)
                                          ~~~~~~~~~~~~^^^^^^^^^^^^^^^^^^^^^^^^^^^^^^^^^^^^^
  File "/gpfs/projects/imt526a/group1/youtube-movie-signals-project/scripts/extract_semantic_features.py", line 116, in build_prompt
    comments = record["texts"][:max_comments]
               ~~~~~~^^^^^^^^^
KeyError: 'texts'
2026-05-27 11:51:00,228 | INFO | [26] Processing movie_id=933260 batch_id=batch_26
2026-05-27 11:51:00,228 | ERROR | Error on line 26 (movie_id=933260): 'texts'
Traceback (most recent call last):
  File "/gpfs/projects/imt526a/group1/youtube-movie-signals-project/scripts/extract_semantic_features.py", line 278, in main
    system_prompt, user_msg, n_comments = build_prompt(record, args.max_comments_per_batch)
                                          ~~~~~~~~~~~~^^^^^^^^^^^^^^^^^^^^^^^^^^^^^^^^^^^^^
  File "/gpfs/projects/imt526a/group1/youtube-movie-signals-project/scripts/extract_semantic_features.py", line 116, in build_prompt
    comments = record["texts"][:max_comments]
               ~~~~~~^^^^^^^^^
KeyError: 'texts'
2026-05-27 11:51:00,236 | INFO | [27] Processing movie_id=603692 batch_id=batch_27
2026-05-27 11:51:00,236 | ERROR | Error on line 27 (movie_id=603692): 'texts'
Traceback (most recent call last):
  File "/gpfs/projects/imt526a/group1/youtube-movie-signals-project/scripts/extract_semantic_features.py", line 278, in main
    system_prompt, user_msg, n_comments = build_prompt(record, args.max_comments_per_batch)
                                          ~~~~~~~~~~~~^^^^^^^^^^^^^^^^^^^^^^^^^^^^^^^^^^^^^
  File "/gpfs/projects/imt526a/group1/youtube-movie-signals-project/scripts/extract_semantic_features.py", line 116, in build_prompt
    comments = record["texts"][:max_comments]
               ~~~~~~^^^^^^^^^
KeyError: 'texts'
2026-05-27 11:51:00,238 | INFO | [28] Processing movie_id=76600 batch_id=batch_28
2026-05-27 11:51:00,238 | ERROR | Error on line 28 (movie_id=76600): 'texts'
Traceback (most recent call last):
  File "/gpfs/projects/imt526a/group1/youtube-movie-signals-project/scripts/extract_semantic_features.py", line 278, in main
    system_prompt, user_msg, n_comments = build_prompt(record, args.max_comments_per_batch)
                                          ~~~~~~~~~~~~^^^^^^^^^^^^^^^^^^^^^^^^^^^^^^^^^^^^^
  File "/gpfs/projects/imt526a/group1/youtube-movie-signals-project/scripts/extract_semantic_features.py", line 116, in build_prompt
    comments = record["texts"][:max_comments]
               ~~~~~~^^^^^^^^^
KeyError: 'texts'
2026-05-27 11:51:00,246 | INFO | [29] Processing movie_id=181808 batch_id=batch_29
2026-05-27 11:51:00,246 | ERROR | Error on line 29 (movie_id=181808): 'texts'
Traceback (most recent call last):
  File "/gpfs/projects/imt526a/group1/youtube-movie-signals-project/scripts/extract_semantic_features.py", line 278, in main
    system_prompt, user_msg, n_comments = build_prompt(record, args.max_comments_per_batch)
                                          ~~~~~~~~~~~~^^^^^^^^^^^^^^^^^^^^^^^^^^^^^^^^^^^^^
  File "/gpfs/projects/imt526a/group1/youtube-movie-signals-project/scripts/extract_semantic_features.py", line 116, in build_prompt
    comments = record["texts"][:max_comments]
               ~~~~~~^^^^^^^^^
KeyError: 'texts'
2026-05-27 11:51:00,254 | INFO | [30] Processing movie_id=402431 batch_id=batch_30
2026-05-27 11:51:00,254 | ERROR | Error on line 30 (movie_id=402431): 'texts'
Traceback (most recent call last):
  File "/gpfs/projects/imt526a/group1/youtube-movie-signals-project/scripts/extract_semantic_features.py", line 278, in main
    system_prompt, user_msg, n_comments = build_prompt(record, args.max_comments_per_batch)
                                          ~~~~~~~~~~~~^^^^^^^^^^^^^^^^^^^^^^^^^^^^^^^^^^^^^
  File "/gpfs/projects/imt526a/group1/youtube-movie-signals-project/scripts/extract_semantic_features.py", line 116, in build_prompt
    comments = record["texts"][:max_comments]
               ~~~~~~^^^^^^^^^
KeyError: 'texts'
2026-05-27 11:51:00,259 | INFO | [31] Processing movie_id=637649 batch_id=batch_31
2026-05-27 11:51:00,259 | ERROR | Error on line 31 (movie_id=637649): 'texts'
Traceback (most recent call last):
  File "/gpfs/projects/imt526a/group1/youtube-movie-signals-project/scripts/extract_semantic_features.py", line 278, in main
    system_prompt, user_msg, n_comments = build_prompt(record, args.max_comments_per_batch)
                                          ~~~~~~~~~~~~^^^^^^^^^^^^^^^^^^^^^^^^^^^^^^^^^^^^^
  File "/gpfs/projects/imt526a/group1/youtube-movie-signals-project/scripts/extract_semantic_features.py", line 116, in build_prompt
    comments = record["texts"][:max_comments]
               ~~~~~~^^^^^^^^^
KeyError: 'texts'
2026-05-27 11:51:00,266 | INFO | [32] Processing movie_id=508947 batch_id=batch_32
2026-05-27 11:51:00,266 | ERROR | Error on line 32 (movie_id=508947): 'texts'
Traceback (most recent call last):
  File "/gpfs/projects/imt526a/group1/youtube-movie-signals-project/scripts/extract_semantic_features.py", line 278, in main
    system_prompt, user_msg, n_comments = build_prompt(record, args.max_comments_per_batch)
                                          ~~~~~~~~~~~~^^^^^^^^^^^^^^^^^^^^^^^^^^^^^^^^^^^^^
  File "/gpfs/projects/imt526a/group1/youtube-movie-signals-project/scripts/extract_semantic_features.py", line 116, in build_prompt
    comments = record["texts"][:max_comments]
               ~~~~~~^^^^^^^^^
KeyError: 'texts'
2026-05-27 11:51:00,273 | INFO | [33] Processing movie_id=284054 batch_id=batch_33
2026-05-27 11:51:00,273 | ERROR | Error on line 33 (movie_id=284054): 'texts'
Traceback (most recent call last):
  File "/gpfs/projects/imt526a/group1/youtube-movie-signals-project/scripts/extract_semantic_features.py", line 278, in main
    system_prompt, user_msg, n_comments = build_prompt(record, args.max_comments_per_batch)
                                          ~~~~~~~~~~~~^^^^^^^^^^^^^^^^^^^^^^^^^^^^^^^^^^^^^
  File "/gpfs/projects/imt526a/group1/youtube-movie-signals-project/scripts/extract_semantic_features.py", line 116, in build_prompt
    comments = record["texts"][:max_comments]
               ~~~~~~^^^^^^^^^
KeyError: 'texts'
2026-05-27 11:51:00,281 | INFO | [34] Processing movie_id=945961 batch_id=batch_34
2026-05-27 11:51:00,281 | ERROR | Error on line 34 (movie_id=945961): 'texts'
Traceback (most recent call last):
  File "/gpfs/projects/imt526a/group1/youtube-movie-signals-project/scripts/extract_semantic_features.py", line 278, in main
    system_prompt, user_msg, n_comments = build_prompt(record, args.max_comments_per_batch)
                                          ~~~~~~~~~~~~^^^^^^^^^^^^^^^^^^^^^^^^^^^^^^^^^^^^^
  File "/gpfs/projects/imt526a/group1/youtube-movie-signals-project/scripts/extract_semantic_features.py", line 116, in build_prompt
    comments = record["texts"][:max_comments]
               ~~~~~~^^^^^^^^^
KeyError: 'texts'
2026-05-27 11:51:00,290 | INFO | [35] Processing movie_id=209112 batch_id=batch_35
2026-05-27 11:51:00,290 | ERROR | Error on line 35 (movie_id=209112): 'texts'
Traceback (most recent call last):
  File "/gpfs/projects/imt526a/group1/youtube-movie-signals-project/scripts/extract_semantic_features.py", line 278, in main
    system_prompt, user_msg, n_comments = build_prompt(record, args.max_comments_per_batch)
                                          ~~~~~~~~~~~~^^^^^^^^^^^^^^^^^^^^^^^^^^^^^^^^^^^^^
  File "/gpfs/projects/imt526a/group1/youtube-movie-signals-project/scripts/extract_semantic_features.py", line 116, in build_prompt
    comments = record["texts"][:max_comments]
               ~~~~~~^^^^^^^^^
KeyError: 'texts'
2026-05-27 11:51:00,297 | INFO | [36] Processing movie_id=823464 batch_id=batch_36
2026-05-27 11:51:00,297 | ERROR | Error on line 36 (movie_id=823464): 'texts'
Traceback (most recent call last):
  File "/gpfs/projects/imt526a/group1/youtube-movie-signals-project/scripts/extract_semantic_features.py", line 278, in main
    system_prompt, user_msg, n_comments = build_prompt(record, args.max_comments_per_batch)
                                          ~~~~~~~~~~~~^^^^^^^^^^^^^^^^^^^^^^^^^^^^^^^^^^^^^
  File "/gpfs/projects/imt526a/group1/youtube-movie-signals-project/scripts/extract_semantic_features.py", line 116, in build_prompt
    comments = record["texts"][:max_comments]
               ~~~~~~^^^^^^^^^
KeyError: 'texts'
2026-05-27 11:51:00,342 | INFO | [37] Processing movie_id=324786 batch_id=batch_37
2026-05-27 11:51:00,342 | ERROR | Error on line 37 (movie_id=324786): 'texts'
Traceback (most recent call last):
  File "/gpfs/projects/imt526a/group1/youtube-movie-signals-project/scripts/extract_semantic_features.py", line 278, in main
    system_prompt, user_msg, n_comments = build_prompt(record, args.max_comments_per_batch)
                                          ~~~~~~~~~~~~^^^^^^^^^^^^^^^^^^^^^^^^^^^^^^^^^^^^^
  File "/gpfs/projects/imt526a/group1/youtube-movie-signals-project/scripts/extract_semantic_features.py", line 116, in build_prompt
    comments = record["texts"][:max_comments]
               ~~~~~~^^^^^^^^^
KeyError: 'texts'
2026-05-27 11:51:00,353 | INFO | [38] Processing movie_id=337404 batch_id=batch_38
2026-05-27 11:51:00,353 | ERROR | Error on line 38 (movie_id=337404): 'texts'
Traceback (most recent call last):
  File "/gpfs/projects/imt526a/group1/youtube-movie-signals-project/scripts/extract_semantic_features.py", line 278, in main
    system_prompt, user_msg, n_comments = build_prompt(record, args.max_comments_per_batch)
                                          ~~~~~~~~~~~~^^^^^^^^^^^^^^^^^^^^^^^^^^^^^^^^^^^^^
  File "/gpfs/projects/imt526a/group1/youtube-movie-signals-project/scripts/extract_semantic_features.py", line 116, in build_prompt
    comments = record["texts"][:max_comments]
               ~~~~~~^^^^^^^^^
KeyError: 'texts'
2026-05-27 11:51:00,361 | INFO | [39] Processing movie_id=475557 batch_id=batch_39
2026-05-27 11:51:00,361 | ERROR | Error on line 39 (movie_id=475557): 'texts'
Traceback (most recent call last):
  File "/gpfs/projects/imt526a/group1/youtube-movie-signals-project/scripts/extract_semantic_features.py", line 278, in main
    system_prompt, user_msg, n_comments = build_prompt(record, args.max_comments_per_batch)
                                          ~~~~~~~~~~~~^^^^^^^^^^^^^^^^^^^^^^^^^^^^^^^^^^^^^
  File "/gpfs/projects/imt526a/group1/youtube-movie-signals-project/scripts/extract_semantic_features.py", line 116, in build_prompt
    comments = record["texts"][:max_comments]
               ~~~~~~^^^^^^^^^
KeyError: 'texts'
2026-05-27 11:51:00,370 | INFO | [40] Processing movie_id=453395 batch_id=batch_40
2026-05-27 11:51:00,370 | ERROR | Error on line 40 (movie_id=453395): 'texts'
Traceback (most recent call last):
  File "/gpfs/projects/imt526a/group1/youtube-movie-signals-project/scripts/extract_semantic_features.py", line 278, in main
    system_prompt, user_msg, n_comments = build_prompt(record, args.max_comments_per_batch)
                                          ~~~~~~~~~~~~^^^^^^^^^^^^^^^^^^^^^^^^^^^^^^^^^^^^^
  File "/gpfs/projects/imt526a/group1/youtube-movie-signals-project/scripts/extract_semantic_features.py", line 116, in build_prompt
    comments = record["texts"][:max_comments]
               ~~~~~~^^^^^^^^^
KeyError: 'texts'
2026-05-27 11:51:00,378 | INFO | [41] Processing movie_id=76341 batch_id=batch_41
2026-05-27 11:51:00,378 | ERROR | Error on line 41 (movie_id=76341): 'texts'
Traceback (most recent call last):
  File "/gpfs/projects/imt526a/group1/youtube-movie-signals-project/scripts/extract_semantic_features.py", line 278, in main
    system_prompt, user_msg, n_comments = build_prompt(record, args.max_comments_per_batch)
                                          ~~~~~~~~~~~~^^^^^^^^^^^^^^^^^^^^^^^^^^^^^^^^^^^^^
  File "/gpfs/projects/imt526a/group1/youtube-movie-signals-project/scripts/extract_semantic_features.py", line 116, in build_prompt
    comments = record["texts"][:max_comments]
               ~~~~~~^^^^^^^^^
KeyError: 'texts'
2026-05-27 11:51:00,386 | INFO | [42] Processing movie_id=762509 batch_id=batch_42
2026-05-27 11:51:00,386 | ERROR | Error on line 42 (movie_id=762509): 'texts'
Traceback (most recent call last):
  File "/gpfs/projects/imt526a/group1/youtube-movie-signals-project/scripts/extract_semantic_features.py", line 278, in main
    system_prompt, user_msg, n_comments = build_prompt(record, args.max_comments_per_batch)
                                          ~~~~~~~~~~~~^^^^^^^^^^^^^^^^^^^^^^^^^^^^^^^^^^^^^
  File "/gpfs/projects/imt526a/group1/youtube-movie-signals-project/scripts/extract_semantic_features.py", line 116, in build_prompt
    comments = record["texts"][:max_comments]
               ~~~~~~^^^^^^^^^
KeyError: 'texts'
2026-05-27 11:51:00,394 | INFO | [43] Processing movie_id=99861 batch_id=batch_43
2026-05-27 11:51:00,394 | ERROR | Error on line 43 (movie_id=99861): 'texts'
Traceback (most recent call last):
  File "/gpfs/projects/imt526a/group1/youtube-movie-signals-project/scripts/extract_semantic_features.py", line 278, in main
    system_prompt, user_msg, n_comments = build_prompt(record, args.max_comments_per_batch)
                                          ~~~~~~~~~~~~^^^^^^^^^^^^^^^^^^^^^^^^^^^^^^^^^^^^^
  File "/gpfs/projects/imt526a/group1/youtube-movie-signals-project/scripts/extract_semantic_features.py", line 116, in build_prompt
    comments = record["texts"][:max_comments]
               ~~~~~~^^^^^^^^^
KeyError: 'texts'
2026-05-27 11:51:00,401 | INFO | [44] Processing movie_id=297762 batch_id=batch_44
2026-05-27 11:51:00,401 | ERROR | Error on line 44 (movie_id=297762): 'texts'
Traceback (most recent call last):
  File "/gpfs/projects/imt526a/group1/youtube-movie-signals-project/scripts/extract_semantic_features.py", line 278, in main
    system_prompt, user_msg, n_comments = build_prompt(record, args.max_comments_per_batch)
                                          ~~~~~~~~~~~~^^^^^^^^^^^^^^^^^^^^^^^^^^^^^^^^^^^^^
  File "/gpfs/projects/imt526a/group1/youtube-movie-signals-project/scripts/extract_semantic_features.py", line 116, in build_prompt
    comments = record["texts"][:max_comments]
               ~~~~~~^^^^^^^^^
KeyError: 'texts'
2026-05-27 11:51:00,408 | INFO | [45] Processing movie_id=436969 batch_id=batch_45
2026-05-27 11:51:00,409 | ERROR | Error on line 45 (movie_id=436969): 'texts'
Traceback (most recent call last):
  File "/gpfs/projects/imt526a/group1/youtube-movie-signals-project/scripts/extract_semantic_features.py", line 278, in main
    system_prompt, user_msg, n_comments = build_prompt(record, args.max_comments_per_batch)
                                          ~~~~~~~~~~~~^^^^^^^^^^^^^^^^^^^^^^^^^^^^^^^^^^^^^
  File "/gpfs/projects/imt526a/group1/youtube-movie-signals-project/scripts/extract_semantic_features.py", line 116, in build_prompt
    comments = record["texts"][:max_comments]
               ~~~~~~^^^^^^^^^
KeyError: 'texts'
2026-05-27 11:51:00,416 | INFO | [46] Processing movie_id=653346 batch_id=batch_46
2026-05-27 11:51:00,416 | ERROR | Error on line 46 (movie_id=653346): 'texts'
Traceback (most recent call last):
  File "/gpfs/projects/imt526a/group1/youtube-movie-signals-project/scripts/extract_semantic_features.py", line 278, in main
    system_prompt, user_msg, n_comments = build_prompt(record, args.max_comments_per_batch)
                                          ~~~~~~~~~~~~^^^^^^^^^^^^^^^^^^^^^^^^^^^^^^^^^^^^^
  File "/gpfs/projects/imt526a/group1/youtube-movie-signals-project/scripts/extract_semantic_features.py", line 116, in build_prompt
    comments = record["texts"][:max_comments]
               ~~~~~~^^^^^^^^^
KeyError: 'texts'
2026-05-27 11:51:00,418 | INFO | [47] Processing movie_id=293660 batch_id=batch_47
2026-05-27 11:51:00,418 | ERROR | Error on line 47 (movie_id=293660): 'texts'
Traceback (most recent call last):
  File "/gpfs/projects/imt526a/group1/youtube-movie-signals-project/scripts/extract_semantic_features.py", line 278, in main
    system_prompt, user_msg, n_comments = build_prompt(record, args.max_comments_per_batch)
                                          ~~~~~~~~~~~~^^^^^^^^^^^^^^^^^^^^^^^^^^^^^^^^^^^^^
  File "/gpfs/projects/imt526a/group1/youtube-movie-signals-project/scripts/extract_semantic_features.py", line 116, in build_prompt
    comments = record["texts"][:max_comments]
               ~~~~~~^^^^^^^^^
KeyError: 'texts'
2026-05-27 11:51:00,426 | INFO | [48] Processing movie_id=168259 batch_id=batch_48
2026-05-27 11:51:00,426 | ERROR | Error on line 48 (movie_id=168259): 'texts'
Traceback (most recent call last):
  File "/gpfs/projects/imt526a/group1/youtube-movie-signals-project/scripts/extract_semantic_features.py", line 278, in main
    system_prompt, user_msg, n_comments = build_prompt(record, args.max_comments_per_batch)
                                          ~~~~~~~~~~~~^^^^^^^^^^^^^^^^^^^^^^^^^^^^^^^^^^^^^
  File "/gpfs/projects/imt526a/group1/youtube-movie-signals-project/scripts/extract_semantic_features.py", line 116, in build_prompt
    comments = record["texts"][:max_comments]
               ~~~~~~^^^^^^^^^
KeyError: 'texts'
2026-05-27 11:51:00,434 | INFO | [49] Processing movie_id=286217 batch_id=batch_49
2026-05-27 11:51:00,435 | ERROR | Error on line 49 (movie_id=286217): 'texts'
Traceback (most recent call last):
  File "/gpfs/projects/imt526a/group1/youtube-movie-signals-project/scripts/extract_semantic_features.py", line 278, in main
    system_prompt, user_msg, n_comments = build_prompt(record, args.max_comments_per_batch)
                                          ~~~~~~~~~~~~^^^^^^^^^^^^^^^^^^^^^^^^^^^^^^^^^^^^^
  File "/gpfs/projects/imt526a/group1/youtube-movie-signals-project/scripts/extract_semantic_features.py", line 116, in build_prompt
    comments = record["texts"][:max_comments]
               ~~~~~~^^^^^^^^^
KeyError: 'texts'
2026-05-27 11:51:00,445 | INFO | [50] Processing movie_id=447365 batch_id=batch_50
2026-05-27 11:51:00,445 | ERROR | Error on line 50 (movie_id=447365): 'texts'
Traceback (most recent call last):
  File "/gpfs/projects/imt526a/group1/youtube-movie-signals-project/scripts/extract_semantic_features.py", line 278, in main
    system_prompt, user_msg, n_comments = build_prompt(record, args.max_comments_per_batch)
                                          ~~~~~~~~~~~~^^^^^^^^^^^^^^^^^^^^^^^^^^^^^^^^^^^^^
  File "/gpfs/projects/imt526a/group1/youtube-movie-signals-project/scripts/extract_semantic_features.py", line 116, in build_prompt
    comments = record["texts"][:max_comments]
               ~~~~~~^^^^^^^^^
KeyError: 'texts'
2026-05-27 11:51:00,455 | INFO | [51] Processing movie_id=359410 batch_id=batch_51
2026-05-27 11:51:00,455 | ERROR | Error on line 51 (movie_id=359410): 'texts'
Traceback (most recent call last):
  File "/gpfs/projects/imt526a/group1/youtube-movie-signals-project/scripts/extract_semantic_features.py", line 278, in main
    system_prompt, user_msg, n_comments = build_prompt(record, args.max_comments_per_batch)
                                          ~~~~~~~~~~~~^^^^^^^^^^^^^^^^^^^^^^^^^^^^^^^^^^^^^
  File "/gpfs/projects/imt526a/group1/youtube-movie-signals-project/scripts/extract_semantic_features.py", line 116, in build_prompt
    comments = record["texts"][:max_comments]
               ~~~~~~^^^^^^^^^
KeyError: 'texts'
2026-05-27 11:51:00,466 | INFO | [52] Processing movie_id=313369 batch_id=batch_52
2026-05-27 11:51:00,466 | ERROR | Error on line 52 (movie_id=313369): 'texts'
Traceback (most recent call last):
  File "/gpfs/projects/imt526a/group1/youtube-movie-signals-project/scripts/extract_semantic_features.py", line 278, in main
    system_prompt, user_msg, n_comments = build_prompt(record, args.max_comments_per_batch)
                                          ~~~~~~~~~~~~^^^^^^^^^^^^^^^^^^^^^^^^^^^^^^^^^^^^^
  File "/gpfs/projects/imt526a/group1/youtube-movie-signals-project/scripts/extract_semantic_features.py", line 116, in build_prompt
    comments = record["texts"][:max_comments]
               ~~~~~~^^^^^^^^^
KeyError: 'texts'
2026-05-27 11:51:00,470 | INFO | [53] Processing movie_id=524047 batch_id=batch_53
2026-05-27 11:51:00,470 | ERROR | Error on line 53 (movie_id=524047): 'texts'
Traceback (most recent call last):
  File "/gpfs/projects/imt526a/group1/youtube-movie-signals-project/scripts/extract_semantic_features.py", line 278, in main
    system_prompt, user_msg, n_comments = build_prompt(record, args.max_comments_per_batch)
                                          ~~~~~~~~~~~~^^^^^^^^^^^^^^^^^^^^^^^^^^^^^^^^^^^^^
  File "/gpfs/projects/imt526a/group1/youtube-movie-signals-project/scripts/extract_semantic_features.py", line 116, in build_prompt
    comments = record["texts"][:max_comments]
               ~~~~~~^^^^^^^^^
KeyError: 'texts'
2026-05-27 11:51:00,478 | INFO | [54] Processing movie_id=271110 batch_id=batch_54
2026-05-27 11:51:00,478 | ERROR | Error on line 54 (movie_id=271110): 'texts'
Traceback (most recent call last):
  File "/gpfs/projects/imt526a/group1/youtube-movie-signals-project/scripts/extract_semantic_features.py", line 278, in main
    system_prompt, user_msg, n_comments = build_prompt(record, args.max_comments_per_batch)
                                          ~~~~~~~~~~~~^^^^^^^^^^^^^^^^^^^^^^^^^^^^^^^^^^^^^
  File "/gpfs/projects/imt526a/group1/youtube-movie-signals-project/scripts/extract_semantic_features.py", line 116, in build_prompt
    comments = record["texts"][:max_comments]
               ~~~~~~^^^^^^^^^
KeyError: 'texts'
2026-05-27 11:51:00,482 | INFO | [55] Processing movie_id=572802 batch_id=batch_55
2026-05-27 11:51:00,482 | ERROR | Error on line 55 (movie_id=572802): 'texts'
Traceback (most recent call last):
  File "/gpfs/projects/imt526a/group1/youtube-movie-signals-project/scripts/extract_semantic_features.py", line 278, in main
    system_prompt, user_msg, n_comments = build_prompt(record, args.max_comments_per_batch)
                                          ~~~~~~~~~~~~^^^^^^^^^^^^^^^^^^^^^^^^^^^^^^^^^^^^^
  File "/gpfs/projects/imt526a/group1/youtube-movie-signals-project/scripts/extract_semantic_features.py", line 116, in build_prompt
    comments = record["texts"][:max_comments]
               ~~~~~~^^^^^^^^^
KeyError: 'texts'
2026-05-27 11:51:00,489 | INFO | [56] Processing movie_id=573435 batch_id=batch_56
2026-05-27 11:51:00,489 | ERROR | Error on line 56 (movie_id=573435): 'texts'
Traceback (most recent call last):
  File "/gpfs/projects/imt526a/group1/youtube-movie-signals-project/scripts/extract_semantic_features.py", line 278, in main
    system_prompt, user_msg, n_comments = build_prompt(record, args.max_comments_per_batch)
                                          ~~~~~~~~~~~~^^^^^^^^^^^^^^^^^^^^^^^^^^^^^^^^^^^^^
  File "/gpfs/projects/imt526a/group1/youtube-movie-signals-project/scripts/extract_semantic_features.py", line 116, in build_prompt
    comments = record["texts"][:max_comments]
               ~~~~~~^^^^^^^^^
KeyError: 'texts'
2026-05-27 11:51:00,500 | INFO | [57] Processing movie_id=766507 batch_id=batch_57
2026-05-27 11:51:00,500 | ERROR | Error on line 57 (movie_id=766507): 'texts'
Traceback (most recent call last):
  File "/gpfs/projects/imt526a/group1/youtube-movie-signals-project/scripts/extract_semantic_features.py", line 278, in main
    system_prompt, user_msg, n_comments = build_prompt(record, args.max_comments_per_batch)
                                          ~~~~~~~~~~~~^^^^^^^^^^^^^^^^^^^^^^^^^^^^^^^^^^^^^
  File "/gpfs/projects/imt526a/group1/youtube-movie-signals-project/scripts/extract_semantic_features.py", line 116, in build_prompt
    comments = record["texts"][:max_comments]
               ~~~~~~^^^^^^^^^
KeyError: 'texts'
2026-05-27 11:51:00,509 | INFO | [58] Processing movie_id=558449 batch_id=batch_58
2026-05-27 11:51:00,509 | ERROR | Error on line 58 (movie_id=558449): 'texts'
Traceback (most recent call last):
  File "/gpfs/projects/imt526a/group1/youtube-movie-signals-project/scripts/extract_semantic_features.py", line 278, in main
    system_prompt, user_msg, n_comments = build_prompt(record, args.max_comments_per_batch)
                                          ~~~~~~~~~~~~^^^^^^^^^^^^^^^^^^^^^^^^^^^^^^^^^^^^^
  File "/gpfs/projects/imt526a/group1/youtube-movie-signals-project/scripts/extract_semantic_features.py", line 116, in build_prompt
    comments = record["texts"][:max_comments]
               ~~~~~~^^^^^^^^^
KeyError: 'texts'
2026-05-27 11:51:00,519 | INFO | [59] Processing movie_id=493529 batch_id=batch_59
2026-05-27 11:51:00,519 | ERROR | Error on line 59 (movie_id=493529): 'texts'
Traceback (most recent call last):
  File "/gpfs/projects/imt526a/group1/youtube-movie-signals-project/scripts/extract_semantic_features.py", line 278, in main
    system_prompt, user_msg, n_comments = build_prompt(record, args.max_comments_per_batch)
                                          ~~~~~~~~~~~~^^^^^^^^^^^^^^^^^^^^^^^^^^^^^^^^^^^^^
  File "/gpfs/projects/imt526a/group1/youtube-movie-signals-project/scripts/extract_semantic_features.py", line 116, in build_prompt
    comments = record["texts"][:max_comments]
               ~~~~~~^^^^^^^^^
KeyError: 'texts'
2026-05-27 11:51:00,539 | INFO | [60] Processing movie_id=507086 batch_id=batch_60
2026-05-27 11:51:00,539 | ERROR | Error on line 60 (movie_id=507086): 'texts'
Traceback (most recent call last):
  File "/gpfs/projects/imt526a/group1/youtube-movie-signals-project/scripts/extract_semantic_features.py", line 278, in main
    system_prompt, user_msg, n_comments = build_prompt(record, args.max_comments_per_batch)
                                          ~~~~~~~~~~~~^^^^^^^^^^^^^^^^^^^^^^^^^^^^^^^^^^^^^
  File "/gpfs/projects/imt526a/group1/youtube-movie-signals-project/scripts/extract_semantic_features.py", line 116, in build_prompt
    comments = record["texts"][:max_comments]
               ~~~~~~^^^^^^^^^
KeyError: 'texts'
2026-05-27 11:51:00,612 | INFO | [61] Processing movie_id=333339 batch_id=batch_61
2026-05-27 11:51:00,612 | ERROR | Error on line 61 (movie_id=333339): 'texts'
Traceback (most recent call last):
  File "/gpfs/projects/imt526a/group1/youtube-movie-signals-project/scripts/extract_semantic_features.py", line 278, in main
    system_prompt, user_msg, n_comments = build_prompt(record, args.max_comments_per_batch)
                                          ~~~~~~~~~~~~^^^^^^^^^^^^^^^^^^^^^^^^^^^^^^^^^^^^^
  File "/gpfs/projects/imt526a/group1/youtube-movie-signals-project/scripts/extract_semantic_features.py", line 116, in build_prompt
    comments = record["texts"][:max_comments]
               ~~~~~~^^^^^^^^^
KeyError: 'texts'
2026-05-27 11:51:00,619 | INFO | [62] Processing movie_id=912649 batch_id=batch_62
2026-05-27 11:51:00,620 | ERROR | Error on line 62 (movie_id=912649): 'texts'
Traceback (most recent call last):
  File "/gpfs/projects/imt526a/group1/youtube-movie-signals-project/scripts/extract_semantic_features.py", line 278, in main
    system_prompt, user_msg, n_comments = build_prompt(record, args.max_comments_per_batch)
                                          ~~~~~~~~~~~~^^^^^^^^^^^^^^^^^^^^^^^^^^^^^^^^^^^^^
  File "/gpfs/projects/imt526a/group1/youtube-movie-signals-project/scripts/extract_semantic_features.py", line 116, in build_prompt
    comments = record["texts"][:max_comments]
               ~~~~~~^^^^^^^^^
KeyError: 'texts'
2026-05-27 11:51:00,628 | INFO | [63] Processing movie_id=615457 batch_id=batch_63
2026-05-27 11:51:00,628 | ERROR | Error on line 63 (movie_id=615457): 'texts'
Traceback (most recent call last):
  File "/gpfs/projects/imt526a/group1/youtube-movie-signals-project/scripts/extract_semantic_features.py", line 278, in main
    system_prompt, user_msg, n_comments = build_prompt(record, args.max_comments_per_batch)
                                          ~~~~~~~~~~~~^^^^^^^^^^^^^^^^^^^^^^^^^^^^^^^^^^^^^
  File "/gpfs/projects/imt526a/group1/youtube-movie-signals-project/scripts/extract_semantic_features.py", line 116, in build_prompt
    comments = record["texts"][:max_comments]
               ~~~~~~^^^^^^^^^
KeyError: 'texts'
2026-05-27 11:51:00,630 | INFO | [64] Processing movie_id=791373 batch_id=batch_64
2026-05-27 11:51:00,630 | ERROR | Error on line 64 (movie_id=791373): 'texts'
Traceback (most recent call last):
  File "/gpfs/projects/imt526a/group1/youtube-movie-signals-project/scripts/extract_semantic_features.py", line 278, in main
    system_prompt, user_msg, n_comments = build_prompt(record, args.max_comments_per_batch)
                                          ~~~~~~~~~~~~^^^^^^^^^^^^^^^^^^^^^^^^^^^^^^^^^^^^^
  File "/gpfs/projects/imt526a/group1/youtube-movie-signals-project/scripts/extract_semantic_features.py", line 116, in build_prompt
    comments = record["texts"][:max_comments]
               ~~~~~~^^^^^^^^^
KeyError: 'texts'
2026-05-27 11:51:00,633 | INFO | [65] Processing movie_id=1072790 batch_id=batch_65
2026-05-27 11:51:00,633 | ERROR | Error on line 65 (movie_id=1072790): 'texts'
Traceback (most recent call last):
  File "/gpfs/projects/imt526a/group1/youtube-movie-signals-project/scripts/extract_semantic_features.py", line 278, in main
    system_prompt, user_msg, n_comments = build_prompt(record, args.max_comments_per_batch)
                                          ~~~~~~~~~~~~^^^^^^^^^^^^^^^^^^^^^^^^^^^^^^^^^^^^^
  File "/gpfs/projects/imt526a/group1/youtube-movie-signals-project/scripts/extract_semantic_features.py", line 116, in build_prompt
    comments = record["texts"][:max_comments]
               ~~~~~~^^^^^^^^^
KeyError: 'texts'
2026-05-27 11:51:00,640 | INFO | [66] Processing movie_id=284053 batch_id=batch_66
2026-05-27 11:51:00,640 | ERROR | Error on line 66 (movie_id=284053): 'texts'
Traceback (most recent call last):
  File "/gpfs/projects/imt526a/group1/youtube-movie-signals-project/scripts/extract_semantic_features.py", line 278, in main
    system_prompt, user_msg, n_comments = build_prompt(record, args.max_comments_per_batch)
                                          ~~~~~~~~~~~~^^^^^^^^^^^^^^^^^^^^^^^^^^^^^^^^^^^^^
  File "/gpfs/projects/imt526a/group1/youtube-movie-signals-project/scripts/extract_semantic_features.py", line 116, in build_prompt
    comments = record["texts"][:max_comments]
               ~~~~~~^^^^^^^^^
KeyError: 'texts'
2026-05-27 11:51:00,648 | INFO | [67] Processing movie_id=505642 batch_id=batch_67
2026-05-27 11:51:00,648 | ERROR | Error on line 67 (movie_id=505642): 'texts'
Traceback (most recent call last):
  File "/gpfs/projects/imt526a/group1/youtube-movie-signals-project/scripts/extract_semantic_features.py", line 278, in main
    system_prompt, user_msg, n_comments = build_prompt(record, args.max_comments_per_batch)
                                          ~~~~~~~~~~~~^^^^^^^^^^^^^^^^^^^^^^^^^^^^^^^^^^^^^
  File "/gpfs/projects/imt526a/group1/youtube-movie-signals-project/scripts/extract_semantic_features.py", line 116, in build_prompt
    comments = record["texts"][:max_comments]
               ~~~~~~^^^^^^^^^
KeyError: 'texts'
2026-05-27 11:51:00,658 | INFO | [68] Processing movie_id=493922 batch_id=batch_68
2026-05-27 11:51:00,658 | ERROR | Error on line 68 (movie_id=493922): 'texts'
Traceback (most recent call last):
  File "/gpfs/projects/imt526a/group1/youtube-movie-signals-project/scripts/extract_semantic_features.py", line 278, in main
    system_prompt, user_msg, n_comments = build_prompt(record, args.max_comments_per_batch)
                                          ~~~~~~~~~~~~^^^^^^^^^^^^^^^^^^^^^^^^^^^^^^^^^^^^^
  File "/gpfs/projects/imt526a/group1/youtube-movie-signals-project/scripts/extract_semantic_features.py", line 116, in build_prompt
    comments = record["texts"][:max_comments]
               ~~~~~~^^^^^^^^^
KeyError: 'texts'
2026-05-27 11:51:00,665 | INFO | [69] Processing movie_id=546554 batch_id=batch_69
2026-05-27 11:51:00,665 | ERROR | Error on line 69 (movie_id=546554): 'texts'
Traceback (most recent call last):
  File "/gpfs/projects/imt526a/group1/youtube-movie-signals-project/scripts/extract_semantic_features.py", line 278, in main
    system_prompt, user_msg, n_comments = build_prompt(record, args.max_comments_per_batch)
                                          ~~~~~~~~~~~~^^^^^^^^^^^^^^^^^^^^^^^^^^^^^^^^^^^^^
  File "/gpfs/projects/imt526a/group1/youtube-movie-signals-project/scripts/extract_semantic_features.py", line 116, in build_prompt
    comments = record["texts"][:max_comments]
               ~~~~~~^^^^^^^^^
KeyError: 'texts'
2026-05-27 11:51:00,674 | INFO | [70] Processing movie_id=466272 batch_id=batch_70
2026-05-27 11:51:00,674 | ERROR | Error on line 70 (movie_id=466272): 'texts'
Traceback (most recent call last):
  File "/gpfs/projects/imt526a/group1/youtube-movie-signals-project/scripts/extract_semantic_features.py", line 278, in main
    system_prompt, user_msg, n_comments = build_prompt(record, args.max_comments_per_batch)
                                          ~~~~~~~~~~~~^^^^^^^^^^^^^^^^^^^^^^^^^^^^^^^^^^^^^
  File "/gpfs/projects/imt526a/group1/youtube-movie-signals-project/scripts/extract_semantic_features.py", line 116, in build_prompt
    comments = record["texts"][:max_comments]
               ~~~~~~^^^^^^^^^
KeyError: 'texts'
2026-05-27 11:51:00,682 | INFO | [71] Processing movie_id=181812 batch_id=batch_71
2026-05-27 11:51:00,682 | ERROR | Error on line 71 (movie_id=181812): 'texts'
Traceback (most recent call last):
  File "/gpfs/projects/imt526a/group1/youtube-movie-signals-project/scripts/extract_semantic_features.py", line 278, in main
    system_prompt, user_msg, n_comments = build_prompt(record, args.max_comments_per_batch)
                                          ~~~~~~~~~~~~^^^^^^^^^^^^^^^^^^^^^^^^^^^^^^^^^^^^^
  File "/gpfs/projects/imt526a/group1/youtube-movie-signals-project/scripts/extract_semantic_features.py", line 116, in build_prompt
    comments = record["texts"][:max_comments]
               ~~~~~~^^^^^^^^^
KeyError: 'texts'
2026-05-27 11:51:00,689 | INFO | [72] Processing movie_id=575264 batch_id=batch_72
2026-05-27 11:51:00,689 | ERROR | Error on line 72 (movie_id=575264): 'texts'
Traceback (most recent call last):
  File "/gpfs/projects/imt526a/group1/youtube-movie-signals-project/scripts/extract_semantic_features.py", line 278, in main
    system_prompt, user_msg, n_comments = build_prompt(record, args.max_comments_per_batch)
                                          ~~~~~~~~~~~~^^^^^^^^^^^^^^^^^^^^^^^^^^^^^^^^^^^^^
  File "/gpfs/projects/imt526a/group1/youtube-movie-signals-project/scripts/extract_semantic_features.py", line 116, in build_prompt
    comments = record["texts"][:max_comments]
               ~~~~~~^^^^^^^^^
KeyError: 'texts'
2026-05-27 11:51:00,697 | INFO | [73] Processing movie_id=458156 batch_id=batch_73
2026-05-27 11:51:00,697 | ERROR | Error on line 73 (movie_id=458156): 'texts'
Traceback (most recent call last):
  File "/gpfs/projects/imt526a/group1/youtube-movie-signals-project/scripts/extract_semantic_features.py", line 278, in main
    system_prompt, user_msg, n_comments = build_prompt(record, args.max_comments_per_batch)
                                          ~~~~~~~~~~~~^^^^^^^^^^^^^^^^^^^^^^^^^^^^^^^^^^^^^
  File "/gpfs/projects/imt526a/group1/youtube-movie-signals-project/scripts/extract_semantic_features.py", line 116, in build_prompt
    comments = record["texts"][:max_comments]
               ~~~~~~^^^^^^^^^
KeyError: 'texts'
2026-05-27 11:51:00,698 | INFO | [74] Processing movie_id=273477 batch_id=batch_74
2026-05-27 11:51:00,698 | ERROR | Error on line 74 (movie_id=273477): 'texts'
Traceback (most recent call last):
  File "/gpfs/projects/imt526a/group1/youtube-movie-signals-project/scripts/extract_semantic_features.py", line 278, in main
    system_prompt, user_msg, n_comments = build_prompt(record, args.max_comments_per_batch)
                                          ~~~~~~~~~~~~^^^^^^^^^^^^^^^^^^^^^^^^^^^^^^^^^^^^^
  File "/gpfs/projects/imt526a/group1/youtube-movie-signals-project/scripts/extract_semantic_features.py", line 116, in build_prompt
    comments = record["texts"][:max_comments]
               ~~~~~~^^^^^^^^^
KeyError: 'texts'
2026-05-27 11:51:00,701 | INFO | [75] Processing movie_id=296096 batch_id=batch_75
2026-05-27 11:51:00,701 | ERROR | Error on line 75 (movie_id=296096): 'texts'
Traceback (most recent call last):
  File "/gpfs/projects/imt526a/group1/youtube-movie-signals-project/scripts/extract_semantic_features.py", line 278, in main
    system_prompt, user_msg, n_comments = build_prompt(record, args.max_comments_per_batch)
                                          ~~~~~~~~~~~~^^^^^^^^^^^^^^^^^^^^^^^^^^^^^^^^^^^^^
  File "/gpfs/projects/imt526a/group1/youtube-movie-signals-project/scripts/extract_semantic_features.py", line 116, in build_prompt
    comments = record["texts"][:max_comments]
               ~~~~~~^^^^^^^^^
KeyError: 'texts'
2026-05-27 11:51:00,708 | INFO | [76] Processing movie_id=508442 batch_id=batch_76
2026-05-27 11:51:00,709 | ERROR | Error on line 76 (movie_id=508442): 'texts'
Traceback (most recent call last):
  File "/gpfs/projects/imt526a/group1/youtube-movie-signals-project/scripts/extract_semantic_features.py", line 278, in main
    system_prompt, user_msg, n_comments = build_prompt(record, args.max_comments_per_batch)
                                          ~~~~~~~~~~~~^^^^^^^^^^^^^^^^^^^^^^^^^^^^^^^^^^^^^
  File "/gpfs/projects/imt526a/group1/youtube-movie-signals-project/scripts/extract_semantic_features.py", line 116, in build_prompt
    comments = record["texts"][:max_comments]
               ~~~~~~^^^^^^^^^
KeyError: 'texts'
2026-05-27 11:51:00,713 | INFO | [77] Processing movie_id=615777 batch_id=batch_77
2026-05-27 11:51:00,713 | ERROR | Error on line 77 (movie_id=615777): 'texts'
Traceback (most recent call last):
  File "/gpfs/projects/imt526a/group1/youtube-movie-signals-project/scripts/extract_semantic_features.py", line 278, in main
    system_prompt, user_msg, n_comments = build_prompt(record, args.max_comments_per_batch)
                                          ~~~~~~~~~~~~^^^^^^^^^^^^^^^^^^^^^^^^^^^^^^^^^^^^^
  File "/gpfs/projects/imt526a/group1/youtube-movie-signals-project/scripts/extract_semantic_features.py", line 116, in build_prompt
    comments = record["texts"][:max_comments]
               ~~~~~~^^^^^^^^^
KeyError: 'texts'
2026-05-27 11:51:00,718 | INFO | [78] Processing movie_id=490132 batch_id=batch_78
2026-05-27 11:51:00,718 | ERROR | Error on line 78 (movie_id=490132): 'texts'
Traceback (most recent call last):
  File "/gpfs/projects/imt526a/group1/youtube-movie-signals-project/scripts/extract_semantic_features.py", line 278, in main
    system_prompt, user_msg, n_comments = build_prompt(record, args.max_comments_per_batch)
                                          ~~~~~~~~~~~~^^^^^^^^^^^^^^^^^^^^^^^^^^^^^^^^^^^^^
  File "/gpfs/projects/imt526a/group1/youtube-movie-signals-project/scripts/extract_semantic_features.py", line 116, in build_prompt
    comments = record["texts"][:max_comments]
               ~~~~~~^^^^^^^^^
KeyError: 'texts'
2026-05-27 11:51:00,726 | INFO | [79] Processing movie_id=259693 batch_id=batch_79
2026-05-27 11:51:00,726 | ERROR | Error on line 79 (movie_id=259693): 'texts'
Traceback (most recent call last):
  File "/gpfs/projects/imt526a/group1/youtube-movie-signals-project/scripts/extract_semantic_features.py", line 278, in main
    system_prompt, user_msg, n_comments = build_prompt(record, args.max_comments_per_batch)
                                          ~~~~~~~~~~~~^^^^^^^^^^^^^^^^^^^^^^^^^^^^^^^^^^^^^
  File "/gpfs/projects/imt526a/group1/youtube-movie-signals-project/scripts/extract_semantic_features.py", line 116, in build_prompt
    comments = record["texts"][:max_comments]
               ~~~~~~^^^^^^^^^
KeyError: 'texts'
2026-05-27 11:51:00,735 | INFO | [80] Processing movie_id=545611 batch_id=batch_80
2026-05-27 11:51:00,735 | ERROR | Error on line 80 (movie_id=545611): 'texts'
Traceback (most recent call last):
  File "/gpfs/projects/imt526a/group1/youtube-movie-signals-project/scripts/extract_semantic_features.py", line 278, in main
    system_prompt, user_msg, n_comments = build_prompt(record, args.max_comments_per_batch)
                                          ~~~~~~~~~~~~^^^^^^^^^^^^^^^^^^^^^^^^^^^^^^^^^^^^^
  File "/gpfs/projects/imt526a/group1/youtube-movie-signals-project/scripts/extract_semantic_features.py", line 116, in build_prompt
    comments = record["texts"][:max_comments]
               ~~~~~~^^^^^^^^^
KeyError: 'texts'
2026-05-27 11:51:00,737 | INFO | [81] Processing movie_id=1064213 batch_id=batch_81
2026-05-27 11:51:00,737 | ERROR | Error on line 81 (movie_id=1064213): 'texts'
Traceback (most recent call last):
  File "/gpfs/projects/imt526a/group1/youtube-movie-signals-project/scripts/extract_semantic_features.py", line 278, in main
    system_prompt, user_msg, n_comments = build_prompt(record, args.max_comments_per_batch)
                                          ~~~~~~~~~~~~^^^^^^^^^^^^^^^^^^^^^^^^^^^^^^^^^^^^^
  File "/gpfs/projects/imt526a/group1/youtube-movie-signals-project/scripts/extract_semantic_features.py", line 116, in build_prompt
    comments = record["texts"][:max_comments]
               ~~~~~~^^^^^^^^^
KeyError: 'texts'
2026-05-27 11:51:00,745 | INFO | [82] Processing movie_id=713704 batch_id=batch_82
2026-05-27 11:51:00,745 | ERROR | Error on line 82 (movie_id=713704): 'texts'
Traceback (most recent call last):
  File "/gpfs/projects/imt526a/group1/youtube-movie-signals-project/scripts/extract_semantic_features.py", line 278, in main
    system_prompt, user_msg, n_comments = build_prompt(record, args.max_comments_per_batch)
                                          ~~~~~~~~~~~~^^^^^^^^^^^^^^^^^^^^^^^^^^^^^^^^^^^^^
  File "/gpfs/projects/imt526a/group1/youtube-movie-signals-project/scripts/extract_semantic_features.py", line 116, in build_prompt
    comments = record["texts"][:max_comments]
               ~~~~~~^^^^^^^^^
KeyError: 'texts'
2026-05-27 11:51:00,752 | INFO | [83] Processing movie_id=786892 batch_id=batch_83
2026-05-27 11:51:00,752 | ERROR | Error on line 83 (movie_id=786892): 'texts'
Traceback (most recent call last):
  File "/gpfs/projects/imt526a/group1/youtube-movie-signals-project/scripts/extract_semantic_features.py", line 278, in main
    system_prompt, user_msg, n_comments = build_prompt(record, args.max_comments_per_batch)
                                          ~~~~~~~~~~~~^^^^^^^^^^^^^^^^^^^^^^^^^^^^^^^^^^^^^
  File "/gpfs/projects/imt526a/group1/youtube-movie-signals-project/scripts/extract_semantic_features.py", line 116, in build_prompt
    comments = record["texts"][:max_comments]
               ~~~~~~^^^^^^^^^
KeyError: 'texts'
2026-05-27 11:51:00,760 | INFO | [84] Processing movie_id=419430 batch_id=batch_84
2026-05-27 11:51:00,760 | ERROR | Error on line 84 (movie_id=419430): 'texts'
Traceback (most recent call last):
  File "/gpfs/projects/imt526a/group1/youtube-movie-signals-project/scripts/extract_semantic_features.py", line 278, in main
    system_prompt, user_msg, n_comments = build_prompt(record, args.max_comments_per_batch)
                                          ~~~~~~~~~~~~^^^^^^^^^^^^^^^^^^^^^^^^^^^^^^^^^^^^^
  File "/gpfs/projects/imt526a/group1/youtube-movie-signals-project/scripts/extract_semantic_features.py", line 116, in build_prompt
    comments = record["texts"][:max_comments]
               ~~~~~~^^^^^^^^^
KeyError: 'texts'
2026-05-27 11:51:00,768 | INFO | [85] Processing movie_id=530385 batch_id=batch_85
2026-05-27 11:51:00,768 | ERROR | Error on line 85 (movie_id=530385): 'texts'
Traceback (most recent call last):
  File "/gpfs/projects/imt526a/group1/youtube-movie-signals-project/scripts/extract_semantic_features.py", line 278, in main
    system_prompt, user_msg, n_comments = build_prompt(record, args.max_comments_per_batch)
                                          ~~~~~~~~~~~~^^^^^^^^^^^^^^^^^^^^^^^^^^^^^^^^^^^^^
  File "/gpfs/projects/imt526a/group1/youtube-movie-signals-project/scripts/extract_semantic_features.py", line 116, in build_prompt
    comments = record["texts"][:max_comments]
               ~~~~~~^^^^^^^^^
KeyError: 'texts'
2026-05-27 11:51:00,777 | INFO | [86] Processing movie_id=329865 batch_id=batch_86
2026-05-27 11:51:00,777 | ERROR | Error on line 86 (movie_id=329865): 'texts'
Traceback (most recent call last):
  File "/gpfs/projects/imt526a/group1/youtube-movie-signals-project/scripts/extract_semantic_features.py", line 278, in main
    system_prompt, user_msg, n_comments = build_prompt(record, args.max_comments_per_batch)
                                          ~~~~~~~~~~~~^^^^^^^^^^^^^^^^^^^^^^^^^^^^^^^^^^^^^
  File "/gpfs/projects/imt526a/group1/youtube-movie-signals-project/scripts/extract_semantic_features.py", line 116, in build_prompt
    comments = record["texts"][:max_comments]
               ~~~~~~^^^^^^^^^
KeyError: 'texts'
2026-05-27 11:51:00,784 | INFO | [87] Processing movie_id=976573 batch_id=batch_87
2026-05-27 11:51:00,784 | ERROR | Error on line 87 (movie_id=976573): 'texts'
Traceback (most recent call last):
  File "/gpfs/projects/imt526a/group1/youtube-movie-signals-project/scripts/extract_semantic_features.py", line 278, in main
    system_prompt, user_msg, n_comments = build_prompt(record, args.max_comments_per_batch)
                                          ~~~~~~~~~~~~^^^^^^^^^^^^^^^^^^^^^^^^^^^^^^^^^^^^^
  File "/gpfs/projects/imt526a/group1/youtube-movie-signals-project/scripts/extract_semantic_features.py", line 116, in build_prompt
    comments = record["texts"][:max_comments]
               ~~~~~~^^^^^^^^^
KeyError: 'texts'
2026-05-27 11:51:00,792 | INFO | [88] Processing movie_id=667538 batch_id=batch_88
2026-05-27 11:51:00,792 | ERROR | Error on line 88 (movie_id=667538): 'texts'
Traceback (most recent call last):
  File "/gpfs/projects/imt526a/group1/youtube-movie-signals-project/scripts/extract_semantic_features.py", line 278, in main
    system_prompt, user_msg, n_comments = build_prompt(record, args.max_comments_per_batch)
                                          ~~~~~~~~~~~~^^^^^^^^^^^^^^^^^^^^^^^^^^^^^^^^^^^^^
  File "/gpfs/projects/imt526a/group1/youtube-movie-signals-project/scripts/extract_semantic_features.py", line 116, in build_prompt
    comments = record["texts"][:max_comments]
               ~~~~~~^^^^^^^^^
KeyError: 'texts'
2026-05-27 11:51:00,800 | INFO | [89] Processing movie_id=568124 batch_id=batch_89
2026-05-27 11:51:00,800 | ERROR | Error on line 89 (movie_id=568124): 'texts'
Traceback (most recent call last):
  File "/gpfs/projects/imt526a/group1/youtube-movie-signals-project/scripts/extract_semantic_features.py", line 278, in main
    system_prompt, user_msg, n_comments = build_prompt(record, args.max_comments_per_batch)
                                          ~~~~~~~~~~~~^^^^^^^^^^^^^^^^^^^^^^^^^^^^^^^^^^^^^
  File "/gpfs/projects/imt526a/group1/youtube-movie-signals-project/scripts/extract_semantic_features.py", line 116, in build_prompt
    comments = record["texts"][:max_comments]
               ~~~~~~^^^^^^^^^
KeyError: 'texts'
2026-05-27 11:51:00,804 | INFO | [90] Processing movie_id=324552 batch_id=batch_90
2026-05-27 11:51:00,804 | ERROR | Error on line 90 (movie_id=324552): 'texts'
Traceback (most recent call last):
  File "/gpfs/projects/imt526a/group1/youtube-movie-signals-project/scripts/extract_semantic_features.py", line 278, in main
    system_prompt, user_msg, n_comments = build_prompt(record, args.max_comments_per_batch)
                                          ~~~~~~~~~~~~^^^^^^^^^^^^^^^^^^^^^^^^^^^^^^^^^^^^^
  File "/gpfs/projects/imt526a/group1/youtube-movie-signals-project/scripts/extract_semantic_features.py", line 116, in build_prompt
    comments = record["texts"][:max_comments]
               ~~~~~~^^^^^^^^^
KeyError: 'texts'
2026-05-27 11:51:00,810 | INFO | [91] Processing movie_id=260514 batch_id=batch_91
2026-05-27 11:51:00,810 | ERROR | Error on line 91 (movie_id=260514): 'texts'
Traceback (most recent call last):
  File "/gpfs/projects/imt526a/group1/youtube-movie-signals-project/scripts/extract_semantic_features.py", line 278, in main
    system_prompt, user_msg, n_comments = build_prompt(record, args.max_comments_per_batch)
                                          ~~~~~~~~~~~~^^^^^^^^^^^^^^^^^^^^^^^^^^^^^^^^^^^^^
  File "/gpfs/projects/imt526a/group1/youtube-movie-signals-project/scripts/extract_semantic_features.py", line 116, in build_prompt
    comments = record["texts"][:max_comments]
               ~~~~~~^^^^^^^^^
KeyError: 'texts'
2026-05-27 11:51:00,817 | INFO | [92] Processing movie_id=198184 batch_id=batch_92
2026-05-27 11:51:00,817 | ERROR | Error on line 92 (movie_id=198184): 'texts'
Traceback (most recent call last):
  File "/gpfs/projects/imt526a/group1/youtube-movie-signals-project/scripts/extract_semantic_features.py", line 278, in main
    system_prompt, user_msg, n_comments = build_prompt(record, args.max_comments_per_batch)
                                          ~~~~~~~~~~~~^^^^^^^^^^^^^^^^^^^^^^^^^^^^^^^^^^^^^
  File "/gpfs/projects/imt526a/group1/youtube-movie-signals-project/scripts/extract_semantic_features.py", line 116, in build_prompt
    comments = record["texts"][:max_comments]
               ~~~~~~^^^^^^^^^
KeyError: 'texts'
2026-05-27 11:51:00,825 | INFO | [93] Processing movie_id=566525 batch_id=batch_93
2026-05-27 11:51:00,825 | ERROR | Error on line 93 (movie_id=566525): 'texts'
Traceback (most recent call last):
  File "/gpfs/projects/imt526a/group1/youtube-movie-signals-project/scripts/extract_semantic_features.py", line 278, in main
    system_prompt, user_msg, n_comments = build_prompt(record, args.max_comments_per_batch)
                                          ~~~~~~~~~~~~^^^^^^^^^^^^^^^^^^^^^^^^^^^^^^^^^^^^^
  File "/gpfs/projects/imt526a/group1/youtube-movie-signals-project/scripts/extract_semantic_features.py", line 116, in build_prompt
    comments = record["texts"][:max_comments]
               ~~~~~~^^^^^^^^^
KeyError: 'texts'
2026-05-27 11:51:00,833 | INFO | [94] Processing movie_id=140607 batch_id=batch_94
2026-05-27 11:51:00,833 | ERROR | Error on line 94 (movie_id=140607): 'texts'
Traceback (most recent call last):
  File "/gpfs/projects/imt526a/group1/youtube-movie-signals-project/scripts/extract_semantic_features.py", line 278, in main
    system_prompt, user_msg, n_comments = build_prompt(record, args.max_comments_per_batch)
                                          ~~~~~~~~~~~~^^^^^^^^^^^^^^^^^^^^^^^^^^^^^^^^^^^^^
  File "/gpfs/projects/imt526a/group1/youtube-movie-signals-project/scripts/extract_semantic_features.py", line 116, in build_prompt
    comments = record["texts"][:max_comments]
               ~~~~~~^^^^^^^^^
KeyError: 'texts'
2026-05-27 11:51:00,841 | INFO | [95] Processing movie_id=263115 batch_id=batch_95
2026-05-27 11:51:00,841 | ERROR | Error on line 95 (movie_id=263115): 'texts'
Traceback (most recent call last):
  File "/gpfs/projects/imt526a/group1/youtube-movie-signals-project/scripts/extract_semantic_features.py", line 278, in main
    system_prompt, user_msg, n_comments = build_prompt(record, args.max_comments_per_batch)
                                          ~~~~~~~~~~~~^^^^^^^^^^^^^^^^^^^^^^^^^^^^^^^^^^^^^
  File "/gpfs/projects/imt526a/group1/youtube-movie-signals-project/scripts/extract_semantic_features.py", line 116, in build_prompt
    comments = record["texts"][:max_comments]
               ~~~~~~^^^^^^^^^
KeyError: 'texts'
2026-05-27 11:51:00,849 | INFO | [96] Processing movie_id=135397 batch_id=batch_96
2026-05-27 11:51:00,849 | ERROR | Error on line 96 (movie_id=135397): 'texts'
Traceback (most recent call last):
  File "/gpfs/projects/imt526a/group1/youtube-movie-signals-project/scripts/extract_semantic_features.py", line 278, in main
    system_prompt, user_msg, n_comments = build_prompt(record, args.max_comments_per_batch)
                                          ~~~~~~~~~~~~^^^^^^^^^^^^^^^^^^^^^^^^^^^^^^^^^^^^^
  File "/gpfs/projects/imt526a/group1/youtube-movie-signals-project/scripts/extract_semantic_features.py", line 116, in build_prompt
    comments = record["texts"][:max_comments]
               ~~~~~~^^^^^^^^^
KeyError: 'texts'
2026-05-27 11:51:00,856 | INFO | [97] Processing movie_id=406997 batch_id=batch_97
2026-05-27 11:51:00,856 | ERROR | Error on line 97 (movie_id=406997): 'texts'
Traceback (most recent call last):
  File "/gpfs/projects/imt526a/group1/youtube-movie-signals-project/scripts/extract_semantic_features.py", line 278, in main
    system_prompt, user_msg, n_comments = build_prompt(record, args.max_comments_per_batch)
                                          ~~~~~~~~~~~~^^^^^^^^^^^^^^^^^^^^^^^^^^^^^^^^^^^^^
  File "/gpfs/projects/imt526a/group1/youtube-movie-signals-project/scripts/extract_semantic_features.py", line 116, in build_prompt
    comments = record["texts"][:max_comments]
               ~~~~~~^^^^^^^^^
KeyError: 'texts'
2026-05-27 11:51:00,863 | INFO | [98] Processing movie_id=539972 batch_id=batch_98
2026-05-27 11:51:00,863 | ERROR | Error on line 98 (movie_id=539972): 'texts'
Traceback (most recent call last):
  File "/gpfs/projects/imt526a/group1/youtube-movie-signals-project/scripts/extract_semantic_features.py", line 278, in main
    system_prompt, user_msg, n_comments = build_prompt(record, args.max_comments_per_batch)
                                          ~~~~~~~~~~~~^^^^^^^^^^^^^^^^^^^^^^^^^^^^^^^^^^^^^
  File "/gpfs/projects/imt526a/group1/youtube-movie-signals-project/scripts/extract_semantic_features.py", line 116, in build_prompt
    comments = record["texts"][:max_comments]
               ~~~~~~^^^^^^^^^
KeyError: 'texts'
2026-05-27 11:51:00,871 | INFO | [99] Processing movie_id=335787 batch_id=batch_99
2026-05-27 11:51:00,871 | ERROR | Error on line 99 (movie_id=335787): 'texts'
Traceback (most recent call last):
  File "/gpfs/projects/imt526a/group1/youtube-movie-signals-project/scripts/extract_semantic_features.py", line 278, in main
    system_prompt, user_msg, n_comments = build_prompt(record, args.max_comments_per_batch)
                                          ~~~~~~~~~~~~^^^^^^^^^^^^^^^^^^^^^^^^^^^^^^^^^^^^^
  File "/gpfs/projects/imt526a/group1/youtube-movie-signals-project/scripts/extract_semantic_features.py", line 116, in build_prompt
    comments = record["texts"][:max_comments]
               ~~~~~~^^^^^^^^^
KeyError: 'texts'
2026-05-27 11:51:00,873 | INFO | [100] Processing movie_id=343611 batch_id=batch_100
2026-05-27 11:51:00,873 | ERROR | Error on line 100 (movie_id=343611): 'texts'
Traceback (most recent call last):
  File "/gpfs/projects/imt526a/group1/youtube-movie-signals-project/scripts/extract_semantic_features.py", line 278, in main
    system_prompt, user_msg, n_comments = build_prompt(record, args.max_comments_per_batch)
                                          ~~~~~~~~~~~~^^^^^^^^^^^^^^^^^^^^^^^^^^^^^^^^^^^^^
  File "/gpfs/projects/imt526a/group1/youtube-movie-signals-project/scripts/extract_semantic_features.py", line 116, in build_prompt
    comments = record["texts"][:max_comments]
               ~~~~~~^^^^^^^^^
KeyError: 'texts'
2026-05-27 11:51:00,878 | INFO | [101] Processing movie_id=451048 batch_id=batch_101
2026-05-27 11:51:00,878 | ERROR | Error on line 101 (movie_id=451048): 'texts'
Traceback (most recent call last):
  File "/gpfs/projects/imt526a/group1/youtube-movie-signals-project/scripts/extract_semantic_features.py", line 278, in main
    system_prompt, user_msg, n_comments = build_prompt(record, args.max_comments_per_batch)
                                          ~~~~~~~~~~~~^^^^^^^^^^^^^^^^^^^^^^^^^^^^^^^^^^^^^
  File "/gpfs/projects/imt526a/group1/youtube-movie-signals-project/scripts/extract_semantic_features.py", line 116, in build_prompt
    comments = record["texts"][:max_comments]
               ~~~~~~^^^^^^^^^
KeyError: 'texts'
2026-05-27 11:51:00,885 | INFO | [102] Processing movie_id=718930 batch_id=batch_102
2026-05-27 11:51:00,886 | ERROR | Error on line 102 (movie_id=718930): 'texts'
Traceback (most recent call last):
  File "/gpfs/projects/imt526a/group1/youtube-movie-signals-project/scripts/extract_semantic_features.py", line 278, in main
    system_prompt, user_msg, n_comments = build_prompt(record, args.max_comments_per_batch)
                                          ~~~~~~~~~~~~^^^^^^^^^^^^^^^^^^^^^^^^^^^^^^^^^^^^^
  File "/gpfs/projects/imt526a/group1/youtube-movie-signals-project/scripts/extract_semantic_features.py", line 116, in build_prompt
    comments = record["texts"][:max_comments]
               ~~~~~~^^^^^^^^^
KeyError: 'texts'
2026-05-27 11:51:00,893 | INFO | [103] Processing movie_id=436270 batch_id=batch_103
2026-05-27 11:51:00,893 | ERROR | Error on line 103 (movie_id=436270): 'texts'
Traceback (most recent call last):
  File "/gpfs/projects/imt526a/group1/youtube-movie-signals-project/scripts/extract_semantic_features.py", line 278, in main
    system_prompt, user_msg, n_comments = build_prompt(record, args.max_comments_per_batch)
                                          ~~~~~~~~~~~~^^^^^^^^^^^^^^^^^^^^^^^^^^^^^^^^^^^^^
  File "/gpfs/projects/imt526a/group1/youtube-movie-signals-project/scripts/extract_semantic_features.py", line 116, in build_prompt
    comments = record["texts"][:max_comments]
               ~~~~~~^^^^^^^^^
KeyError: 'texts'
2026-05-27 11:51:00,901 | INFO | [104] Processing movie_id=399579 batch_id=batch_104
2026-05-27 11:51:00,901 | ERROR | Error on line 104 (movie_id=399579): 'texts'
Traceback (most recent call last):
  File "/gpfs/projects/imt526a/group1/youtube-movie-signals-project/scripts/extract_semantic_features.py", line 278, in main
    system_prompt, user_msg, n_comments = build_prompt(record, args.max_comments_per_batch)
                                          ~~~~~~~~~~~~^^^^^^^^^^^^^^^^^^^^^^^^^^^^^^^^^^^^^
  File "/gpfs/projects/imt526a/group1/youtube-movie-signals-project/scripts/extract_semantic_features.py", line 116, in build_prompt
    comments = record["texts"][:max_comments]
               ~~~~~~^^^^^^^^^
KeyError: 'texts'
2026-05-27 11:51:00,907 | INFO | [105] Processing movie_id=283995 batch_id=batch_105
2026-05-27 11:51:00,907 | ERROR | Error on line 105 (movie_id=283995): 'texts'
Traceback (most recent call last):
  File "/gpfs/projects/imt526a/group1/youtube-movie-signals-project/scripts/extract_semantic_features.py", line 278, in main
    system_prompt, user_msg, n_comments = build_prompt(record, args.max_comments_per_batch)
                                          ~~~~~~~~~~~~^^^^^^^^^^^^^^^^^^^^^^^^^^^^^^^^^^^^^
  File "/gpfs/projects/imt526a/group1/youtube-movie-signals-project/scripts/extract_semantic_features.py", line 116, in build_prompt
    comments = record["texts"][:max_comments]
               ~~~~~~^^^^^^^^^
KeyError: 'texts'
2026-05-27 11:51:00,914 | INFO | [106] Processing movie_id=383498 batch_id=batch_106
2026-05-27 11:51:00,914 | ERROR | Error on line 106 (movie_id=383498): 'texts'
Traceback (most recent call last):
  File "/gpfs/projects/imt526a/group1/youtube-movie-signals-project/scripts/extract_semantic_features.py", line 278, in main
    system_prompt, user_msg, n_comments = build_prompt(record, args.max_comments_per_batch)
                                          ~~~~~~~~~~~~^^^^^^^^^^^^^^^^^^^^^^^^^^^^^^^^^^^^^
  File "/gpfs/projects/imt526a/group1/youtube-movie-signals-project/scripts/extract_semantic_features.py", line 116, in build_prompt
    comments = record["texts"][:max_comments]
               ~~~~~~^^^^^^^^^
KeyError: 'texts'
2026-05-27 11:51:00,915 | INFO | [107] Processing movie_id=47971 batch_id=batch_107
2026-05-27 11:51:00,915 | ERROR | Error on line 107 (movie_id=47971): 'texts'
Traceback (most recent call last):
  File "/gpfs/projects/imt526a/group1/youtube-movie-signals-project/scripts/extract_semantic_features.py", line 278, in main
    system_prompt, user_msg, n_comments = build_prompt(record, args.max_comments_per_batch)
                                          ~~~~~~~~~~~~^^^^^^^^^^^^^^^^^^^^^^^^^^^^^^^^^^^^^
  File "/gpfs/projects/imt526a/group1/youtube-movie-signals-project/scripts/extract_semantic_features.py", line 116, in build_prompt
    comments = record["texts"][:max_comments]
               ~~~~~~^^^^^^^^^
KeyError: 'texts'
2026-05-27 11:51:00,924 | INFO | [108] Processing movie_id=454626 batch_id=batch_108
2026-05-27 11:51:00,924 | ERROR | Error on line 108 (movie_id=454626): 'texts'
Traceback (most recent call last):
  File "/gpfs/projects/imt526a/group1/youtube-movie-signals-project/scripts/extract_semantic_features.py", line 278, in main
    system_prompt, user_msg, n_comments = build_prompt(record, args.max_comments_per_batch)
                                          ~~~~~~~~~~~~^^^^^^^^^^^^^^^^^^^^^^^^^^^^^^^^^^^^^
  File "/gpfs/projects/imt526a/group1/youtube-movie-signals-project/scripts/extract_semantic_features.py", line 116, in build_prompt
    comments = record["texts"][:max_comments]
               ~~~~~~^^^^^^^^^
KeyError: 'texts'
2026-05-27 11:51:00,925 | INFO | [109] Processing movie_id=645710 batch_id=batch_109
2026-05-27 11:51:00,926 | ERROR | Error on line 109 (movie_id=645710): 'texts'
Traceback (most recent call last):
  File "/gpfs/projects/imt526a/group1/youtube-movie-signals-project/scripts/extract_semantic_features.py", line 278, in main
    system_prompt, user_msg, n_comments = build_prompt(record, args.max_comments_per_batch)
                                          ~~~~~~~~~~~~^^^^^^^^^^^^^^^^^^^^^^^^^^^^^^^^^^^^^
  File "/gpfs/projects/imt526a/group1/youtube-movie-signals-project/scripts/extract_semantic_features.py", line 116, in build_prompt
    comments = record["texts"][:max_comments]
               ~~~~~~^^^^^^^^^
KeyError: 'texts'
2026-05-27 11:51:00,933 | INFO | [110] Processing movie_id=351286 batch_id=batch_110
2026-05-27 11:51:00,933 | ERROR | Error on line 110 (movie_id=351286): 'texts'
Traceback (most recent call last):
  File "/gpfs/projects/imt526a/group1/youtube-movie-signals-project/scripts/extract_semantic_features.py", line 278, in main
    system_prompt, user_msg, n_comments = build_prompt(record, args.max_comments_per_batch)
                                          ~~~~~~~~~~~~^^^^^^^^^^^^^^^^^^^^^^^^^^^^^^^^^^^^^
  File "/gpfs/projects/imt526a/group1/youtube-movie-signals-project/scripts/extract_semantic_features.py", line 116, in build_prompt
    comments = record["texts"][:max_comments]
               ~~~~~~^^^^^^^^^
KeyError: 'texts'
2026-05-27 11:51:00,941 | INFO | [111] Processing movie_id=497698 batch_id=batch_111
2026-05-27 11:51:00,941 | ERROR | Error on line 111 (movie_id=497698): 'texts'
Traceback (most recent call last):
  File "/gpfs/projects/imt526a/group1/youtube-movie-signals-project/scripts/extract_semantic_features.py", line 278, in main
    system_prompt, user_msg, n_comments = build_prompt(record, args.max_comments_per_batch)
                                          ~~~~~~~~~~~~^^^^^^^^^^^^^^^^^^^^^^^^^^^^^^^^^^^^^
  File "/gpfs/projects/imt526a/group1/youtube-movie-signals-project/scripts/extract_semantic_features.py", line 116, in build_prompt
    comments = record["texts"][:max_comments]
               ~~~~~~^^^^^^^^^
KeyError: 'texts'
2026-05-27 11:51:00,949 | INFO | [112] Processing movie_id=550988 batch_id=batch_112
2026-05-27 11:51:00,949 | ERROR | Error on line 112 (movie_id=550988): 'texts'
Traceback (most recent call last):
  File "/gpfs/projects/imt526a/group1/youtube-movie-signals-project/scripts/extract_semantic_features.py", line 278, in main
    system_prompt, user_msg, n_comments = build_prompt(record, args.max_comments_per_batch)
                                          ~~~~~~~~~~~~^^^^^^^^^^^^^^^^^^^^^^^^^^^^^^^^^^^^^
  File "/gpfs/projects/imt526a/group1/youtube-movie-signals-project/scripts/extract_semantic_features.py", line 116, in build_prompt
    comments = record["texts"][:max_comments]
               ~~~~~~^^^^^^^^^
KeyError: 'texts'
2026-05-27 11:51:00,956 | INFO | [113] Processing movie_id=926393 batch_id=batch_113
2026-05-27 11:51:00,956 | ERROR | Error on line 113 (movie_id=926393): 'texts'
Traceback (most recent call last):
  File "/gpfs/projects/imt526a/group1/youtube-movie-signals-project/scripts/extract_semantic_features.py", line 278, in main
    system_prompt, user_msg, n_comments = build_prompt(record, args.max_comments_per_batch)
                                          ~~~~~~~~~~~~^^^^^^^^^^^^^^^^^^^^^^^^^^^^^^^^^^^^^
  File "/gpfs/projects/imt526a/group1/youtube-movie-signals-project/scripts/extract_semantic_features.py", line 116, in build_prompt
    comments = record["texts"][:max_comments]
               ~~~~~~^^^^^^^^^
KeyError: 'texts'
2026-05-27 11:51:00,959 | INFO | [114] Processing movie_id=291805 batch_id=batch_114
2026-05-27 11:51:00,959 | ERROR | Error on line 114 (movie_id=291805): 'texts'
Traceback (most recent call last):
  File "/gpfs/projects/imt526a/group1/youtube-movie-signals-project/scripts/extract_semantic_features.py", line 278, in main
    system_prompt, user_msg, n_comments = build_prompt(record, args.max_comments_per_batch)
                                          ~~~~~~~~~~~~^^^^^^^^^^^^^^^^^^^^^^^^^^^^^^^^^^^^^
  File "/gpfs/projects/imt526a/group1/youtube-movie-signals-project/scripts/extract_semantic_features.py", line 116, in build_prompt
    comments = record["texts"][:max_comments]
               ~~~~~~^^^^^^^^^
KeyError: 'texts'
2026-05-27 11:51:00,966 | INFO | [115] Processing movie_id=508943 batch_id=batch_115
2026-05-27 11:51:00,966 | ERROR | Error on line 115 (movie_id=508943): 'texts'
Traceback (most recent call last):
  File "/gpfs/projects/imt526a/group1/youtube-movie-signals-project/scripts/extract_semantic_features.py", line 278, in main
    system_prompt, user_msg, n_comments = build_prompt(record, args.max_comments_per_batch)
                                          ~~~~~~~~~~~~^^^^^^^^^^^^^^^^^^^^^^^^^^^^^^^^^^^^^
  File "/gpfs/projects/imt526a/group1/youtube-movie-signals-project/scripts/extract_semantic_features.py", line 116, in build_prompt
    comments = record["texts"][:max_comments]
               ~~~~~~^^^^^^^^^
KeyError: 'texts'
2026-05-27 11:51:00,968 | INFO | [116] Processing movie_id=698508 batch_id=batch_116
2026-05-27 11:51:00,968 | ERROR | Error on line 116 (movie_id=698508): 'texts'
Traceback (most recent call last):
  File "/gpfs/projects/imt526a/group1/youtube-movie-signals-project/scripts/extract_semantic_features.py", line 278, in main
    system_prompt, user_msg, n_comments = build_prompt(record, args.max_comments_per_batch)
                                          ~~~~~~~~~~~~^^^^^^^^^^^^^^^^^^^^^^^^^^^^^^^^^^^^^
  File "/gpfs/projects/imt526a/group1/youtube-movie-signals-project/scripts/extract_semantic_features.py", line 116, in build_prompt
    comments = record["texts"][:max_comments]
               ~~~~~~^^^^^^^^^
KeyError: 'texts'
2026-05-27 11:51:00,976 | INFO | [117] Processing movie_id=787699 batch_id=batch_117
2026-05-27 11:51:00,976 | ERROR | Error on line 117 (movie_id=787699): 'texts'
Traceback (most recent call last):
  File "/gpfs/projects/imt526a/group1/youtube-movie-signals-project/scripts/extract_semantic_features.py", line 278, in main
    system_prompt, user_msg, n_comments = build_prompt(record, args.max_comments_per_batch)
                                          ~~~~~~~~~~~~^^^^^^^^^^^^^^^^^^^^^^^^^^^^^^^^^^^^^
  File "/gpfs/projects/imt526a/group1/youtube-movie-signals-project/scripts/extract_semantic_features.py", line 116, in build_prompt
    comments = record["texts"][:max_comments]
               ~~~~~~^^^^^^^^^
KeyError: 'texts'
2026-05-27 11:51:00,984 | INFO | [118] Processing movie_id=646385 batch_id=batch_118
2026-05-27 11:51:00,984 | ERROR | Error on line 118 (movie_id=646385): 'texts'
Traceback (most recent call last):
  File "/gpfs/projects/imt526a/group1/youtube-movie-signals-project/scripts/extract_semantic_features.py", line 278, in main
    system_prompt, user_msg, n_comments = build_prompt(record, args.max_comments_per_batch)
                                          ~~~~~~~~~~~~^^^^^^^^^^^^^^^^^^^^^^^^^^^^^^^^^^^^^
  File "/gpfs/projects/imt526a/group1/youtube-movie-signals-project/scripts/extract_semantic_features.py", line 116, in build_prompt
    comments = record["texts"][:max_comments]
               ~~~~~~^^^^^^^^^
KeyError: 'texts'
2026-05-27 11:51:00,989 | INFO | [119] Processing movie_id=307081 batch_id=batch_119
2026-05-27 11:51:00,989 | ERROR | Error on line 119 (movie_id=307081): 'texts'
Traceback (most recent call last):
  File "/gpfs/projects/imt526a/group1/youtube-movie-signals-project/scripts/extract_semantic_features.py", line 278, in main
    system_prompt, user_msg, n_comments = build_prompt(record, args.max_comments_per_batch)
                                          ~~~~~~~~~~~~^^^^^^^^^^^^^^^^^^^^^^^^^^^^^^^^^^^^^
  File "/gpfs/projects/imt526a/group1/youtube-movie-signals-project/scripts/extract_semantic_features.py", line 116, in build_prompt
    comments = record["texts"][:max_comments]
               ~~~~~~^^^^^^^^^
KeyError: 'texts'
2026-05-27 11:51:00,996 | INFO | [120] Processing movie_id=580489 batch_id=batch_120
2026-05-27 11:51:00,996 | ERROR | Error on line 120 (movie_id=580489): 'texts'
Traceback (most recent call last):
  File "/gpfs/projects/imt526a/group1/youtube-movie-signals-project/scripts/extract_semantic_features.py", line 278, in main
    system_prompt, user_msg, n_comments = build_prompt(record, args.max_comments_per_batch)
                                          ~~~~~~~~~~~~^^^^^^^^^^^^^^^^^^^^^^^^^^^^^^^^^^^^^
  File "/gpfs/projects/imt526a/group1/youtube-movie-signals-project/scripts/extract_semantic_features.py", line 116, in build_prompt
    comments = record["texts"][:max_comments]
               ~~~~~~^^^^^^^^^
KeyError: 'texts'
2026-05-27 11:51:01,005 | INFO | [121] Processing movie_id=762504 batch_id=batch_121
2026-05-27 11:51:01,005 | ERROR | Error on line 121 (movie_id=762504): 'texts'
Traceback (most recent call last):
  File "/gpfs/projects/imt526a/group1/youtube-movie-signals-project/scripts/extract_semantic_features.py", line 278, in main
    system_prompt, user_msg, n_comments = build_prompt(record, args.max_comments_per_batch)
                                          ~~~~~~~~~~~~^^^^^^^^^^^^^^^^^^^^^^^^^^^^^^^^^^^^^
  File "/gpfs/projects/imt526a/group1/youtube-movie-signals-project/scripts/extract_semantic_features.py", line 116, in build_prompt
    comments = record["texts"][:max_comments]
               ~~~~~~^^^^^^^^^
KeyError: 'texts'
2026-05-27 11:51:01,012 | INFO | [122] Processing movie_id=516486 batch_id=batch_122
2026-05-27 11:51:01,012 | ERROR | Error on line 122 (movie_id=516486): 'texts'
Traceback (most recent call last):
  File "/gpfs/projects/imt526a/group1/youtube-movie-signals-project/scripts/extract_semantic_features.py", line 278, in main
    system_prompt, user_msg, n_comments = build_prompt(record, args.max_comments_per_batch)
                                          ~~~~~~~~~~~~^^^^^^^^^^^^^^^^^^^^^^^^^^^^^^^^^^^^^
  File "/gpfs/projects/imt526a/group1/youtube-movie-signals-project/scripts/extract_semantic_features.py", line 116, in build_prompt
    comments = record["texts"][:max_comments]
               ~~~~~~^^^^^^^^^
KeyError: 'texts'
2026-05-27 11:51:01,020 | INFO | [123] Processing movie_id=718821 batch_id=batch_123
2026-05-27 11:51:01,020 | ERROR | Error on line 123 (movie_id=718821): 'texts'
Traceback (most recent call last):
  File "/gpfs/projects/imt526a/group1/youtube-movie-signals-project/scripts/extract_semantic_features.py", line 278, in main
    system_prompt, user_msg, n_comments = build_prompt(record, args.max_comments_per_batch)
                                          ~~~~~~~~~~~~^^^^^^^^^^^^^^^^^^^^^^^^^^^^^^^^^^^^^
  File "/gpfs/projects/imt526a/group1/youtube-movie-signals-project/scripts/extract_semantic_features.py", line 116, in build_prompt
    comments = record["texts"][:max_comments]
               ~~~~~~^^^^^^^^^
KeyError: 'texts'
2026-05-27 11:51:01,027 | INFO | [124] Processing movie_id=38700 batch_id=batch_124
2026-05-27 11:51:01,027 | ERROR | Error on line 124 (movie_id=38700): 'texts'
Traceback (most recent call last):
  File "/gpfs/projects/imt526a/group1/youtube-movie-signals-project/scripts/extract_semantic_features.py", line 278, in main
    system_prompt, user_msg, n_comments = build_prompt(record, args.max_comments_per_batch)
                                          ~~~~~~~~~~~~^^^^^^^^^^^^^^^^^^^^^^^^^^^^^^^^^^^^^
  File "/gpfs/projects/imt526a/group1/youtube-movie-signals-project/scripts/extract_semantic_features.py", line 116, in build_prompt
    comments = record["texts"][:max_comments]
               ~~~~~~^^^^^^^^^
KeyError: 'texts'
2026-05-27 11:51:01,031 | INFO | [125] Processing movie_id=593643 batch_id=batch_125
2026-05-27 11:51:01,031 | ERROR | Error on line 125 (movie_id=593643): 'texts'
Traceback (most recent call last):
  File "/gpfs/projects/imt526a/group1/youtube-movie-signals-project/scripts/extract_semantic_features.py", line 278, in main
    system_prompt, user_msg, n_comments = build_prompt(record, args.max_comments_per_batch)
                                          ~~~~~~~~~~~~^^^^^^^^^^^^^^^^^^^^^^^^^^^^^^^^^^^^^
  File "/gpfs/projects/imt526a/group1/youtube-movie-signals-project/scripts/extract_semantic_features.py", line 116, in build_prompt
    comments = record["texts"][:max_comments]
               ~~~~~~^^^^^^^^^
KeyError: 'texts'
2026-05-27 11:51:01,038 | INFO | [126] Processing movie_id=695721 batch_id=batch_126
2026-05-27 11:51:01,038 | ERROR | Error on line 126 (movie_id=695721): 'texts'
Traceback (most recent call last):
  File "/gpfs/projects/imt526a/group1/youtube-movie-signals-project/scripts/extract_semantic_features.py", line 278, in main
    system_prompt, user_msg, n_comments = build_prompt(record, args.max_comments_per_batch)
                                          ~~~~~~~~~~~~^^^^^^^^^^^^^^^^^^^^^^^^^^^^^^^^^^^^^
  File "/gpfs/projects/imt526a/group1/youtube-movie-signals-project/scripts/extract_semantic_features.py", line 116, in build_prompt
    comments = record["texts"][:max_comments]
               ~~~~~~^^^^^^^^^
KeyError: 'texts'
2026-05-27 11:51:01,046 | INFO | [127] Processing movie_id=338970 batch_id=batch_127
2026-05-27 11:51:01,046 | ERROR | Error on line 127 (movie_id=338970): 'texts'
Traceback (most recent call last):
  File "/gpfs/projects/imt526a/group1/youtube-movie-signals-project/scripts/extract_semantic_features.py", line 278, in main
    system_prompt, user_msg, n_comments = build_prompt(record, args.max_comments_per_batch)
                                          ~~~~~~~~~~~~^^^^^^^^^^^^^^^^^^^^^^^^^^^^^^^^^^^^^
  File "/gpfs/projects/imt526a/group1/youtube-movie-signals-project/scripts/extract_semantic_features.py", line 116, in build_prompt
    comments = record["texts"][:max_comments]
               ~~~~~~^^^^^^^^^
KeyError: 'texts'
2026-05-27 11:51:01,049 | INFO | [128] Processing movie_id=639720 batch_id=batch_128
2026-05-27 11:51:01,049 | ERROR | Error on line 128 (movie_id=639720): 'texts'
Traceback (most recent call last):
  File "/gpfs/projects/imt526a/group1/youtube-movie-signals-project/scripts/extract_semantic_features.py", line 278, in main
    system_prompt, user_msg, n_comments = build_prompt(record, args.max_comments_per_batch)
                                          ~~~~~~~~~~~~^^^^^^^^^^^^^^^^^^^^^^^^^^^^^^^^^^^^^
  File "/gpfs/projects/imt526a/group1/youtube-movie-signals-project/scripts/extract_semantic_features.py", line 116, in build_prompt
    comments = record["texts"][:max_comments]
               ~~~~~~^^^^^^^^^
KeyError: 'texts'
2026-05-27 11:51:01,053 | INFO | [129] Processing movie_id=1100782 batch_id=batch_129
2026-05-27 11:51:01,053 | ERROR | Error on line 129 (movie_id=1100782): 'texts'
Traceback (most recent call last):
  File "/gpfs/projects/imt526a/group1/youtube-movie-signals-project/scripts/extract_semantic_features.py", line 278, in main
    system_prompt, user_msg, n_comments = build_prompt(record, args.max_comments_per_batch)
                                          ~~~~~~~~~~~~^^^^^^^^^^^^^^^^^^^^^^^^^^^^^^^^^^^^^
  File "/gpfs/projects/imt526a/group1/youtube-movie-signals-project/scripts/extract_semantic_features.py", line 116, in build_prompt
    comments = record["texts"][:max_comments]
               ~~~~~~^^^^^^^^^
KeyError: 'texts'
2026-05-27 11:51:01,061 | INFO | [130] Processing movie_id=424783 batch_id=batch_130
2026-05-27 11:51:01,061 | ERROR | Error on line 130 (movie_id=424783): 'texts'
Traceback (most recent call last):
  File "/gpfs/projects/imt526a/group1/youtube-movie-signals-project/scripts/extract_semantic_features.py", line 278, in main
    system_prompt, user_msg, n_comments = build_prompt(record, args.max_comments_per_batch)
                                          ~~~~~~~~~~~~^^^^^^^^^^^^^^^^^^^^^^^^^^^^^^^^^^^^^
  File "/gpfs/projects/imt526a/group1/youtube-movie-signals-project/scripts/extract_semantic_features.py", line 116, in build_prompt
    comments = record["texts"][:max_comments]
               ~~~~~~^^^^^^^^^
KeyError: 'texts'
2026-05-27 11:51:01,070 | INFO | [131] Processing movie_id=402900 batch_id=batch_131
2026-05-27 11:51:01,070 | ERROR | Error on line 131 (movie_id=402900): 'texts'
Traceback (most recent call last):
  File "/gpfs/projects/imt526a/group1/youtube-movie-signals-project/scripts/extract_semantic_features.py", line 278, in main
    system_prompt, user_msg, n_comments = build_prompt(record, args.max_comments_per_batch)
                                          ~~~~~~~~~~~~^^^^^^^^^^^^^^^^^^^^^^^^^^^^^^^^^^^^^
  File "/gpfs/projects/imt526a/group1/youtube-movie-signals-project/scripts/extract_semantic_features.py", line 116, in build_prompt
    comments = record["texts"][:max_comments]
               ~~~~~~^^^^^^^^^
KeyError: 'texts'
2026-05-27 11:51:01,078 | INFO | [132] Processing movie_id=520763 batch_id=batch_132
2026-05-27 11:51:01,078 | ERROR | Error on line 132 (movie_id=520763): 'texts'
Traceback (most recent call last):
  File "/gpfs/projects/imt526a/group1/youtube-movie-signals-project/scripts/extract_semantic_features.py", line 278, in main
    system_prompt, user_msg, n_comments = build_prompt(record, args.max_comments_per_batch)
                                          ~~~~~~~~~~~~^^^^^^^^^^^^^^^^^^^^^^^^^^^^^^^^^^^^^
  File "/gpfs/projects/imt526a/group1/youtube-movie-signals-project/scripts/extract_semantic_features.py", line 116, in build_prompt
    comments = record["texts"][:max_comments]
               ~~~~~~^^^^^^^^^
KeyError: 'texts'
2026-05-27 11:51:01,086 | INFO | [133] Processing movie_id=474350 batch_id=batch_133
2026-05-27 11:51:01,086 | ERROR | Error on line 133 (movie_id=474350): 'texts'
Traceback (most recent call last):
  File "/gpfs/projects/imt526a/group1/youtube-movie-signals-project/scripts/extract_semantic_features.py", line 278, in main
    system_prompt, user_msg, n_comments = build_prompt(record, args.max_comments_per_batch)
                                          ~~~~~~~~~~~~^^^^^^^^^^^^^^^^^^^^^^^^^^^^^^^^^^^^^
  File "/gpfs/projects/imt526a/group1/youtube-movie-signals-project/scripts/extract_semantic_features.py", line 116, in build_prompt
    comments = record["texts"][:max_comments]
               ~~~~~~^^^^^^^^^
KeyError: 'texts'
2026-05-27 11:51:01,092 | INFO | [134] Processing movie_id=760104 batch_id=batch_134
2026-05-27 11:51:01,092 | ERROR | Error on line 134 (movie_id=760104): 'texts'
Traceback (most recent call last):
  File "/gpfs/projects/imt526a/group1/youtube-movie-signals-project/scripts/extract_semantic_features.py", line 278, in main
    system_prompt, user_msg, n_comments = build_prompt(record, args.max_comments_per_batch)
                                          ~~~~~~~~~~~~^^^^^^^^^^^^^^^^^^^^^^^^^^^^^^^^^^^^^
  File "/gpfs/projects/imt526a/group1/youtube-movie-signals-project/scripts/extract_semantic_features.py", line 116, in build_prompt
    comments = record["texts"][:max_comments]
               ~~~~~~^^^^^^^^^
KeyError: 'texts'
2026-05-27 11:51:01,098 | INFO | [135] Processing movie_id=512200 batch_id=batch_135
2026-05-27 11:51:01,098 | ERROR | Error on line 135 (movie_id=512200): 'texts'
Traceback (most recent call last):
  File "/gpfs/projects/imt526a/group1/youtube-movie-signals-project/scripts/extract_semantic_features.py", line 278, in main
    system_prompt, user_msg, n_comments = build_prompt(record, args.max_comments_per_batch)
                                          ~~~~~~~~~~~~^^^^^^^^^^^^^^^^^^^^^^^^^^^^^^^^^^^^^
  File "/gpfs/projects/imt526a/group1/youtube-movie-signals-project/scripts/extract_semantic_features.py", line 116, in build_prompt
    comments = record["texts"][:max_comments]
               ~~~~~~^^^^^^^^^
KeyError: 'texts'
2026-05-27 11:51:01,106 | INFO | [136] Processing movie_id=336843 batch_id=batch_136
2026-05-27 11:51:01,106 | ERROR | Error on line 136 (movie_id=336843): 'texts'
Traceback (most recent call last):
  File "/gpfs/projects/imt526a/group1/youtube-movie-signals-project/scripts/extract_semantic_features.py", line 278, in main
    system_prompt, user_msg, n_comments = build_prompt(record, args.max_comments_per_batch)
                                          ~~~~~~~~~~~~^^^^^^^^^^^^^^^^^^^^^^^^^^^^^^^^^^^^^
  File "/gpfs/projects/imt526a/group1/youtube-movie-signals-project/scripts/extract_semantic_features.py", line 116, in build_prompt
    comments = record["texts"][:max_comments]
               ~~~~~~^^^^^^^^^
KeyError: 'texts'
2026-05-27 11:51:01,113 | INFO | [137] Processing movie_id=930094 batch_id=batch_137
2026-05-27 11:51:01,113 | ERROR | Error on line 137 (movie_id=930094): 'texts'
Traceback (most recent call last):
  File "/gpfs/projects/imt526a/group1/youtube-movie-signals-project/scripts/extract_semantic_features.py", line 278, in main
    system_prompt, user_msg, n_comments = build_prompt(record, args.max_comments_per_batch)
                                          ~~~~~~~~~~~~^^^^^^^^^^^^^^^^^^^^^^^^^^^^^^^^^^^^^
  File "/gpfs/projects/imt526a/group1/youtube-movie-signals-project/scripts/extract_semantic_features.py", line 116, in build_prompt
    comments = record["texts"][:max_comments]
               ~~~~~~^^^^^^^^^
KeyError: 'texts'
2026-05-27 11:51:01,120 | INFO | [138] Processing movie_id=480530 batch_id=batch_138
2026-05-27 11:51:01,120 | ERROR | Error on line 138 (movie_id=480530): 'texts'
Traceback (most recent call last):
  File "/gpfs/projects/imt526a/group1/youtube-movie-signals-project/scripts/extract_semantic_features.py", line 278, in main
    system_prompt, user_msg, n_comments = build_prompt(record, args.max_comments_per_batch)
                                          ~~~~~~~~~~~~^^^^^^^^^^^^^^^^^^^^^^^^^^^^^^^^^^^^^
  File "/gpfs/projects/imt526a/group1/youtube-movie-signals-project/scripts/extract_semantic_features.py", line 116, in build_prompt
    comments = record["texts"][:max_comments]
               ~~~~~~^^^^^^^^^
KeyError: 'texts'
2026-05-27 11:51:01,127 | INFO | [139] Processing movie_id=335988 batch_id=batch_139
2026-05-27 11:51:01,128 | ERROR | Error on line 139 (movie_id=335988): 'texts'
Traceback (most recent call last):
  File "/gpfs/projects/imt526a/group1/youtube-movie-signals-project/scripts/extract_semantic_features.py", line 278, in main
    system_prompt, user_msg, n_comments = build_prompt(record, args.max_comments_per_batch)
                                          ~~~~~~~~~~~~^^^^^^^^^^^^^^^^^^^^^^^^^^^^^^^^^^^^^
  File "/gpfs/projects/imt526a/group1/youtube-movie-signals-project/scripts/extract_semantic_features.py", line 116, in build_prompt
    comments = record["texts"][:max_comments]
               ~~~~~~^^^^^^^^^
KeyError: 'texts'
2026-05-27 11:51:01,136 | INFO | [140] Processing movie_id=338953 batch_id=batch_140
2026-05-27 11:51:01,136 | ERROR | Error on line 140 (movie_id=338953): 'texts'
Traceback (most recent call last):
  File "/gpfs/projects/imt526a/group1/youtube-movie-signals-project/scripts/extract_semantic_features.py", line 278, in main
    system_prompt, user_msg, n_comments = build_prompt(record, args.max_comments_per_batch)
                                          ~~~~~~~~~~~~^^^^^^^^^^^^^^^^^^^^^^^^^^^^^^^^^^^^^
  File "/gpfs/projects/imt526a/group1/youtube-movie-signals-project/scripts/extract_semantic_features.py", line 116, in build_prompt
    comments = record["texts"][:max_comments]
               ~~~~~~^^^^^^^^^
KeyError: 'texts'
2026-05-27 11:51:01,145 | INFO | [141] Processing movie_id=460458 batch_id=batch_141
2026-05-27 11:51:01,145 | ERROR | Error on line 141 (movie_id=460458): 'texts'
Traceback (most recent call last):
  File "/gpfs/projects/imt526a/group1/youtube-movie-signals-project/scripts/extract_semantic_features.py", line 278, in main
    system_prompt, user_msg, n_comments = build_prompt(record, args.max_comments_per_batch)
                                          ~~~~~~~~~~~~^^^^^^^^^^^^^^^^^^^^^^^^^^^^^^^^^^^^^
  File "/gpfs/projects/imt526a/group1/youtube-movie-signals-project/scripts/extract_semantic_features.py", line 116, in build_prompt
    comments = record["texts"][:max_comments]
               ~~~~~~^^^^^^^^^
KeyError: 'texts'
2026-05-27 11:51:01,155 | INFO | [142] Processing movie_id=290859 batch_id=batch_142
2026-05-27 11:51:01,155 | ERROR | Error on line 142 (movie_id=290859): 'texts'
Traceback (most recent call last):
  File "/gpfs/projects/imt526a/group1/youtube-movie-signals-project/scripts/extract_semantic_features.py", line 278, in main
    system_prompt, user_msg, n_comments = build_prompt(record, args.max_comments_per_batch)
                                          ~~~~~~~~~~~~^^^^^^^^^^^^^^^^^^^^^^^^^^^^^^^^^^^^^
  File "/gpfs/projects/imt526a/group1/youtube-movie-signals-project/scripts/extract_semantic_features.py", line 116, in build_prompt
    comments = record["texts"][:max_comments]
               ~~~~~~^^^^^^^^^
KeyError: 'texts'
2026-05-27 11:51:01,162 | INFO | [143] Processing movie_id=343668 batch_id=batch_143
2026-05-27 11:51:01,162 | ERROR | Error on line 143 (movie_id=343668): 'texts'
Traceback (most recent call last):
  File "/gpfs/projects/imt526a/group1/youtube-movie-signals-project/scripts/extract_semantic_features.py", line 278, in main
    system_prompt, user_msg, n_comments = build_prompt(record, args.max_comments_per_batch)
                                          ~~~~~~~~~~~~^^^^^^^^^^^^^^^^^^^^^^^^^^^^^^^^^^^^^
  File "/gpfs/projects/imt526a/group1/youtube-movie-signals-project/scripts/extract_semantic_features.py", line 116, in build_prompt
    comments = record["texts"][:max_comments]
               ~~~~~~^^^^^^^^^
KeyError: 'texts'
2026-05-27 11:51:01,169 | INFO | [144] Processing movie_id=677179 batch_id=batch_144
2026-05-27 11:51:01,169 | ERROR | Error on line 144 (movie_id=677179): 'texts'
Traceback (most recent call last):
  File "/gpfs/projects/imt526a/group1/youtube-movie-signals-project/scripts/extract_semantic_features.py", line 278, in main
    system_prompt, user_msg, n_comments = build_prompt(record, args.max_comments_per_batch)
                                          ~~~~~~~~~~~~^^^^^^^^^^^^^^^^^^^^^^^^^^^^^^^^^^^^^
  File "/gpfs/projects/imt526a/group1/youtube-movie-signals-project/scripts/extract_semantic_features.py", line 116, in build_prompt
    comments = record["texts"][:max_comments]
               ~~~~~~^^^^^^^^^
KeyError: 'texts'
2026-05-27 11:51:01,177 | INFO | [145] Processing movie_id=889737 batch_id=batch_145
2026-05-27 11:51:01,177 | ERROR | Error on line 145 (movie_id=889737): 'texts'
Traceback (most recent call last):
  File "/gpfs/projects/imt526a/group1/youtube-movie-signals-project/scripts/extract_semantic_features.py", line 278, in main
    system_prompt, user_msg, n_comments = build_prompt(record, args.max_comments_per_batch)
                                          ~~~~~~~~~~~~^^^^^^^^^^^^^^^^^^^^^^^^^^^^^^^^^^^^^
  File "/gpfs/projects/imt526a/group1/youtube-movie-signals-project/scripts/extract_semantic_features.py", line 116, in build_prompt
    comments = record["texts"][:max_comments]
               ~~~~~~^^^^^^^^^
KeyError: 'texts'
2026-05-27 11:51:01,186 | INFO | [146] Processing movie_id=609681 batch_id=batch_146
2026-05-27 11:51:01,186 | ERROR | Error on line 146 (movie_id=609681): 'texts'
Traceback (most recent call last):
  File "/gpfs/projects/imt526a/group1/youtube-movie-signals-project/scripts/extract_semantic_features.py", line 278, in main
    system_prompt, user_msg, n_comments = build_prompt(record, args.max_comments_per_batch)
                                          ~~~~~~~~~~~~^^^^^^^^^^^^^^^^^^^^^^^^^^^^^^^^^^^^^
  File "/gpfs/projects/imt526a/group1/youtube-movie-signals-project/scripts/extract_semantic_features.py", line 116, in build_prompt
    comments = record["texts"][:max_comments]
               ~~~~~~^^^^^^^^^
KeyError: 'texts'
2026-05-27 11:51:01,189 | INFO | [147] Processing movie_id=400928 batch_id=batch_147
2026-05-27 11:51:01,189 | ERROR | Error on line 147 (movie_id=400928): 'texts'
Traceback (most recent call last):
  File "/gpfs/projects/imt526a/group1/youtube-movie-signals-project/scripts/extract_semantic_features.py", line 278, in main
    system_prompt, user_msg, n_comments = build_prompt(record, args.max_comments_per_batch)
                                          ~~~~~~~~~~~~^^^^^^^^^^^^^^^^^^^^^^^^^^^^^^^^^^^^^
  File "/gpfs/projects/imt526a/group1/youtube-movie-signals-project/scripts/extract_semantic_features.py", line 116, in build_prompt
    comments = record["texts"][:max_comments]
               ~~~~~~^^^^^^^^^
KeyError: 'texts'
2026-05-27 11:51:01,196 | INFO | [148] Processing movie_id=980489 batch_id=batch_148
2026-05-27 11:51:01,196 | ERROR | Error on line 148 (movie_id=980489): 'texts'
Traceback (most recent call last):
  File "/gpfs/projects/imt526a/group1/youtube-movie-signals-project/scripts/extract_semantic_features.py", line 278, in main
    system_prompt, user_msg, n_comments = build_prompt(record, args.max_comments_per_batch)
                                          ~~~~~~~~~~~~^^^^^^^^^^^^^^^^^^^^^^^^^^^^^^^^^^^^^
  File "/gpfs/projects/imt526a/group1/youtube-movie-signals-project/scripts/extract_semantic_features.py", line 116, in build_prompt
    comments = record["texts"][:max_comments]
               ~~~~~~^^^^^^^^^
KeyError: 'texts'
2026-05-27 11:51:01,202 | INFO | [149] Processing movie_id=1111873 batch_id=batch_149
2026-05-27 11:51:01,202 | ERROR | Error on line 149 (movie_id=1111873): 'texts'
Traceback (most recent call last):
  File "/gpfs/projects/imt526a/group1/youtube-movie-signals-project/scripts/extract_semantic_features.py", line 278, in main
    system_prompt, user_msg, n_comments = build_prompt(record, args.max_comments_per_batch)
                                          ~~~~~~~~~~~~^^^^^^^^^^^^^^^^^^^^^^^^^^^^^^^^^^^^^
  File "/gpfs/projects/imt526a/group1/youtube-movie-signals-project/scripts/extract_semantic_features.py", line 116, in build_prompt
    comments = record["texts"][:max_comments]
               ~~~~~~^^^^^^^^^
KeyError: 'texts'
2026-05-27 11:51:01,210 | INFO | [150] Processing movie_id=312221 batch_id=batch_150
2026-05-27 11:51:01,210 | ERROR | Error on line 150 (movie_id=312221): 'texts'
Traceback (most recent call last):
  File "/gpfs/projects/imt526a/group1/youtube-movie-signals-project/scripts/extract_semantic_features.py", line 278, in main
    system_prompt, user_msg, n_comments = build_prompt(record, args.max_comments_per_batch)
                                          ~~~~~~~~~~~~^^^^^^^^^^^^^^^^^^^^^^^^^^^^^^^^^^^^^
  File "/gpfs/projects/imt526a/group1/youtube-movie-signals-project/scripts/extract_semantic_features.py", line 116, in build_prompt
    comments = record["texts"][:max_comments]
               ~~~~~~^^^^^^^^^
KeyError: 'texts'
2026-05-27 11:51:01,220 | INFO | [151] Processing movie_id=646380 batch_id=batch_151
2026-05-27 11:51:01,220 | ERROR | Error on line 151 (movie_id=646380): 'texts'
Traceback (most recent call last):
  File "/gpfs/projects/imt526a/group1/youtube-movie-signals-project/scripts/extract_semantic_features.py", line 278, in main
    system_prompt, user_msg, n_comments = build_prompt(record, args.max_comments_per_batch)
                                          ~~~~~~~~~~~~^^^^^^^^^^^^^^^^^^^^^^^^^^^^^^^^^^^^^
  File "/gpfs/projects/imt526a/group1/youtube-movie-signals-project/scripts/extract_semantic_features.py", line 116, in build_prompt
    comments = record["texts"][:max_comments]
               ~~~~~~^^^^^^^^^
KeyError: 'texts'
2026-05-27 11:51:01,227 | INFO | [152] Processing movie_id=363088 batch_id=batch_152
2026-05-27 11:51:01,227 | ERROR | Error on line 152 (movie_id=363088): 'texts'
Traceback (most recent call last):
  File "/gpfs/projects/imt526a/group1/youtube-movie-signals-project/scripts/extract_semantic_features.py", line 278, in main
    system_prompt, user_msg, n_comments = build_prompt(record, args.max_comments_per_batch)
                                          ~~~~~~~~~~~~^^^^^^^^^^^^^^^^^^^^^^^^^^^^^^^^^^^^^
  File "/gpfs/projects/imt526a/group1/youtube-movie-signals-project/scripts/extract_semantic_features.py", line 116, in build_prompt
    comments = record["texts"][:max_comments]
               ~~~~~~^^^^^^^^^
KeyError: 'texts'
2026-05-27 11:51:01,234 | INFO | [153] Processing movie_id=725201 batch_id=batch_153
2026-05-27 11:51:01,234 | ERROR | Error on line 153 (movie_id=725201): 'texts'
Traceback (most recent call last):
  File "/gpfs/projects/imt526a/group1/youtube-movie-signals-project/scripts/extract_semantic_features.py", line 278, in main
    system_prompt, user_msg, n_comments = build_prompt(record, args.max_comments_per_batch)
                                          ~~~~~~~~~~~~^^^^^^^^^^^^^^^^^^^^^^^^^^^^^^^^^^^^^
  File "/gpfs/projects/imt526a/group1/youtube-movie-signals-project/scripts/extract_semantic_features.py", line 116, in build_prompt
    comments = record["texts"][:max_comments]
               ~~~~~~^^^^^^^^^
KeyError: 'texts'
2026-05-27 11:51:01,241 | INFO | [154] Processing movie_id=697843 batch_id=batch_154
2026-05-27 11:51:01,241 | ERROR | Error on line 154 (movie_id=697843): 'texts'
Traceback (most recent call last):
  File "/gpfs/projects/imt526a/group1/youtube-movie-signals-project/scripts/extract_semantic_features.py", line 278, in main
    system_prompt, user_msg, n_comments = build_prompt(record, args.max_comments_per_batch)
                                          ~~~~~~~~~~~~^^^^^^^^^^^^^^^^^^^^^^^^^^^^^^^^^^^^^
  File "/gpfs/projects/imt526a/group1/youtube-movie-signals-project/scripts/extract_semantic_features.py", line 116, in build_prompt
    comments = record["texts"][:max_comments]
               ~~~~~~^^^^^^^^^
KeyError: 'texts'
2026-05-27 11:51:01,250 | INFO | [155] Processing movie_id=929590 batch_id=batch_155
2026-05-27 11:51:01,250 | ERROR | Error on line 155 (movie_id=929590): 'texts'
Traceback (most recent call last):
  File "/gpfs/projects/imt526a/group1/youtube-movie-signals-project/scripts/extract_semantic_features.py", line 278, in main
    system_prompt, user_msg, n_comments = build_prompt(record, args.max_comments_per_batch)
                                          ~~~~~~~~~~~~^^^^^^^^^^^^^^^^^^^^^^^^^^^^^^^^^^^^^
  File "/gpfs/projects/imt526a/group1/youtube-movie-signals-project/scripts/extract_semantic_features.py", line 116, in build_prompt
    comments = record["texts"][:max_comments]
               ~~~~~~^^^^^^^^^
KeyError: 'texts'
2026-05-27 11:51:01,257 | INFO | [156] Processing movie_id=483906 batch_id=batch_156
2026-05-27 11:51:01,257 | ERROR | Error on line 156 (movie_id=483906): 'texts'
Traceback (most recent call last):
  File "/gpfs/projects/imt526a/group1/youtube-movie-signals-project/scripts/extract_semantic_features.py", line 278, in main
    system_prompt, user_msg, n_comments = build_prompt(record, args.max_comments_per_batch)
                                          ~~~~~~~~~~~~^^^^^^^^^^^^^^^^^^^^^^^^^^^^^^^^^^^^^
  File "/gpfs/projects/imt526a/group1/youtube-movie-signals-project/scripts/extract_semantic_features.py", line 116, in build_prompt
    comments = record["texts"][:max_comments]
               ~~~~~~^^^^^^^^^
KeyError: 'texts'
2026-05-27 11:51:01,264 | INFO | [157] Processing movie_id=968051 batch_id=batch_157
2026-05-27 11:51:01,264 | ERROR | Error on line 157 (movie_id=968051): 'texts'
Traceback (most recent call last):
  File "/gpfs/projects/imt526a/group1/youtube-movie-signals-project/scripts/extract_semantic_features.py", line 278, in main
    system_prompt, user_msg, n_comments = build_prompt(record, args.max_comments_per_batch)
                                          ~~~~~~~~~~~~^^^^^^^^^^^^^^^^^^^^^^^^^^^^^^^^^^^^^
  File "/gpfs/projects/imt526a/group1/youtube-movie-signals-project/scripts/extract_semantic_features.py", line 116, in build_prompt
    comments = record["texts"][:max_comments]
               ~~~~~~^^^^^^^^^
KeyError: 'texts'
2026-05-27 11:51:01,271 | INFO | [158] Processing movie_id=282035 batch_id=batch_158
2026-05-27 11:51:01,271 | ERROR | Error on line 158 (movie_id=282035): 'texts'
Traceback (most recent call last):
  File "/gpfs/projects/imt526a/group1/youtube-movie-signals-project/scripts/extract_semantic_features.py", line 278, in main
    system_prompt, user_msg, n_comments = build_prompt(record, args.max_comments_per_batch)
                                          ~~~~~~~~~~~~^^^^^^^^^^^^^^^^^^^^^^^^^^^^^^^^^^^^^
  File "/gpfs/projects/imt526a/group1/youtube-movie-signals-project/scripts/extract_semantic_features.py", line 116, in build_prompt
    comments = record["texts"][:max_comments]
               ~~~~~~^^^^^^^^^
KeyError: 'texts'
2026-05-27 11:51:01,279 | INFO | [159] Processing movie_id=283366 batch_id=batch_159
2026-05-27 11:51:01,279 | ERROR | Error on line 159 (movie_id=283366): 'texts'
Traceback (most recent call last):
  File "/gpfs/projects/imt526a/group1/youtube-movie-signals-project/scripts/extract_semantic_features.py", line 278, in main
    system_prompt, user_msg, n_comments = build_prompt(record, args.max_comments_per_batch)
                                          ~~~~~~~~~~~~^^^^^^^^^^^^^^^^^^^^^^^^^^^^^^^^^^^^^
  File "/gpfs/projects/imt526a/group1/youtube-movie-signals-project/scripts/extract_semantic_features.py", line 116, in build_prompt
    comments = record["texts"][:max_comments]
               ~~~~~~^^^^^^^^^
KeyError: 'texts'
2026-05-27 11:51:01,287 | INFO | [160] Processing movie_id=450465 batch_id=batch_160
2026-05-27 11:51:01,287 | ERROR | Error on line 160 (movie_id=450465): 'texts'
Traceback (most recent call last):
  File "/gpfs/projects/imt526a/group1/youtube-movie-signals-project/scripts/extract_semantic_features.py", line 278, in main
    system_prompt, user_msg, n_comments = build_prompt(record, args.max_comments_per_batch)
                                          ~~~~~~~~~~~~^^^^^^^^^^^^^^^^^^^^^^^^^^^^^^^^^^^^^
  File "/gpfs/projects/imt526a/group1/youtube-movie-signals-project/scripts/extract_semantic_features.py", line 116, in build_prompt
    comments = record["texts"][:max_comments]
               ~~~~~~^^^^^^^^^
KeyError: 'texts'
2026-05-27 11:51:01,289 | INFO | [161] Processing movie_id=273248 batch_id=batch_161
2026-05-27 11:51:01,289 | ERROR | Error on line 161 (movie_id=273248): 'texts'
Traceback (most recent call last):
  File "/gpfs/projects/imt526a/group1/youtube-movie-signals-project/scripts/extract_semantic_features.py", line 278, in main
    system_prompt, user_msg, n_comments = build_prompt(record, args.max_comments_per_batch)
                                          ~~~~~~~~~~~~^^^^^^^^^^^^^^^^^^^^^^^^^^^^^^^^^^^^^
  File "/gpfs/projects/imt526a/group1/youtube-movie-signals-project/scripts/extract_semantic_features.py", line 116, in build_prompt
    comments = record["texts"][:max_comments]
               ~~~~~~^^^^^^^^^
KeyError: 'texts'
2026-05-27 11:51:01,294 | INFO | [162] Processing movie_id=302946 batch_id=batch_162
2026-05-27 11:51:01,294 | ERROR | Error on line 162 (movie_id=302946): 'texts'
Traceback (most recent call last):
  File "/gpfs/projects/imt526a/group1/youtube-movie-signals-project/scripts/extract_semantic_features.py", line 278, in main
    system_prompt, user_msg, n_comments = build_prompt(record, args.max_comments_per_batch)
                                          ~~~~~~~~~~~~^^^^^^^^^^^^^^^^^^^^^^^^^^^^^^^^^^^^^
  File "/gpfs/projects/imt526a/group1/youtube-movie-signals-project/scripts/extract_semantic_features.py", line 116, in build_prompt
    comments = record["texts"][:max_comments]
               ~~~~~~^^^^^^^^^
KeyError: 'texts'
2026-05-27 11:51:01,297 | INFO | [163] Processing movie_id=423204 batch_id=batch_163
2026-05-27 11:51:01,297 | ERROR | Error on line 163 (movie_id=423204): 'texts'
Traceback (most recent call last):
  File "/gpfs/projects/imt526a/group1/youtube-movie-signals-project/scripts/extract_semantic_features.py", line 278, in main
    system_prompt, user_msg, n_comments = build_prompt(record, args.max_comments_per_batch)
                                          ~~~~~~~~~~~~^^^^^^^^^^^^^^^^^^^^^^^^^^^^^^^^^^^^^
  File "/gpfs/projects/imt526a/group1/youtube-movie-signals-project/scripts/extract_semantic_features.py", line 116, in build_prompt
    comments = record["texts"][:max_comments]
               ~~~~~~^^^^^^^^^
KeyError: 'texts'
2026-05-27 11:51:01,299 | INFO | [164] Processing movie_id=278154 batch_id=batch_164
2026-05-27 11:51:01,299 | ERROR | Error on line 164 (movie_id=278154): 'texts'
Traceback (most recent call last):
  File "/gpfs/projects/imt526a/group1/youtube-movie-signals-project/scripts/extract_semantic_features.py", line 278, in main
    system_prompt, user_msg, n_comments = build_prompt(record, args.max_comments_per_batch)
                                          ~~~~~~~~~~~~^^^^^^^^^^^^^^^^^^^^^^^^^^^^^^^^^^^^^
  File "/gpfs/projects/imt526a/group1/youtube-movie-signals-project/scripts/extract_semantic_features.py", line 116, in build_prompt
    comments = record["texts"][:max_comments]
               ~~~~~~^^^^^^^^^
KeyError: 'texts'
2026-05-27 11:51:01,307 | INFO | [165] Processing movie_id=670292 batch_id=batch_165
2026-05-27 11:51:01,307 | ERROR | Error on line 165 (movie_id=670292): 'texts'
Traceback (most recent call last):
  File "/gpfs/projects/imt526a/group1/youtube-movie-signals-project/scripts/extract_semantic_features.py", line 278, in main
    system_prompt, user_msg, n_comments = build_prompt(record, args.max_comments_per_batch)
                                          ~~~~~~~~~~~~^^^^^^^^^^^^^^^^^^^^^^^^^^^^^^^^^^^^^
  File "/gpfs/projects/imt526a/group1/youtube-movie-signals-project/scripts/extract_semantic_features.py", line 116, in build_prompt
    comments = record["texts"][:max_comments]
               ~~~~~~^^^^^^^^^
KeyError: 'texts'
2026-05-27 11:51:01,314 | INFO | [166] Processing movie_id=348350 batch_id=batch_166
2026-05-27 11:51:01,315 | ERROR | Error on line 166 (movie_id=348350): 'texts'
Traceback (most recent call last):
  File "/gpfs/projects/imt526a/group1/youtube-movie-signals-project/scripts/extract_semantic_features.py", line 278, in main
    system_prompt, user_msg, n_comments = build_prompt(record, args.max_comments_per_batch)
                                          ~~~~~~~~~~~~^^^^^^^^^^^^^^^^^^^^^^^^^^^^^^^^^^^^^
  File "/gpfs/projects/imt526a/group1/youtube-movie-signals-project/scripts/extract_semantic_features.py", line 116, in build_prompt
    comments = record["texts"][:max_comments]
               ~~~~~~^^^^^^^^^
KeyError: 'texts'
2026-05-27 11:51:01,321 | INFO | [167] Processing movie_id=339964 batch_id=batch_167
2026-05-27 11:51:01,321 | ERROR | Error on line 167 (movie_id=339964): 'texts'
Traceback (most recent call last):
  File "/gpfs/projects/imt526a/group1/youtube-movie-signals-project/scripts/extract_semantic_features.py", line 278, in main
    system_prompt, user_msg, n_comments = build_prompt(record, args.max_comments_per_batch)
                                          ~~~~~~~~~~~~^^^^^^^^^^^^^^^^^^^^^^^^^^^^^^^^^^^^^
  File "/gpfs/projects/imt526a/group1/youtube-movie-signals-project/scripts/extract_semantic_features.py", line 116, in build_prompt
    comments = record["texts"][:max_comments]
               ~~~~~~^^^^^^^^^
KeyError: 'texts'
2026-05-27 11:51:01,325 | INFO | [168] Processing movie_id=270303 batch_id=batch_168
2026-05-27 11:51:01,325 | ERROR | Error on line 168 (movie_id=270303): 'texts'
Traceback (most recent call last):
  File "/gpfs/projects/imt526a/group1/youtube-movie-signals-project/scripts/extract_semantic_features.py", line 278, in main
    system_prompt, user_msg, n_comments = build_prompt(record, args.max_comments_per_batch)
                                          ~~~~~~~~~~~~^^^^^^^^^^^^^^^^^^^^^^^^^^^^^^^^^^^^^
  File "/gpfs/projects/imt526a/group1/youtube-movie-signals-project/scripts/extract_semantic_features.py", line 116, in build_prompt
    comments = record["texts"][:max_comments]
               ~~~~~~^^^^^^^^^
KeyError: 'texts'
2026-05-27 11:51:01,333 | INFO | [169] Processing movie_id=297761 batch_id=batch_169
2026-05-27 11:51:01,333 | ERROR | Error on line 169 (movie_id=297761): 'texts'
Traceback (most recent call last):
  File "/gpfs/projects/imt526a/group1/youtube-movie-signals-project/scripts/extract_semantic_features.py", line 278, in main
    system_prompt, user_msg, n_comments = build_prompt(record, args.max_comments_per_batch)
                                          ~~~~~~~~~~~~^^^^^^^^^^^^^^^^^^^^^^^^^^^^^^^^^^^^^
  File "/gpfs/projects/imt526a/group1/youtube-movie-signals-project/scripts/extract_semantic_features.py", line 116, in build_prompt
    comments = record["texts"][:max_comments]
               ~~~~~~^^^^^^^^^
KeyError: 'texts'
2026-05-27 11:51:01,337 | INFO | [170] Processing movie_id=400535 batch_id=batch_170
2026-05-27 11:51:01,337 | ERROR | Error on line 170 (movie_id=400535): 'texts'
Traceback (most recent call last):
  File "/gpfs/projects/imt526a/group1/youtube-movie-signals-project/scripts/extract_semantic_features.py", line 278, in main
    system_prompt, user_msg, n_comments = build_prompt(record, args.max_comments_per_batch)
                                          ~~~~~~~~~~~~^^^^^^^^^^^^^^^^^^^^^^^^^^^^^^^^^^^^^
  File "/gpfs/projects/imt526a/group1/youtube-movie-signals-project/scripts/extract_semantic_features.py", line 116, in build_prompt
    comments = record["texts"][:max_comments]
               ~~~~~~^^^^^^^^^
KeyError: 'texts'
2026-05-27 11:51:01,341 | INFO | [171] Processing movie_id=300671 batch_id=batch_171
2026-05-27 11:51:01,341 | ERROR | Error on line 171 (movie_id=300671): 'texts'
Traceback (most recent call last):
  File "/gpfs/projects/imt526a/group1/youtube-movie-signals-project/scripts/extract_semantic_features.py", line 278, in main
    system_prompt, user_msg, n_comments = build_prompt(record, args.max_comments_per_batch)
                                          ~~~~~~~~~~~~^^^^^^^^^^^^^^^^^^^^^^^^^^^^^^^^^^^^^
  File "/gpfs/projects/imt526a/group1/youtube-movie-signals-project/scripts/extract_semantic_features.py", line 116, in build_prompt
    comments = record["texts"][:max_comments]
               ~~~~~~^^^^^^^^^
KeyError: 'texts'
2026-05-27 11:51:01,349 | INFO | [172] Processing movie_id=262500 batch_id=batch_172
2026-05-27 11:51:01,349 | ERROR | Error on line 172 (movie_id=262500): 'texts'
Traceback (most recent call last):
  File "/gpfs/projects/imt526a/group1/youtube-movie-signals-project/scripts/extract_semantic_features.py", line 278, in main
    system_prompt, user_msg, n_comments = build_prompt(record, args.max_comments_per_batch)
                                          ~~~~~~~~~~~~^^^^^^^^^^^^^^^^^^^^^^^^^^^^^^^^^^^^^
  File "/gpfs/projects/imt526a/group1/youtube-movie-signals-project/scripts/extract_semantic_features.py", line 116, in build_prompt
    comments = record["texts"][:max_comments]
               ~~~~~~^^^^^^^^^
KeyError: 'texts'
2026-05-27 11:51:01,356 | INFO | [173] Processing movie_id=310131 batch_id=batch_173
2026-05-27 11:51:01,356 | ERROR | Error on line 173 (movie_id=310131): 'texts'
Traceback (most recent call last):
  File "/gpfs/projects/imt526a/group1/youtube-movie-signals-project/scripts/extract_semantic_features.py", line 278, in main
    system_prompt, user_msg, n_comments = build_prompt(record, args.max_comments_per_batch)
                                          ~~~~~~~~~~~~^^^^^^^^^^^^^^^^^^^^^^^^^^^^^^^^^^^^^
  File "/gpfs/projects/imt526a/group1/youtube-movie-signals-project/scripts/extract_semantic_features.py", line 116, in build_prompt
    comments = record["texts"][:max_comments]
               ~~~~~~^^^^^^^^^
KeyError: 'texts'
2026-05-27 11:51:01,362 | INFO | [174] Processing movie_id=762441 batch_id=batch_174
2026-05-27 11:51:01,362 | ERROR | Error on line 174 (movie_id=762441): 'texts'
Traceback (most recent call last):
  File "/gpfs/projects/imt526a/group1/youtube-movie-signals-project/scripts/extract_semantic_features.py", line 278, in main
    system_prompt, user_msg, n_comments = build_prompt(record, args.max_comments_per_batch)
                                          ~~~~~~~~~~~~^^^^^^^^^^^^^^^^^^^^^^^^^^^^^^^^^^^^^
  File "/gpfs/projects/imt526a/group1/youtube-movie-signals-project/scripts/extract_semantic_features.py", line 116, in build_prompt
    comments = record["texts"][:max_comments]
               ~~~~~~^^^^^^^^^
KeyError: 'texts'
2026-05-27 11:51:01,365 | INFO | [175] Processing movie_id=281338 batch_id=batch_175
2026-05-27 11:51:01,365 | ERROR | Error on line 175 (movie_id=281338): 'texts'
Traceback (most recent call last):
  File "/gpfs/projects/imt526a/group1/youtube-movie-signals-project/scripts/extract_semantic_features.py", line 278, in main
    system_prompt, user_msg, n_comments = build_prompt(record, args.max_comments_per_batch)
                                          ~~~~~~~~~~~~^^^^^^^^^^^^^^^^^^^^^^^^^^^^^^^^^^^^^
  File "/gpfs/projects/imt526a/group1/youtube-movie-signals-project/scripts/extract_semantic_features.py", line 116, in build_prompt
    comments = record["texts"][:max_comments]
               ~~~~~~^^^^^^^^^
KeyError: 'texts'
2026-05-27 11:51:01,372 | INFO | [176] Processing movie_id=341174 batch_id=batch_176
2026-05-27 11:51:01,372 | ERROR | Error on line 176 (movie_id=341174): 'texts'
Traceback (most recent call last):
  File "/gpfs/projects/imt526a/group1/youtube-movie-signals-project/scripts/extract_semantic_features.py", line 278, in main
    system_prompt, user_msg, n_comments = build_prompt(record, args.max_comments_per_batch)
                                          ~~~~~~~~~~~~^^^^^^^^^^^^^^^^^^^^^^^^^^^^^^^^^^^^^
  File "/gpfs/projects/imt526a/group1/youtube-movie-signals-project/scripts/extract_semantic_features.py", line 116, in build_prompt
    comments = record["texts"][:max_comments]
               ~~~~~~^^^^^^^^^
KeyError: 'texts'
2026-05-27 11:51:01,376 | INFO | [177] Processing movie_id=969492 batch_id=batch_177
2026-05-27 11:51:01,376 | ERROR | Error on line 177 (movie_id=969492): 'texts'
Traceback (most recent call last):
  File "/gpfs/projects/imt526a/group1/youtube-movie-signals-project/scripts/extract_semantic_features.py", line 278, in main
    system_prompt, user_msg, n_comments = build_prompt(record, args.max_comments_per_batch)
                                          ~~~~~~~~~~~~^^^^^^^^^^^^^^^^^^^^^^^^^^^^^^^^^^^^^
  File "/gpfs/projects/imt526a/group1/youtube-movie-signals-project/scripts/extract_semantic_features.py", line 116, in build_prompt
    comments = record["texts"][:max_comments]
               ~~~~~~^^^^^^^^^
KeyError: 'texts'
2026-05-27 11:51:01,384 | INFO | [178] Processing movie_id=1138194 batch_id=batch_178
2026-05-27 11:51:01,384 | ERROR | Error on line 178 (movie_id=1138194): 'texts'
Traceback (most recent call last):
  File "/gpfs/projects/imt526a/group1/youtube-movie-signals-project/scripts/extract_semantic_features.py", line 278, in main
    system_prompt, user_msg, n_comments = build_prompt(record, args.max_comments_per_batch)
                                          ~~~~~~~~~~~~^^^^^^^^^^^^^^^^^^^^^^^^^^^^^^^^^^^^^
  File "/gpfs/projects/imt526a/group1/youtube-movie-signals-project/scripts/extract_semantic_features.py", line 116, in build_prompt
    comments = record["texts"][:max_comments]
               ~~~~~~^^^^^^^^^
KeyError: 'texts'
2026-05-27 11:51:01,392 | INFO | [179] Processing movie_id=346910 batch_id=batch_179
2026-05-27 11:51:01,392 | ERROR | Error on line 179 (movie_id=346910): 'texts'
Traceback (most recent call last):
  File "/gpfs/projects/imt526a/group1/youtube-movie-signals-project/scripts/extract_semantic_features.py", line 278, in main
    system_prompt, user_msg, n_comments = build_prompt(record, args.max_comments_per_batch)
                                          ~~~~~~~~~~~~^^^^^^^^^^^^^^^^^^^^^^^^^^^^^^^^^^^^^
  File "/gpfs/projects/imt526a/group1/youtube-movie-signals-project/scripts/extract_semantic_features.py", line 116, in build_prompt
    comments = record["texts"][:max_comments]
               ~~~~~~^^^^^^^^^
KeyError: 'texts'
2026-05-27 11:51:01,396 | INFO | [180] Processing movie_id=661374 batch_id=batch_180
2026-05-27 11:51:01,397 | ERROR | Error on line 180 (movie_id=661374): 'texts'
Traceback (most recent call last):
  File "/gpfs/projects/imt526a/group1/youtube-movie-signals-project/scripts/extract_semantic_features.py", line 278, in main
    system_prompt, user_msg, n_comments = build_prompt(record, args.max_comments_per_batch)
                                          ~~~~~~~~~~~~^^^^^^^^^^^^^^^^^^^^^^^^^^^^^^^^^^^^^
  File "/gpfs/projects/imt526a/group1/youtube-movie-signals-project/scripts/extract_semantic_features.py", line 116, in build_prompt
    comments = record["texts"][:max_comments]
               ~~~~~~^^^^^^^^^
KeyError: 'texts'
2026-05-27 11:51:01,398 | INFO | [181] Processing movie_id=290250 batch_id=batch_181
2026-05-27 11:51:01,398 | ERROR | Error on line 181 (movie_id=290250): 'texts'
Traceback (most recent call last):
  File "/gpfs/projects/imt526a/group1/youtube-movie-signals-project/scripts/extract_semantic_features.py", line 278, in main
    system_prompt, user_msg, n_comments = build_prompt(record, args.max_comments_per_batch)
                                          ~~~~~~~~~~~~^^^^^^^^^^^^^^^^^^^^^^^^^^^^^^^^^^^^^
  File "/gpfs/projects/imt526a/group1/youtube-movie-signals-project/scripts/extract_semantic_features.py", line 116, in build_prompt
    comments = record["texts"][:max_comments]
               ~~~~~~^^^^^^^^^
KeyError: 'texts'
2026-05-27 11:51:01,406 | INFO | [182] Processing movie_id=640146 batch_id=batch_182
2026-05-27 11:51:01,406 | ERROR | Error on line 182 (movie_id=640146): 'texts'
Traceback (most recent call last):
  File "/gpfs/projects/imt526a/group1/youtube-movie-signals-project/scripts/extract_semantic_features.py", line 278, in main
    system_prompt, user_msg, n_comments = build_prompt(record, args.max_comments_per_batch)
                                          ~~~~~~~~~~~~^^^^^^^^^^^^^^^^^^^^^^^^^^^^^^^^^^^^^
  File "/gpfs/projects/imt526a/group1/youtube-movie-signals-project/scripts/extract_semantic_features.py", line 116, in build_prompt
    comments = record["texts"][:max_comments]
               ~~~~~~^^^^^^^^^
KeyError: 'texts'
2026-05-27 11:51:01,414 | INFO | [183] Processing movie_id=392044 batch_id=batch_183
2026-05-27 11:51:01,414 | ERROR | Error on line 183 (movie_id=392044): 'texts'
Traceback (most recent call last):
  File "/gpfs/projects/imt526a/group1/youtube-movie-signals-project/scripts/extract_semantic_features.py", line 278, in main
    system_prompt, user_msg, n_comments = build_prompt(record, args.max_comments_per_batch)
                                          ~~~~~~~~~~~~^^^^^^^^^^^^^^^^^^^^^^^^^^^^^^^^^^^^^
  File "/gpfs/projects/imt526a/group1/youtube-movie-signals-project/scripts/extract_semantic_features.py", line 116, in build_prompt
    comments = record["texts"][:max_comments]
               ~~~~~~^^^^^^^^^
KeyError: 'texts'
2026-05-27 11:51:01,422 | INFO | [184] Processing movie_id=337339 batch_id=batch_184
2026-05-27 11:51:01,422 | ERROR | Error on line 184 (movie_id=337339): 'texts'
Traceback (most recent call last):
  File "/gpfs/projects/imt526a/group1/youtube-movie-signals-project/scripts/extract_semantic_features.py", line 278, in main
    system_prompt, user_msg, n_comments = build_prompt(record, args.max_comments_per_batch)
                                          ~~~~~~~~~~~~^^^^^^^^^^^^^^^^^^^^^^^^^^^^^^^^^^^^^
  File "/gpfs/projects/imt526a/group1/youtube-movie-signals-project/scripts/extract_semantic_features.py", line 116, in build_prompt
    comments = record["texts"][:max_comments]
               ~~~~~~^^^^^^^^^
KeyError: 'texts'
2026-05-27 11:51:01,425 | INFO | [185] Processing movie_id=318846 batch_id=batch_185
2026-05-27 11:51:01,425 | ERROR | Error on line 185 (movie_id=318846): 'texts'
Traceback (most recent call last):
  File "/gpfs/projects/imt526a/group1/youtube-movie-signals-project/scripts/extract_semantic_features.py", line 278, in main
    system_prompt, user_msg, n_comments = build_prompt(record, args.max_comments_per_batch)
                                          ~~~~~~~~~~~~^^^^^^^^^^^^^^^^^^^^^^^^^^^^^^^^^^^^^
  File "/gpfs/projects/imt526a/group1/youtube-movie-signals-project/scripts/extract_semantic_features.py", line 116, in build_prompt
    comments = record["texts"][:max_comments]
               ~~~~~~^^^^^^^^^
KeyError: 'texts'
2026-05-27 11:51:01,428 | INFO | [186] Processing movie_id=877703 batch_id=batch_186
2026-05-27 11:51:01,428 | ERROR | Error on line 186 (movie_id=877703): 'texts'
Traceback (most recent call last):
  File "/gpfs/projects/imt526a/group1/youtube-movie-signals-project/scripts/extract_semantic_features.py", line 278, in main
    system_prompt, user_msg, n_comments = build_prompt(record, args.max_comments_per_batch)
                                          ~~~~~~~~~~~~^^^^^^^^^^^^^^^^^^^^^^^^^^^^^^^^^^^^^
  File "/gpfs/projects/imt526a/group1/youtube-movie-signals-project/scripts/extract_semantic_features.py", line 116, in build_prompt
    comments = record["texts"][:max_comments]
               ~~~~~~^^^^^^^^^
KeyError: 'texts'
2026-05-27 11:51:01,437 | INFO | [187] Processing movie_id=495764 batch_id=batch_187
2026-05-27 11:51:01,437 | ERROR | Error on line 187 (movie_id=495764): 'texts'
Traceback (most recent call last):
  File "/gpfs/projects/imt526a/group1/youtube-movie-signals-project/scripts/extract_semantic_features.py", line 278, in main
    system_prompt, user_msg, n_comments = build_prompt(record, args.max_comments_per_batch)
                                          ~~~~~~~~~~~~^^^^^^^^^^^^^^^^^^^^^^^^^^^^^^^^^^^^^
  File "/gpfs/projects/imt526a/group1/youtube-movie-signals-project/scripts/extract_semantic_features.py", line 116, in build_prompt
    comments = record["texts"][:max_comments]
               ~~~~~~^^^^^^^^^
KeyError: 'texts'
2026-05-27 11:51:01,439 | INFO | [188] Processing movie_id=449443 batch_id=batch_188
2026-05-27 11:51:01,439 | ERROR | Error on line 188 (movie_id=449443): 'texts'
Traceback (most recent call last):
  File "/gpfs/projects/imt526a/group1/youtube-movie-signals-project/scripts/extract_semantic_features.py", line 278, in main
    system_prompt, user_msg, n_comments = build_prompt(record, args.max_comments_per_batch)
                                          ~~~~~~~~~~~~^^^^^^^^^^^^^^^^^^^^^^^^^^^^^^^^^^^^^
  File "/gpfs/projects/imt526a/group1/youtube-movie-signals-project/scripts/extract_semantic_features.py", line 116, in build_prompt
    comments = record["texts"][:max_comments]
               ~~~~~~^^^^^^^^^
KeyError: 'texts'
2026-05-27 11:51:01,441 | INFO | [189] Processing movie_id=131634 batch_id=batch_189
2026-05-27 11:51:01,441 | ERROR | Error on line 189 (movie_id=131634): 'texts'
Traceback (most recent call last):
  File "/gpfs/projects/imt526a/group1/youtube-movie-signals-project/scripts/extract_semantic_features.py", line 278, in main
    system_prompt, user_msg, n_comments = build_prompt(record, args.max_comments_per_batch)
                                          ~~~~~~~~~~~~^^^^^^^^^^^^^^^^^^^^^^^^^^^^^^^^^^^^^
  File "/gpfs/projects/imt526a/group1/youtube-movie-signals-project/scripts/extract_semantic_features.py", line 116, in build_prompt
    comments = record["texts"][:max_comments]
               ~~~~~~^^^^^^^^^
KeyError: 'texts'
2026-05-27 11:51:01,446 | INFO | [190] Processing movie_id=353486 batch_id=batch_190
2026-05-27 11:51:01,446 | ERROR | Error on line 190 (movie_id=353486): 'texts'
Traceback (most recent call last):
  File "/gpfs/projects/imt526a/group1/youtube-movie-signals-project/scripts/extract_semantic_features.py", line 278, in main
    system_prompt, user_msg, n_comments = build_prompt(record, args.max_comments_per_batch)
                                          ~~~~~~~~~~~~^^^^^^^^^^^^^^^^^^^^^^^^^^^^^^^^^^^^^
  File "/gpfs/projects/imt526a/group1/youtube-movie-signals-project/scripts/extract_semantic_features.py", line 116, in build_prompt
    comments = record["texts"][:max_comments]
               ~~~~~~^^^^^^^^^
KeyError: 'texts'
2026-05-27 11:51:01,456 | INFO | [191] Processing movie_id=464052 batch_id=batch_191
2026-05-27 11:51:01,456 | ERROR | Error on line 191 (movie_id=464052): 'texts'
Traceback (most recent call last):
  File "/gpfs/projects/imt526a/group1/youtube-movie-signals-project/scripts/extract_semantic_features.py", line 278, in main
    system_prompt, user_msg, n_comments = build_prompt(record, args.max_comments_per_batch)
                                          ~~~~~~~~~~~~^^^^^^^^^^^^^^^^^^^^^^^^^^^^^^^^^^^^^
  File "/gpfs/projects/imt526a/group1/youtube-movie-signals-project/scripts/extract_semantic_features.py", line 116, in build_prompt
    comments = record["texts"][:max_comments]
               ~~~~~~^^^^^^^^^
KeyError: 'texts'
2026-05-27 11:51:01,465 | INFO | [192] Processing movie_id=531309 batch_id=batch_192
2026-05-27 11:51:01,465 | ERROR | Error on line 192 (movie_id=531309): 'texts'
Traceback (most recent call last):
  File "/gpfs/projects/imt526a/group1/youtube-movie-signals-project/scripts/extract_semantic_features.py", line 278, in main
    system_prompt, user_msg, n_comments = build_prompt(record, args.max_comments_per_batch)
                                          ~~~~~~~~~~~~^^^^^^^^^^^^^^^^^^^^^^^^^^^^^^^^^^^^^
  File "/gpfs/projects/imt526a/group1/youtube-movie-signals-project/scripts/extract_semantic_features.py", line 116, in build_prompt
    comments = record["texts"][:max_comments]
               ~~~~~~^^^^^^^^^
KeyError: 'texts'
2026-05-27 11:51:01,473 | INFO | [193] Processing movie_id=268896 batch_id=batch_193
2026-05-27 11:51:01,473 | ERROR | Error on line 193 (movie_id=268896): 'texts'
Traceback (most recent call last):
  File "/gpfs/projects/imt526a/group1/youtube-movie-signals-project/scripts/extract_semantic_features.py", line 278, in main
    system_prompt, user_msg, n_comments = build_prompt(record, args.max_comments_per_batch)
                                          ~~~~~~~~~~~~^^^^^^^^^^^^^^^^^^^^^^^^^^^^^^^^^^^^^
  File "/gpfs/projects/imt526a/group1/youtube-movie-signals-project/scripts/extract_semantic_features.py", line 116, in build_prompt
    comments = record["texts"][:max_comments]
               ~~~~~~^^^^^^^^^
KeyError: 'texts'
2026-05-27 11:51:01,480 | INFO | [194] Processing movie_id=1008042 batch_id=batch_194
2026-05-27 11:51:01,480 | ERROR | Error on line 194 (movie_id=1008042): 'texts'
Traceback (most recent call last):
  File "/gpfs/projects/imt526a/group1/youtube-movie-signals-project/scripts/extract_semantic_features.py", line 278, in main
    system_prompt, user_msg, n_comments = build_prompt(record, args.max_comments_per_batch)
                                          ~~~~~~~~~~~~^^^^^^^^^^^^^^^^^^^^^^^^^^^^^^^^^^^^^
  File "/gpfs/projects/imt526a/group1/youtube-movie-signals-project/scripts/extract_semantic_features.py", line 116, in build_prompt
    comments = record["texts"][:max_comments]
               ~~~~~~^^^^^^^^^
KeyError: 'texts'
2026-05-27 11:51:01,489 | INFO | [195] Processing movie_id=1032823 batch_id=batch_195
2026-05-27 11:51:01,489 | ERROR | Error on line 195 (movie_id=1032823): 'texts'
Traceback (most recent call last):
  File "/gpfs/projects/imt526a/group1/youtube-movie-signals-project/scripts/extract_semantic_features.py", line 278, in main
    system_prompt, user_msg, n_comments = build_prompt(record, args.max_comments_per_batch)
                                          ~~~~~~~~~~~~^^^^^^^^^^^^^^^^^^^^^^^^^^^^^^^^^^^^^
  File "/gpfs/projects/imt526a/group1/youtube-movie-signals-project/scripts/extract_semantic_features.py", line 116, in build_prompt
    comments = record["texts"][:max_comments]
               ~~~~~~^^^^^^^^^
KeyError: 'texts'
2026-05-27 11:51:01,496 | INFO | [196] Processing movie_id=500664 batch_id=batch_196
2026-05-27 11:51:01,496 | ERROR | Error on line 196 (movie_id=500664): 'texts'
Traceback (most recent call last):
  File "/gpfs/projects/imt526a/group1/youtube-movie-signals-project/scripts/extract_semantic_features.py", line 278, in main
    system_prompt, user_msg, n_comments = build_prompt(record, args.max_comments_per_batch)
                                          ~~~~~~~~~~~~^^^^^^^^^^^^^^^^^^^^^^^^^^^^^^^^^^^^^
  File "/gpfs/projects/imt526a/group1/youtube-movie-signals-project/scripts/extract_semantic_features.py", line 116, in build_prompt
    comments = record["texts"][:max_comments]
               ~~~~~~^^^^^^^^^
KeyError: 'texts'
2026-05-27 11:51:01,504 | INFO | [197] Processing movie_id=545609 batch_id=batch_197
2026-05-27 11:51:01,504 | ERROR | Error on line 197 (movie_id=545609): 'texts'
Traceback (most recent call last):
  File "/gpfs/projects/imt526a/group1/youtube-movie-signals-project/scripts/extract_semantic_features.py", line 278, in main
    system_prompt, user_msg, n_comments = build_prompt(record, args.max_comments_per_batch)
                                          ~~~~~~~~~~~~^^^^^^^^^^^^^^^^^^^^^^^^^^^^^^^^^^^^^
  File "/gpfs/projects/imt526a/group1/youtube-movie-signals-project/scripts/extract_semantic_features.py", line 116, in build_prompt
    comments = record["texts"][:max_comments]
               ~~~~~~^^^^^^^^^
KeyError: 'texts'
2026-05-27 11:51:01,506 | INFO | [198] Processing movie_id=522627 batch_id=batch_198
2026-05-27 11:51:01,506 | ERROR | Error on line 198 (movie_id=522627): 'texts'
Traceback (most recent call last):
  File "/gpfs/projects/imt526a/group1/youtube-movie-signals-project/scripts/extract_semantic_features.py", line 278, in main
    system_prompt, user_msg, n_comments = build_prompt(record, args.max_comments_per_batch)
                                          ~~~~~~~~~~~~^^^^^^^^^^^^^^^^^^^^^^^^^^^^^^^^^^^^^
  File "/gpfs/projects/imt526a/group1/youtube-movie-signals-project/scripts/extract_semantic_features.py", line 116, in build_prompt
    comments = record["texts"][:max_comments]
               ~~~~~~^^^^^^^^^
KeyError: 'texts'
2026-05-27 11:51:01,511 | INFO | [199] Processing movie_id=646389 batch_id=batch_199
2026-05-27 11:51:01,511 | ERROR | Error on line 199 (movie_id=646389): 'texts'
Traceback (most recent call last):
  File "/gpfs/projects/imt526a/group1/youtube-movie-signals-project/scripts/extract_semantic_features.py", line 278, in main
    system_prompt, user_msg, n_comments = build_prompt(record, args.max_comments_per_batch)
                                          ~~~~~~~~~~~~^^^^^^^^^^^^^^^^^^^^^^^^^^^^^^^^^^^^^
  File "/gpfs/projects/imt526a/group1/youtube-movie-signals-project/scripts/extract_semantic_features.py", line 116, in build_prompt
    comments = record["texts"][:max_comments]
               ~~~~~~^^^^^^^^^
KeyError: 'texts'
2026-05-27 11:51:01,519 | INFO | [200] Processing movie_id=287947 batch_id=batch_200
2026-05-27 11:51:01,519 | ERROR | Error on line 200 (movie_id=287947): 'texts'
Traceback (most recent call last):
  File "/gpfs/projects/imt526a/group1/youtube-movie-signals-project/scripts/extract_semantic_features.py", line 278, in main
    system_prompt, user_msg, n_comments = build_prompt(record, args.max_comments_per_batch)
                                          ~~~~~~~~~~~~^^^^^^^^^^^^^^^^^^^^^^^^^^^^^^^^^^^^^
  File "/gpfs/projects/imt526a/group1/youtube-movie-signals-project/scripts/extract_semantic_features.py", line 116, in build_prompt
    comments = record["texts"][:max_comments]
               ~~~~~~^^^^^^^^^
KeyError: 'texts'
2026-05-27 11:51:01,522 | INFO | [201] Processing movie_id=188927 batch_id=batch_201
2026-05-27 11:51:01,522 | ERROR | Error on line 201 (movie_id=188927): 'texts'
Traceback (most recent call last):
  File "/gpfs/projects/imt526a/group1/youtube-movie-signals-project/scripts/extract_semantic_features.py", line 278, in main
    system_prompt, user_msg, n_comments = build_prompt(record, args.max_comments_per_batch)
                                          ~~~~~~~~~~~~^^^^^^^^^^^^^^^^^^^^^^^^^^^^^^^^^^^^^
  File "/gpfs/projects/imt526a/group1/youtube-movie-signals-project/scripts/extract_semantic_features.py", line 116, in build_prompt
    comments = record["texts"][:max_comments]
               ~~~~~~^^^^^^^^^
KeyError: 'texts'
2026-05-27 11:51:01,531 | INFO | [202] Processing movie_id=263472 batch_id=batch_202
2026-05-27 11:51:01,532 | ERROR | Error on line 202 (movie_id=263472): 'texts'
Traceback (most recent call last):
  File "/gpfs/projects/imt526a/group1/youtube-movie-signals-project/scripts/extract_semantic_features.py", line 278, in main
    system_prompt, user_msg, n_comments = build_prompt(record, args.max_comments_per_batch)
                                          ~~~~~~~~~~~~^^^^^^^^^^^^^^^^^^^^^^^^^^^^^^^^^^^^^
  File "/gpfs/projects/imt526a/group1/youtube-movie-signals-project/scripts/extract_semantic_features.py", line 116, in build_prompt
    comments = record["texts"][:max_comments]
               ~~~~~~^^^^^^^^^
KeyError: 'texts'
2026-05-27 11:51:01,581 | INFO | [203] Processing movie_id=385128 batch_id=batch_203
2026-05-27 11:51:01,582 | ERROR | Error on line 203 (movie_id=385128): 'texts'
Traceback (most recent call last):
  File "/gpfs/projects/imt526a/group1/youtube-movie-signals-project/scripts/extract_semantic_features.py", line 278, in main
    system_prompt, user_msg, n_comments = build_prompt(record, args.max_comments_per_batch)
                                          ~~~~~~~~~~~~^^^^^^^^^^^^^^^^^^^^^^^^^^^^^^^^^^^^^
  File "/gpfs/projects/imt526a/group1/youtube-movie-signals-project/scripts/extract_semantic_features.py", line 116, in build_prompt
    comments = record["texts"][:max_comments]
               ~~~~~~^^^^^^^^^
KeyError: 'texts'
2026-05-27 11:51:01,585 | INFO | [204] Processing movie_id=840705 batch_id=batch_204
2026-05-27 11:51:01,586 | ERROR | Error on line 204 (movie_id=840705): 'texts'
Traceback (most recent call last):
  File "/gpfs/projects/imt526a/group1/youtube-movie-signals-project/scripts/extract_semantic_features.py", line 278, in main
    system_prompt, user_msg, n_comments = build_prompt(record, args.max_comments_per_batch)
                                          ~~~~~~~~~~~~^^^^^^^^^^^^^^^^^^^^^^^^^^^^^^^^^^^^^
  File "/gpfs/projects/imt526a/group1/youtube-movie-signals-project/scripts/extract_semantic_features.py", line 116, in build_prompt
    comments = record["texts"][:max_comments]
               ~~~~~~^^^^^^^^^
KeyError: 'texts'
2026-05-27 11:51:01,587 | INFO | [205] Processing movie_id=274855 batch_id=batch_205
2026-05-27 11:51:01,587 | ERROR | Error on line 205 (movie_id=274855): 'texts'
Traceback (most recent call last):
  File "/gpfs/projects/imt526a/group1/youtube-movie-signals-project/scripts/extract_semantic_features.py", line 278, in main
    system_prompt, user_msg, n_comments = build_prompt(record, args.max_comments_per_batch)
                                          ~~~~~~~~~~~~^^^^^^^^^^^^^^^^^^^^^^^^^^^^^^^^^^^^^
  File "/gpfs/projects/imt526a/group1/youtube-movie-signals-project/scripts/extract_semantic_features.py", line 116, in build_prompt
    comments = record["texts"][:max_comments]
               ~~~~~~^^^^^^^^^
KeyError: 'texts'
2026-05-27 11:51:01,596 | INFO | [206] Processing movie_id=753342 batch_id=batch_206
2026-05-27 11:51:01,596 | ERROR | Error on line 206 (movie_id=753342): 'texts'
Traceback (most recent call last):
  File "/gpfs/projects/imt526a/group1/youtube-movie-signals-project/scripts/extract_semantic_features.py", line 278, in main
    system_prompt, user_msg, n_comments = build_prompt(record, args.max_comments_per_batch)
                                          ~~~~~~~~~~~~^^^^^^^^^^^^^^^^^^^^^^^^^^^^^^^^^^^^^
  File "/gpfs/projects/imt526a/group1/youtube-movie-signals-project/scripts/extract_semantic_features.py", line 116, in build_prompt
    comments = record["texts"][:max_comments]
               ~~~~~~^^^^^^^^^
KeyError: 'texts'
2026-05-27 11:51:01,599 | INFO | [207] Processing movie_id=353069 batch_id=batch_207
2026-05-27 11:51:01,599 | ERROR | Error on line 207 (movie_id=353069): 'texts'
Traceback (most recent call last):
  File "/gpfs/projects/imt526a/group1/youtube-movie-signals-project/scripts/extract_semantic_features.py", line 278, in main
    system_prompt, user_msg, n_comments = build_prompt(record, args.max_comments_per_batch)
                                          ~~~~~~~~~~~~^^^^^^^^^^^^^^^^^^^^^^^^^^^^^^^^^^^^^
  File "/gpfs/projects/imt526a/group1/youtube-movie-signals-project/scripts/extract_semantic_features.py", line 116, in build_prompt
    comments = record["texts"][:max_comments]
               ~~~~~~^^^^^^^^^
KeyError: 'texts'
2026-05-27 11:51:01,606 | INFO | [208] Processing movie_id=420809 batch_id=batch_208
2026-05-27 11:51:01,606 | ERROR | Error on line 208 (movie_id=420809): 'texts'
Traceback (most recent call last):
  File "/gpfs/projects/imt526a/group1/youtube-movie-signals-project/scripts/extract_semantic_features.py", line 278, in main
    system_prompt, user_msg, n_comments = build_prompt(record, args.max_comments_per_batch)
                                          ~~~~~~~~~~~~^^^^^^^^^^^^^^^^^^^^^^^^^^^^^^^^^^^^^
  File "/gpfs/projects/imt526a/group1/youtube-movie-signals-project/scripts/extract_semantic_features.py", line 116, in build_prompt
    comments = record["texts"][:max_comments]
               ~~~~~~^^^^^^^^^
KeyError: 'texts'
2026-05-27 11:51:01,609 | INFO | [209] Processing movie_id=334541 batch_id=batch_209
2026-05-27 11:51:01,609 | ERROR | Error on line 209 (movie_id=334541): 'texts'
Traceback (most recent call last):
  File "/gpfs/projects/imt526a/group1/youtube-movie-signals-project/scripts/extract_semantic_features.py", line 278, in main
    system_prompt, user_msg, n_comments = build_prompt(record, args.max_comments_per_batch)
                                          ~~~~~~~~~~~~^^^^^^^^^^^^^^^^^^^^^^^^^^^^^^^^^^^^^
  File "/gpfs/projects/imt526a/group1/youtube-movie-signals-project/scripts/extract_semantic_features.py", line 116, in build_prompt
    comments = record["texts"][:max_comments]
               ~~~~~~^^^^^^^^^
KeyError: 'texts'
2026-05-27 11:51:01,614 | INFO | [210] Processing movie_id=752623 batch_id=batch_210
2026-05-27 11:51:01,614 | ERROR | Error on line 210 (movie_id=752623): 'texts'
Traceback (most recent call last):
  File "/gpfs/projects/imt526a/group1/youtube-movie-signals-project/scripts/extract_semantic_features.py", line 278, in main
    system_prompt, user_msg, n_comments = build_prompt(record, args.max_comments_per_batch)
                                          ~~~~~~~~~~~~^^^^^^^^^^^^^^^^^^^^^^^^^^^^^^^^^^^^^
  File "/gpfs/projects/imt526a/group1/youtube-movie-signals-project/scripts/extract_semantic_features.py", line 116, in build_prompt
    comments = record["texts"][:max_comments]
               ~~~~~~^^^^^^^^^
KeyError: 'texts'
2026-05-27 11:51:01,617 | INFO | [211] Processing movie_id=324668 batch_id=batch_211
2026-05-27 11:51:01,617 | ERROR | Error on line 211 (movie_id=324668): 'texts'
Traceback (most recent call last):
  File "/gpfs/projects/imt526a/group1/youtube-movie-signals-project/scripts/extract_semantic_features.py", line 278, in main
    system_prompt, user_msg, n_comments = build_prompt(record, args.max_comments_per_batch)
                                          ~~~~~~~~~~~~^^^^^^^^^^^^^^^^^^^^^^^^^^^^^^^^^^^^^
  File "/gpfs/projects/imt526a/group1/youtube-movie-signals-project/scripts/extract_semantic_features.py", line 116, in build_prompt
    comments = record["texts"][:max_comments]
               ~~~~~~^^^^^^^^^
KeyError: 'texts'
2026-05-27 11:51:01,625 | INFO | [212] Processing movie_id=320288 batch_id=batch_212
2026-05-27 11:51:01,625 | ERROR | Error on line 212 (movie_id=320288): 'texts'
Traceback (most recent call last):
  File "/gpfs/projects/imt526a/group1/youtube-movie-signals-project/scripts/extract_semantic_features.py", line 278, in main
    system_prompt, user_msg, n_comments = build_prompt(record, args.max_comments_per_batch)
                                          ~~~~~~~~~~~~^^^^^^^^^^^^^^^^^^^^^^^^^^^^^^^^^^^^^
  File "/gpfs/projects/imt526a/group1/youtube-movie-signals-project/scripts/extract_semantic_features.py", line 116, in build_prompt
    comments = record["texts"][:max_comments]
               ~~~~~~^^^^^^^^^
KeyError: 'texts'
2026-05-27 11:51:01,635 | INFO | [213] Processing movie_id=337401 batch_id=batch_213
2026-05-27 11:51:01,635 | ERROR | Error on line 213 (movie_id=337401): 'texts'
Traceback (most recent call last):
  File "/gpfs/projects/imt526a/group1/youtube-movie-signals-project/scripts/extract_semantic_features.py", line 278, in main
    system_prompt, user_msg, n_comments = build_prompt(record, args.max_comments_per_batch)
                                          ~~~~~~~~~~~~^^^^^^^^^^^^^^^^^^^^^^^^^^^^^^^^^^^^^
  File "/gpfs/projects/imt526a/group1/youtube-movie-signals-project/scripts/extract_semantic_features.py", line 116, in build_prompt
    comments = record["texts"][:max_comments]
               ~~~~~~^^^^^^^^^
KeyError: 'texts'
2026-05-27 11:51:01,641 | INFO | [214] Processing movie_id=512195 batch_id=batch_214
2026-05-27 11:51:01,641 | ERROR | Error on line 214 (movie_id=512195): 'texts'
Traceback (most recent call last):
  File "/gpfs/projects/imt526a/group1/youtube-movie-signals-project/scripts/extract_semantic_features.py", line 278, in main
    system_prompt, user_msg, n_comments = build_prompt(record, args.max_comments_per_batch)
                                          ~~~~~~~~~~~~^^^^^^^^^^^^^^^^^^^^^^^^^^^^^^^^^^^^^
  File "/gpfs/projects/imt526a/group1/youtube-movie-signals-project/scripts/extract_semantic_features.py", line 116, in build_prompt
    comments = record["texts"][:max_comments]
               ~~~~~~^^^^^^^^^
KeyError: 'texts'
2026-05-27 11:51:01,650 | INFO | [215] Processing movie_id=785084 batch_id=batch_215
2026-05-27 11:51:01,650 | ERROR | Error on line 215 (movie_id=785084): 'texts'
Traceback (most recent call last):
  File "/gpfs/projects/imt526a/group1/youtube-movie-signals-project/scripts/extract_semantic_features.py", line 278, in main
    system_prompt, user_msg, n_comments = build_prompt(record, args.max_comments_per_batch)
                                          ~~~~~~~~~~~~^^^^^^^^^^^^^^^^^^^^^^^^^^^^^^^^^^^^^
  File "/gpfs/projects/imt526a/group1/youtube-movie-signals-project/scripts/extract_semantic_features.py", line 116, in build_prompt
    comments = record["texts"][:max_comments]
               ~~~~~~^^^^^^^^^
KeyError: 'texts'
2026-05-27 11:51:01,656 | INFO | [216] Processing movie_id=398978 batch_id=batch_216
2026-05-27 11:51:01,656 | ERROR | Error on line 216 (movie_id=398978): 'texts'
Traceback (most recent call last):
  File "/gpfs/projects/imt526a/group1/youtube-movie-signals-project/scripts/extract_semantic_features.py", line 278, in main
    system_prompt, user_msg, n_comments = build_prompt(record, args.max_comments_per_batch)
                                          ~~~~~~~~~~~~^^^^^^^^^^^^^^^^^^^^^^^^^^^^^^^^^^^^^
  File "/gpfs/projects/imt526a/group1/youtube-movie-signals-project/scripts/extract_semantic_features.py", line 116, in build_prompt
    comments = record["texts"][:max_comments]
               ~~~~~~^^^^^^^^^
KeyError: 'texts'
2026-05-27 11:51:01,659 | INFO | [217] Processing movie_id=315837 batch_id=batch_217
2026-05-27 11:51:01,659 | ERROR | Error on line 217 (movie_id=315837): 'texts'
Traceback (most recent call last):
  File "/gpfs/projects/imt526a/group1/youtube-movie-signals-project/scripts/extract_semantic_features.py", line 278, in main
    system_prompt, user_msg, n_comments = build_prompt(record, args.max_comments_per_batch)
                                          ~~~~~~~~~~~~^^^^^^^^^^^^^^^^^^^^^^^^^^^^^^^^^^^^^
  File "/gpfs/projects/imt526a/group1/youtube-movie-signals-project/scripts/extract_semantic_features.py", line 116, in build_prompt
    comments = record["texts"][:max_comments]
               ~~~~~~^^^^^^^^^
KeyError: 'texts'
2026-05-27 11:51:01,667 | INFO | [218] Processing movie_id=515001 batch_id=batch_218
2026-05-27 11:51:01,667 | ERROR | Error on line 218 (movie_id=515001): 'texts'
Traceback (most recent call last):
  File "/gpfs/projects/imt526a/group1/youtube-movie-signals-project/scripts/extract_semantic_features.py", line 278, in main
    system_prompt, user_msg, n_comments = build_prompt(record, args.max_comments_per_batch)
                                          ~~~~~~~~~~~~^^^^^^^^^^^^^^^^^^^^^^^^^^^^^^^^^^^^^
  File "/gpfs/projects/imt526a/group1/youtube-movie-signals-project/scripts/extract_semantic_features.py", line 116, in build_prompt
    comments = record["texts"][:max_comments]
               ~~~~~~^^^^^^^^^
KeyError: 'texts'
2026-05-27 11:51:01,673 | INFO | [219] Processing movie_id=376867 batch_id=batch_219
2026-05-27 11:51:01,673 | ERROR | Error on line 219 (movie_id=376867): 'texts'
Traceback (most recent call last):
  File "/gpfs/projects/imt526a/group1/youtube-movie-signals-project/scripts/extract_semantic_features.py", line 278, in main
    system_prompt, user_msg, n_comments = build_prompt(record, args.max_comments_per_batch)
                                          ~~~~~~~~~~~~^^^^^^^^^^^^^^^^^^^^^^^^^^^^^^^^^^^^^
  File "/gpfs/projects/imt526a/group1/youtube-movie-signals-project/scripts/extract_semantic_features.py", line 116, in build_prompt
    comments = record["texts"][:max_comments]
               ~~~~~~^^^^^^^^^
KeyError: 'texts'
2026-05-27 11:51:01,676 | INFO | [220] Processing movie_id=308266 batch_id=batch_220
2026-05-27 11:51:01,676 | ERROR | Error on line 220 (movie_id=308266): 'texts'
Traceback (most recent call last):
  File "/gpfs/projects/imt526a/group1/youtube-movie-signals-project/scripts/extract_semantic_features.py", line 278, in main
    system_prompt, user_msg, n_comments = build_prompt(record, args.max_comments_per_batch)
                                          ~~~~~~~~~~~~^^^^^^^^^^^^^^^^^^^^^^^^^^^^^^^^^^^^^
  File "/gpfs/projects/imt526a/group1/youtube-movie-signals-project/scripts/extract_semantic_features.py", line 116, in build_prompt
    comments = record["texts"][:max_comments]
               ~~~~~~^^^^^^^^^
KeyError: 'texts'
2026-05-27 11:51:01,679 | INFO | [221] Processing movie_id=762430 batch_id=batch_221
2026-05-27 11:51:01,679 | ERROR | Error on line 221 (movie_id=762430): 'texts'
Traceback (most recent call last):
  File "/gpfs/projects/imt526a/group1/youtube-movie-signals-project/scripts/extract_semantic_features.py", line 278, in main
    system_prompt, user_msg, n_comments = build_prompt(record, args.max_comments_per_batch)
                                          ~~~~~~~~~~~~^^^^^^^^^^^^^^^^^^^^^^^^^^^^^^^^^^^^^
  File "/gpfs/projects/imt526a/group1/youtube-movie-signals-project/scripts/extract_semantic_features.py", line 116, in build_prompt
    comments = record["texts"][:max_comments]
               ~~~~~~^^^^^^^^^
KeyError: 'texts'
2026-05-27 11:51:01,688 | INFO | [222] Processing movie_id=365177 batch_id=batch_222
2026-05-27 11:51:01,689 | ERROR | Error on line 222 (movie_id=365177): 'texts'
Traceback (most recent call last):
  File "/gpfs/projects/imt526a/group1/youtube-movie-signals-project/scripts/extract_semantic_features.py", line 278, in main
    system_prompt, user_msg, n_comments = build_prompt(record, args.max_comments_per_batch)
                                          ~~~~~~~~~~~~^^^^^^^^^^^^^^^^^^^^^^^^^^^^^^^^^^^^^
  File "/gpfs/projects/imt526a/group1/youtube-movie-signals-project/scripts/extract_semantic_features.py", line 116, in build_prompt
    comments = record["texts"][:max_comments]
               ~~~~~~^^^^^^^^^
KeyError: 'texts'
2026-05-27 11:51:01,696 | INFO | [223] Processing movie_id=399174 batch_id=batch_223
2026-05-27 11:51:01,696 | ERROR | Error on line 223 (movie_id=399174): 'texts'
Traceback (most recent call last):
  File "/gpfs/projects/imt526a/group1/youtube-movie-signals-project/scripts/extract_semantic_features.py", line 278, in main
    system_prompt, user_msg, n_comments = build_prompt(record, args.max_comments_per_batch)
                                          ~~~~~~~~~~~~^^^^^^^^^^^^^^^^^^^^^^^^^^^^^^^^^^^^^
  File "/gpfs/projects/imt526a/group1/youtube-movie-signals-project/scripts/extract_semantic_features.py", line 116, in build_prompt
    comments = record["texts"][:max_comments]
               ~~~~~~^^^^^^^^^
KeyError: 'texts'
2026-05-27 11:51:01,701 | INFO | [224] Processing movie_id=779782 batch_id=batch_224
2026-05-27 11:51:01,701 | ERROR | Error on line 224 (movie_id=779782): 'texts'
Traceback (most recent call last):
  File "/gpfs/projects/imt526a/group1/youtube-movie-signals-project/scripts/extract_semantic_features.py", line 278, in main
    system_prompt, user_msg, n_comments = build_prompt(record, args.max_comments_per_batch)
                                          ~~~~~~~~~~~~^^^^^^^^^^^^^^^^^^^^^^^^^^^^^^^^^^^^^
  File "/gpfs/projects/imt526a/group1/youtube-movie-signals-project/scripts/extract_semantic_features.py", line 116, in build_prompt
    comments = record["texts"][:max_comments]
               ~~~~~~^^^^^^^^^
KeyError: 'texts'
2026-05-27 11:51:01,705 | INFO | [225] Processing movie_id=311324 batch_id=batch_225
2026-05-27 11:51:01,705 | ERROR | Error on line 225 (movie_id=311324): 'texts'
Traceback (most recent call last):
  File "/gpfs/projects/imt526a/group1/youtube-movie-signals-project/scripts/extract_semantic_features.py", line 278, in main
    system_prompt, user_msg, n_comments = build_prompt(record, args.max_comments_per_batch)
                                          ~~~~~~~~~~~~^^^^^^^^^^^^^^^^^^^^^^^^^^^^^^^^^^^^^
  File "/gpfs/projects/imt526a/group1/youtube-movie-signals-project/scripts/extract_semantic_features.py", line 116, in build_prompt
    comments = record["texts"][:max_comments]
               ~~~~~~^^^^^^^^^
KeyError: 'texts'
2026-05-27 11:51:01,712 | INFO | [226] Processing movie_id=454983 batch_id=batch_226
2026-05-27 11:51:01,712 | ERROR | Error on line 226 (movie_id=454983): 'texts'
Traceback (most recent call last):
  File "/gpfs/projects/imt526a/group1/youtube-movie-signals-project/scripts/extract_semantic_features.py", line 278, in main
    system_prompt, user_msg, n_comments = build_prompt(record, args.max_comments_per_batch)
                                          ~~~~~~~~~~~~^^^^^^^^^^^^^^^^^^^^^^^^^^^^^^^^^^^^^
  File "/gpfs/projects/imt526a/group1/youtube-movie-signals-project/scripts/extract_semantic_features.py", line 116, in build_prompt
    comments = record["texts"][:max_comments]
               ~~~~~~^^^^^^^^^
KeyError: 'texts'
2026-05-27 11:51:01,719 | INFO | [227] Processing movie_id=1023922 batch_id=batch_227
2026-05-27 11:51:01,719 | ERROR | Error on line 227 (movie_id=1023922): 'texts'
Traceback (most recent call last):
  File "/gpfs/projects/imt526a/group1/youtube-movie-signals-project/scripts/extract_semantic_features.py", line 278, in main
    system_prompt, user_msg, n_comments = build_prompt(record, args.max_comments_per_batch)
                                          ~~~~~~~~~~~~^^^^^^^^^^^^^^^^^^^^^^^^^^^^^^^^^^^^^
  File "/gpfs/projects/imt526a/group1/youtube-movie-signals-project/scripts/extract_semantic_features.py", line 116, in build_prompt
    comments = record["texts"][:max_comments]
               ~~~~~~^^^^^^^^^
KeyError: 'texts'
2026-05-27 11:51:01,723 | INFO | [228] Processing movie_id=1072342 batch_id=batch_228
2026-05-27 11:51:01,723 | ERROR | Error on line 228 (movie_id=1072342): 'texts'
Traceback (most recent call last):
  File "/gpfs/projects/imt526a/group1/youtube-movie-signals-project/scripts/extract_semantic_features.py", line 278, in main
    system_prompt, user_msg, n_comments = build_prompt(record, args.max_comments_per_batch)
                                          ~~~~~~~~~~~~^^^^^^^^^^^^^^^^^^^^^^^^^^^^^^^^^^^^^
  File "/gpfs/projects/imt526a/group1/youtube-movie-signals-project/scripts/extract_semantic_features.py", line 116, in build_prompt
    comments = record["texts"][:max_comments]
               ~~~~~~^^^^^^^^^
KeyError: 'texts'
2026-05-27 11:51:01,726 | INFO | [229] Processing movie_id=547016 batch_id=batch_229
2026-05-27 11:51:01,727 | ERROR | Error on line 229 (movie_id=547016): 'texts'
Traceback (most recent call last):
  File "/gpfs/projects/imt526a/group1/youtube-movie-signals-project/scripts/extract_semantic_features.py", line 278, in main
    system_prompt, user_msg, n_comments = build_prompt(record, args.max_comments_per_batch)
                                          ~~~~~~~~~~~~^^^^^^^^^^^^^^^^^^^^^^^^^^^^^^^^^^^^^
  File "/gpfs/projects/imt526a/group1/youtube-movie-signals-project/scripts/extract_semantic_features.py", line 116, in build_prompt
    comments = record["texts"][:max_comments]
               ~~~~~~^^^^^^^^^
KeyError: 'texts'
2026-05-27 11:51:01,733 | INFO | [230] Processing movie_id=614479 batch_id=batch_230
2026-05-27 11:51:01,733 | ERROR | Error on line 230 (movie_id=614479): 'texts'
Traceback (most recent call last):
  File "/gpfs/projects/imt526a/group1/youtube-movie-signals-project/scripts/extract_semantic_features.py", line 278, in main
    system_prompt, user_msg, n_comments = build_prompt(record, args.max_comments_per_batch)
                                          ~~~~~~~~~~~~^^^^^^^^^^^^^^^^^^^^^^^^^^^^^^^^^^^^^
  File "/gpfs/projects/imt526a/group1/youtube-movie-signals-project/scripts/extract_semantic_features.py", line 116, in build_prompt
    comments = record["texts"][:max_comments]
               ~~~~~~^^^^^^^^^
KeyError: 'texts'
2026-05-27 11:51:01,740 | INFO | [231] Processing movie_id=505026 batch_id=batch_231
2026-05-27 11:51:01,740 | ERROR | Error on line 231 (movie_id=505026): 'texts'
Traceback (most recent call last):
  File "/gpfs/projects/imt526a/group1/youtube-movie-signals-project/scripts/extract_semantic_features.py", line 278, in main
    system_prompt, user_msg, n_comments = build_prompt(record, args.max_comments_per_batch)
                                          ~~~~~~~~~~~~^^^^^^^^^^^^^^^^^^^^^^^^^^^^^^^^^^^^^
  File "/gpfs/projects/imt526a/group1/youtube-movie-signals-project/scripts/extract_semantic_features.py", line 116, in build_prompt
    comments = record["texts"][:max_comments]
               ~~~~~~^^^^^^^^^
KeyError: 'texts'
2026-05-27 11:51:01,748 | INFO | [232] Processing movie_id=882598 batch_id=batch_232
2026-05-27 11:51:01,748 | ERROR | Error on line 232 (movie_id=882598): 'texts'
Traceback (most recent call last):
  File "/gpfs/projects/imt526a/group1/youtube-movie-signals-project/scripts/extract_semantic_features.py", line 278, in main
    system_prompt, user_msg, n_comments = build_prompt(record, args.max_comments_per_batch)
                                          ~~~~~~~~~~~~^^^^^^^^^^^^^^^^^^^^^^^^^^^^^^^^^^^^^
  File "/gpfs/projects/imt526a/group1/youtube-movie-signals-project/scripts/extract_semantic_features.py", line 116, in build_prompt
    comments = record["texts"][:max_comments]
               ~~~~~~^^^^^^^^^
KeyError: 'texts'
2026-05-27 11:51:01,750 | INFO | [233] Processing movie_id=814338 batch_id=batch_233
2026-05-27 11:51:01,750 | ERROR | Error on line 233 (movie_id=814338): 'texts'
Traceback (most recent call last):
  File "/gpfs/projects/imt526a/group1/youtube-movie-signals-project/scripts/extract_semantic_features.py", line 278, in main
    system_prompt, user_msg, n_comments = build_prompt(record, args.max_comments_per_batch)
                                          ~~~~~~~~~~~~^^^^^^^^^^^^^^^^^^^^^^^^^^^^^^^^^^^^^
  File "/gpfs/projects/imt526a/group1/youtube-movie-signals-project/scripts/extract_semantic_features.py", line 116, in build_prompt
    comments = record["texts"][:max_comments]
               ~~~~~~^^^^^^^^^
KeyError: 'texts'
2026-05-27 11:51:01,751 | INFO | [234] Processing movie_id=744276 batch_id=batch_234
2026-05-27 11:51:01,751 | ERROR | Error on line 234 (movie_id=744276): 'texts'
Traceback (most recent call last):
  File "/gpfs/projects/imt526a/group1/youtube-movie-signals-project/scripts/extract_semantic_features.py", line 278, in main
    system_prompt, user_msg, n_comments = build_prompt(record, args.max_comments_per_batch)
                                          ~~~~~~~~~~~~^^^^^^^^^^^^^^^^^^^^^^^^^^^^^^^^^^^^^
  File "/gpfs/projects/imt526a/group1/youtube-movie-signals-project/scripts/extract_semantic_features.py", line 116, in build_prompt
    comments = record["texts"][:max_comments]
               ~~~~~~^^^^^^^^^
KeyError: 'texts'
2026-05-27 11:51:01,760 | INFO | [235] Processing movie_id=1079091 batch_id=batch_235
2026-05-27 11:51:01,760 | ERROR | Error on line 235 (movie_id=1079091): 'texts'
Traceback (most recent call last):
  File "/gpfs/projects/imt526a/group1/youtube-movie-signals-project/scripts/extract_semantic_features.py", line 278, in main
    system_prompt, user_msg, n_comments = build_prompt(record, args.max_comments_per_batch)
                                          ~~~~~~~~~~~~^^^^^^^^^^^^^^^^^^^^^^^^^^^^^^^^^^^^^
  File "/gpfs/projects/imt526a/group1/youtube-movie-signals-project/scripts/extract_semantic_features.py", line 116, in build_prompt
    comments = record["texts"][:max_comments]
               ~~~~~~^^^^^^^^^
KeyError: 'texts'
2026-05-27 11:51:01,767 | INFO | [236] Processing movie_id=565770 batch_id=batch_236
2026-05-27 11:51:01,767 | ERROR | Error on line 236 (movie_id=565770): 'texts'
Traceback (most recent call last):
  File "/gpfs/projects/imt526a/group1/youtube-movie-signals-project/scripts/extract_semantic_features.py", line 278, in main
    system_prompt, user_msg, n_comments = build_prompt(record, args.max_comments_per_batch)
                                          ~~~~~~~~~~~~^^^^^^^^^^^^^^^^^^^^^^^^^^^^^^^^^^^^^
  File "/gpfs/projects/imt526a/group1/youtube-movie-signals-project/scripts/extract_semantic_features.py", line 116, in build_prompt
    comments = record["texts"][:max_comments]
               ~~~~~~^^^^^^^^^
KeyError: 'texts'
2026-05-27 11:51:01,769 | INFO | [237] Processing movie_id=820525 batch_id=batch_237
2026-05-27 11:51:01,769 | ERROR | Error on line 237 (movie_id=820525): 'texts'
Traceback (most recent call last):
  File "/gpfs/projects/imt526a/group1/youtube-movie-signals-project/scripts/extract_semantic_features.py", line 278, in main
    system_prompt, user_msg, n_comments = build_prompt(record, args.max_comments_per_batch)
                                          ~~~~~~~~~~~~^^^^^^^^^^^^^^^^^^^^^^^^^^^^^^^^^^^^^
  File "/gpfs/projects/imt526a/group1/youtube-movie-signals-project/scripts/extract_semantic_features.py", line 116, in build_prompt
    comments = record["texts"][:max_comments]
               ~~~~~~^^^^^^^^^
KeyError: 'texts'
2026-05-27 11:51:01,770 | INFO | [238] Processing movie_id=265208 batch_id=batch_238
2026-05-27 11:51:01,771 | ERROR | Error on line 238 (movie_id=265208): 'texts'
Traceback (most recent call last):
  File "/gpfs/projects/imt526a/group1/youtube-movie-signals-project/scripts/extract_semantic_features.py", line 278, in main
    system_prompt, user_msg, n_comments = build_prompt(record, args.max_comments_per_batch)
                                          ~~~~~~~~~~~~^^^^^^^^^^^^^^^^^^^^^^^^^^^^^^^^^^^^^
  File "/gpfs/projects/imt526a/group1/youtube-movie-signals-project/scripts/extract_semantic_features.py", line 116, in build_prompt
    comments = record["texts"][:max_comments]
               ~~~~~~^^^^^^^^^
KeyError: 'texts'
2026-05-27 11:51:01,774 | INFO | [239] Processing movie_id=333484 batch_id=batch_239
2026-05-27 11:51:01,774 | ERROR | Error on line 239 (movie_id=333484): 'texts'
Traceback (most recent call last):
  File "/gpfs/projects/imt526a/group1/youtube-movie-signals-project/scripts/extract_semantic_features.py", line 278, in main
    system_prompt, user_msg, n_comments = build_prompt(record, args.max_comments_per_batch)
                                          ~~~~~~~~~~~~^^^^^^^^^^^^^^^^^^^^^^^^^^^^^^^^^^^^^
  File "/gpfs/projects/imt526a/group1/youtube-movie-signals-project/scripts/extract_semantic_features.py", line 116, in build_prompt
    comments = record["texts"][:max_comments]
               ~~~~~~^^^^^^^^^
KeyError: 'texts'
2026-05-27 11:51:01,782 | INFO | [240] Processing movie_id=405774 batch_id=batch_240
2026-05-27 11:51:01,782 | ERROR | Error on line 240 (movie_id=405774): 'texts'
Traceback (most recent call last):
  File "/gpfs/projects/imt526a/group1/youtube-movie-signals-project/scripts/extract_semantic_features.py", line 278, in main
    system_prompt, user_msg, n_comments = build_prompt(record, args.max_comments_per_batch)
                                          ~~~~~~~~~~~~^^^^^^^^^^^^^^^^^^^^^^^^^^^^^^^^^^^^^
  File "/gpfs/projects/imt526a/group1/youtube-movie-signals-project/scripts/extract_semantic_features.py", line 116, in build_prompt
    comments = record["texts"][:max_comments]
               ~~~~~~^^^^^^^^^
KeyError: 'texts'
2026-05-27 11:51:01,790 | INFO | [241] Processing movie_id=522938 batch_id=batch_241
2026-05-27 11:51:01,790 | ERROR | Error on line 241 (movie_id=522938): 'texts'
Traceback (most recent call last):
  File "/gpfs/projects/imt526a/group1/youtube-movie-signals-project/scripts/extract_semantic_features.py", line 278, in main
    system_prompt, user_msg, n_comments = build_prompt(record, args.max_comments_per_batch)
                                          ~~~~~~~~~~~~^^^^^^^^^^^^^^^^^^^^^^^^^^^^^^^^^^^^^
  File "/gpfs/projects/imt526a/group1/youtube-movie-signals-project/scripts/extract_semantic_features.py", line 116, in build_prompt
    comments = record["texts"][:max_comments]
               ~~~~~~^^^^^^^^^
KeyError: 'texts'
2026-05-27 11:51:01,799 | INFO | [242] Processing movie_id=254128 batch_id=batch_242
2026-05-27 11:51:01,799 | ERROR | Error on line 242 (movie_id=254128): 'texts'
Traceback (most recent call last):
  File "/gpfs/projects/imt526a/group1/youtube-movie-signals-project/scripts/extract_semantic_features.py", line 278, in main
    system_prompt, user_msg, n_comments = build_prompt(record, args.max_comments_per_batch)
                                          ~~~~~~~~~~~~^^^^^^^^^^^^^^^^^^^^^^^^^^^^^^^^^^^^^
  File "/gpfs/projects/imt526a/group1/youtube-movie-signals-project/scripts/extract_semantic_features.py", line 116, in build_prompt
    comments = record["texts"][:max_comments]
               ~~~~~~^^^^^^^^^
KeyError: 'texts'
2026-05-27 11:51:01,802 | INFO | [243] Processing movie_id=277216 batch_id=batch_243
2026-05-27 11:51:01,802 | ERROR | Error on line 243 (movie_id=277216): 'texts'
Traceback (most recent call last):
  File "/gpfs/projects/imt526a/group1/youtube-movie-signals-project/scripts/extract_semantic_features.py", line 278, in main
    system_prompt, user_msg, n_comments = build_prompt(record, args.max_comments_per_batch)
                                          ~~~~~~~~~~~~^^^^^^^^^^^^^^^^^^^^^^^^^^^^^^^^^^^^^
  File "/gpfs/projects/imt526a/group1/youtube-movie-signals-project/scripts/extract_semantic_features.py", line 116, in build_prompt
    comments = record["texts"][:max_comments]
               ~~~~~~^^^^^^^^^
KeyError: 'texts'
2026-05-27 11:51:01,807 | INFO | [244] Processing movie_id=339692 batch_id=batch_244
2026-05-27 11:51:01,807 | ERROR | Error on line 244 (movie_id=339692): 'texts'
Traceback (most recent call last):
  File "/gpfs/projects/imt526a/group1/youtube-movie-signals-project/scripts/extract_semantic_features.py", line 278, in main
    system_prompt, user_msg, n_comments = build_prompt(record, args.max_comments_per_batch)
                                          ~~~~~~~~~~~~^^^^^^^^^^^^^^^^^^^^^^^^^^^^^^^^^^^^^
  File "/gpfs/projects/imt526a/group1/youtube-movie-signals-project/scripts/extract_semantic_features.py", line 116, in build_prompt
    comments = record["texts"][:max_comments]
               ~~~~~~^^^^^^^^^
KeyError: 'texts'
2026-05-27 11:51:01,815 | INFO | [245] Processing movie_id=967847 batch_id=batch_245
2026-05-27 11:51:01,815 | ERROR | Error on line 245 (movie_id=967847): 'texts'
Traceback (most recent call last):
  File "/gpfs/projects/imt526a/group1/youtube-movie-signals-project/scripts/extract_semantic_features.py", line 278, in main
    system_prompt, user_msg, n_comments = build_prompt(record, args.max_comments_per_batch)
                                          ~~~~~~~~~~~~^^^^^^^^^^^^^^^^^^^^^^^^^^^^^^^^^^^^^
  File "/gpfs/projects/imt526a/group1/youtube-movie-signals-project/scripts/extract_semantic_features.py", line 116, in build_prompt
    comments = record["texts"][:max_comments]
               ~~~~~~^^^^^^^^^
KeyError: 'texts'
2026-05-27 11:51:01,817 | INFO | [246] Processing movie_id=615677 batch_id=batch_246
2026-05-27 11:51:01,817 | ERROR | Error on line 246 (movie_id=615677): 'texts'
Traceback (most recent call last):
  File "/gpfs/projects/imt526a/group1/youtube-movie-signals-project/scripts/extract_semantic_features.py", line 278, in main
    system_prompt, user_msg, n_comments = build_prompt(record, args.max_comments_per_batch)
                                          ~~~~~~~~~~~~^^^^^^^^^^^^^^^^^^^^^^^^^^^^^^^^^^^^^
  File "/gpfs/projects/imt526a/group1/youtube-movie-signals-project/scripts/extract_semantic_features.py", line 116, in build_prompt
    comments = record["texts"][:max_comments]
               ~~~~~~^^^^^^^^^
KeyError: 'texts'
2026-05-27 11:51:01,819 | INFO | [247] Processing movie_id=396371 batch_id=batch_247
2026-05-27 11:51:01,819 | ERROR | Error on line 247 (movie_id=396371): 'texts'
Traceback (most recent call last):
  File "/gpfs/projects/imt526a/group1/youtube-movie-signals-project/scripts/extract_semantic_features.py", line 278, in main
    system_prompt, user_msg, n_comments = build_prompt(record, args.max_comments_per_batch)
                                          ~~~~~~~~~~~~^^^^^^^^^^^^^^^^^^^^^^^^^^^^^^^^^^^^^
  File "/gpfs/projects/imt526a/group1/youtube-movie-signals-project/scripts/extract_semantic_features.py", line 116, in build_prompt
    comments = record["texts"][:max_comments]
               ~~~~~~^^^^^^^^^
KeyError: 'texts'
2026-05-27 11:51:01,822 | INFO | [248] Processing movie_id=419743 batch_id=batch_248
2026-05-27 11:51:01,822 | ERROR | Error on line 248 (movie_id=419743): 'texts'
Traceback (most recent call last):
  File "/gpfs/projects/imt526a/group1/youtube-movie-signals-project/scripts/extract_semantic_features.py", line 278, in main
    system_prompt, user_msg, n_comments = build_prompt(record, args.max_comments_per_batch)
                                          ~~~~~~~~~~~~^^^^^^^^^^^^^^^^^^^^^^^^^^^^^^^^^^^^^
  File "/gpfs/projects/imt526a/group1/youtube-movie-signals-project/scripts/extract_semantic_features.py", line 116, in build_prompt
    comments = record["texts"][:max_comments]
               ~~~~~~^^^^^^^^^
KeyError: 'texts'
2026-05-27 11:51:01,826 | INFO | [249] Processing movie_id=391713 batch_id=batch_249
2026-05-27 11:51:01,826 | ERROR | Error on line 249 (movie_id=391713): 'texts'
Traceback (most recent call last):
  File "/gpfs/projects/imt526a/group1/youtube-movie-signals-project/scripts/extract_semantic_features.py", line 278, in main
    system_prompt, user_msg, n_comments = build_prompt(record, args.max_comments_per_batch)
                                          ~~~~~~~~~~~~^^^^^^^^^^^^^^^^^^^^^^^^^^^^^^^^^^^^^
  File "/gpfs/projects/imt526a/group1/youtube-movie-signals-project/scripts/extract_semantic_features.py", line 116, in build_prompt
    comments = record["texts"][:max_comments]
               ~~~~~~^^^^^^^^^
KeyError: 'texts'
2026-05-27 11:51:01,829 | INFO | [250] Processing movie_id=207932 batch_id=batch_250
2026-05-27 11:51:01,829 | ERROR | Error on line 250 (movie_id=207932): 'texts'
Traceback (most recent call last):
  File "/gpfs/projects/imt526a/group1/youtube-movie-signals-project/scripts/extract_semantic_features.py", line 278, in main
    system_prompt, user_msg, n_comments = build_prompt(record, args.max_comments_per_batch)
                                          ~~~~~~~~~~~~^^^^^^^^^^^^^^^^^^^^^^^^^^^^^^^^^^^^^
  File "/gpfs/projects/imt526a/group1/youtube-movie-signals-project/scripts/extract_semantic_features.py", line 116, in build_prompt
    comments = record["texts"][:max_comments]
               ~~~~~~^^^^^^^^^
KeyError: 'texts'
2026-05-27 11:51:01,832 | INFO | [251] Processing movie_id=76757 batch_id=batch_251
2026-05-27 11:51:01,832 | ERROR | Error on line 251 (movie_id=76757): 'texts'
Traceback (most recent call last):
  File "/gpfs/projects/imt526a/group1/youtube-movie-signals-project/scripts/extract_semantic_features.py", line 278, in main
    system_prompt, user_msg, n_comments = build_prompt(record, args.max_comments_per_batch)
                                          ~~~~~~~~~~~~^^^^^^^^^^^^^^^^^^^^^^^^^^^^^^^^^^^^^
  File "/gpfs/projects/imt526a/group1/youtube-movie-signals-project/scripts/extract_semantic_features.py", line 116, in build_prompt
    comments = record["texts"][:max_comments]
               ~~~~~~^^^^^^^^^
KeyError: 'texts'
2026-05-27 11:51:01,838 | INFO | [252] Processing movie_id=560016 batch_id=batch_252
2026-05-27 11:51:01,838 | ERROR | Error on line 252 (movie_id=560016): 'texts'
Traceback (most recent call last):
  File "/gpfs/projects/imt526a/group1/youtube-movie-signals-project/scripts/extract_semantic_features.py", line 278, in main
    system_prompt, user_msg, n_comments = build_prompt(record, args.max_comments_per_batch)
                                          ~~~~~~~~~~~~^^^^^^^^^^^^^^^^^^^^^^^^^^^^^^^^^^^^^
  File "/gpfs/projects/imt526a/group1/youtube-movie-signals-project/scripts/extract_semantic_features.py", line 116, in build_prompt
    comments = record["texts"][:max_comments]
               ~~~~~~^^^^^^^^^
KeyError: 'texts'
2026-05-27 11:51:01,845 | INFO | [253] Processing movie_id=396422 batch_id=batch_253
2026-05-27 11:51:01,845 | ERROR | Error on line 253 (movie_id=396422): 'texts'
Traceback (most recent call last):
  File "/gpfs/projects/imt526a/group1/youtube-movie-signals-project/scripts/extract_semantic_features.py", line 278, in main
    system_prompt, user_msg, n_comments = build_prompt(record, args.max_comments_per_batch)
                                          ~~~~~~~~~~~~^^^^^^^^^^^^^^^^^^^^^^^^^^^^^^^^^^^^^
  File "/gpfs/projects/imt526a/group1/youtube-movie-signals-project/scripts/extract_semantic_features.py", line 116, in build_prompt
    comments = record["texts"][:max_comments]
               ~~~~~~^^^^^^^^^
KeyError: 'texts'
2026-05-27 11:51:01,852 | INFO | [254] Processing movie_id=937278 batch_id=batch_254
2026-05-27 11:51:01,852 | ERROR | Error on line 254 (movie_id=937278): 'texts'
Traceback (most recent call last):
  File "/gpfs/projects/imt526a/group1/youtube-movie-signals-project/scripts/extract_semantic_features.py", line 278, in main
    system_prompt, user_msg, n_comments = build_prompt(record, args.max_comments_per_batch)
                                          ~~~~~~~~~~~~^^^^^^^^^^^^^^^^^^^^^^^^^^^^^^^^^^^^^
  File "/gpfs/projects/imt526a/group1/youtube-movie-signals-project/scripts/extract_semantic_features.py", line 116, in build_prompt
    comments = record["texts"][:max_comments]
               ~~~~~~^^^^^^^^^
KeyError: 'texts'
2026-05-27 11:51:01,853 | INFO | [255] Processing movie_id=278924 batch_id=batch_255
2026-05-27 11:51:01,853 | ERROR | Error on line 255 (movie_id=278924): 'texts'
Traceback (most recent call last):
  File "/gpfs/projects/imt526a/group1/youtube-movie-signals-project/scripts/extract_semantic_features.py", line 278, in main
    system_prompt, user_msg, n_comments = build_prompt(record, args.max_comments_per_batch)
                                          ~~~~~~~~~~~~^^^^^^^^^^^^^^^^^^^^^^^^^^^^^^^^^^^^^
  File "/gpfs/projects/imt526a/group1/youtube-movie-signals-project/scripts/extract_semantic_features.py", line 116, in build_prompt
    comments = record["texts"][:max_comments]
               ~~~~~~^^^^^^^^^
KeyError: 'texts'
2026-05-27 11:51:01,861 | INFO | [256] Processing movie_id=503919 batch_id=batch_256
2026-05-27 11:51:01,861 | ERROR | Error on line 256 (movie_id=503919): 'texts'
Traceback (most recent call last):
  File "/gpfs/projects/imt526a/group1/youtube-movie-signals-project/scripts/extract_semantic_features.py", line 278, in main
    system_prompt, user_msg, n_comments = build_prompt(record, args.max_comments_per_batch)
                                          ~~~~~~~~~~~~^^^^^^^^^^^^^^^^^^^^^^^^^^^^^^^^^^^^^
  File "/gpfs/projects/imt526a/group1/youtube-movie-signals-project/scripts/extract_semantic_features.py", line 116, in build_prompt
    comments = record["texts"][:max_comments]
               ~~~~~~^^^^^^^^^
KeyError: 'texts'
2026-05-27 11:51:01,867 | INFO | [257] Processing movie_id=401981 batch_id=batch_257
2026-05-27 11:51:01,867 | ERROR | Error on line 257 (movie_id=401981): 'texts'
Traceback (most recent call last):
  File "/gpfs/projects/imt526a/group1/youtube-movie-signals-project/scripts/extract_semantic_features.py", line 278, in main
    system_prompt, user_msg, n_comments = build_prompt(record, args.max_comments_per_batch)
                                          ~~~~~~~~~~~~^^^^^^^^^^^^^^^^^^^^^^^^^^^^^^^^^^^^^
  File "/gpfs/projects/imt526a/group1/youtube-movie-signals-project/scripts/extract_semantic_features.py", line 116, in build_prompt
    comments = record["texts"][:max_comments]
               ~~~~~~^^^^^^^^^
KeyError: 'texts'
2026-05-27 11:51:01,875 | INFO | [258] Processing movie_id=274870 batch_id=batch_258
2026-05-27 11:51:01,875 | ERROR | Error on line 258 (movie_id=274870): 'texts'
Traceback (most recent call last):
  File "/gpfs/projects/imt526a/group1/youtube-movie-signals-project/scripts/extract_semantic_features.py", line 278, in main
    system_prompt, user_msg, n_comments = build_prompt(record, args.max_comments_per_batch)
                                          ~~~~~~~~~~~~^^^^^^^^^^^^^^^^^^^^^^^^^^^^^^^^^^^^^
  File "/gpfs/projects/imt526a/group1/youtube-movie-signals-project/scripts/extract_semantic_features.py", line 116, in build_prompt
    comments = record["texts"][:max_comments]
               ~~~~~~^^^^^^^^^
KeyError: 'texts'
2026-05-27 11:51:01,878 | INFO | [259] Processing movie_id=739405 batch_id=batch_259
2026-05-27 11:51:01,878 | ERROR | Error on line 259 (movie_id=739405): 'texts'
Traceback (most recent call last):
  File "/gpfs/projects/imt526a/group1/youtube-movie-signals-project/scripts/extract_semantic_features.py", line 278, in main
    system_prompt, user_msg, n_comments = build_prompt(record, args.max_comments_per_batch)
                                          ~~~~~~~~~~~~^^^^^^^^^^^^^^^^^^^^^^^^^^^^^^^^^^^^^
  File "/gpfs/projects/imt526a/group1/youtube-movie-signals-project/scripts/extract_semantic_features.py", line 116, in build_prompt
    comments = record["texts"][:max_comments]
               ~~~~~~^^^^^^^^^
KeyError: 'texts'
2026-05-27 11:51:01,885 | INFO | [260] Processing movie_id=476669 batch_id=batch_260
2026-05-27 11:51:01,885 | ERROR | Error on line 260 (movie_id=476669): 'texts'
Traceback (most recent call last):
  File "/gpfs/projects/imt526a/group1/youtube-movie-signals-project/scripts/extract_semantic_features.py", line 278, in main
    system_prompt, user_msg, n_comments = build_prompt(record, args.max_comments_per_batch)
                                          ~~~~~~~~~~~~^^^^^^^^^^^^^^^^^^^^^^^^^^^^^^^^^^^^^
  File "/gpfs/projects/imt526a/group1/youtube-movie-signals-project/scripts/extract_semantic_features.py", line 116, in build_prompt
    comments = record["texts"][:max_comments]
               ~~~~~~^^^^^^^^^
KeyError: 'texts'
2026-05-27 11:51:01,890 | INFO | [261] Processing movie_id=399402 batch_id=batch_261
2026-05-27 11:51:01,890 | ERROR | Error on line 261 (movie_id=399402): 'texts'
Traceback (most recent call last):
  File "/gpfs/projects/imt526a/group1/youtube-movie-signals-project/scripts/extract_semantic_features.py", line 278, in main
    system_prompt, user_msg, n_comments = build_prompt(record, args.max_comments_per_batch)
                                          ~~~~~~~~~~~~^^^^^^^^^^^^^^^^^^^^^^^^^^^^^^^^^^^^^
  File "/gpfs/projects/imt526a/group1/youtube-movie-signals-project/scripts/extract_semantic_features.py", line 116, in build_prompt
    comments = record["texts"][:max_comments]
               ~~~~~~^^^^^^^^^
KeyError: 'texts'
2026-05-27 11:51:01,893 | INFO | [262] Processing movie_id=800158 batch_id=batch_262
2026-05-27 11:51:01,893 | ERROR | Error on line 262 (movie_id=800158): 'texts'
Traceback (most recent call last):
  File "/gpfs/projects/imt526a/group1/youtube-movie-signals-project/scripts/extract_semantic_features.py", line 278, in main
    system_prompt, user_msg, n_comments = build_prompt(record, args.max_comments_per_batch)
                                          ~~~~~~~~~~~~^^^^^^^^^^^^^^^^^^^^^^^^^^^^^^^^^^^^^
  File "/gpfs/projects/imt526a/group1/youtube-movie-signals-project/scripts/extract_semantic_features.py", line 116, in build_prompt
    comments = record["texts"][:max_comments]
               ~~~~~~^^^^^^^^^
KeyError: 'texts'
2026-05-27 11:51:01,895 | INFO | [263] Processing movie_id=238713 batch_id=batch_263
2026-05-27 11:51:01,895 | ERROR | Error on line 263 (movie_id=238713): 'texts'
Traceback (most recent call last):
  File "/gpfs/projects/imt526a/group1/youtube-movie-signals-project/scripts/extract_semantic_features.py", line 278, in main
    system_prompt, user_msg, n_comments = build_prompt(record, args.max_comments_per_batch)
                                          ~~~~~~~~~~~~^^^^^^^^^^^^^^^^^^^^^^^^^^^^^^^^^^^^^
  File "/gpfs/projects/imt526a/group1/youtube-movie-signals-project/scripts/extract_semantic_features.py", line 116, in build_prompt
    comments = record["texts"][:max_comments]
               ~~~~~~^^^^^^^^^
KeyError: 'texts'
2026-05-27 11:51:01,903 | INFO | [264] Processing movie_id=639933 batch_id=batch_264
2026-05-27 11:51:01,903 | ERROR | Error on line 264 (movie_id=639933): 'texts'
Traceback (most recent call last):
  File "/gpfs/projects/imt526a/group1/youtube-movie-signals-project/scripts/extract_semantic_features.py", line 278, in main
    system_prompt, user_msg, n_comments = build_prompt(record, args.max_comments_per_batch)
                                          ~~~~~~~~~~~~^^^^^^^^^^^^^^^^^^^^^^^^^^^^^^^^^^^^^
  File "/gpfs/projects/imt526a/group1/youtube-movie-signals-project/scripts/extract_semantic_features.py", line 116, in build_prompt
    comments = record["texts"][:max_comments]
               ~~~~~~^^^^^^^^^
KeyError: 'texts'
2026-05-27 11:51:01,913 | INFO | [265] Processing movie_id=1022796 batch_id=batch_265
2026-05-27 11:51:01,913 | ERROR | Error on line 265 (movie_id=1022796): 'texts'
Traceback (most recent call last):
  File "/gpfs/projects/imt526a/group1/youtube-movie-signals-project/scripts/extract_semantic_features.py", line 278, in main
    system_prompt, user_msg, n_comments = build_prompt(record, args.max_comments_per_batch)
                                          ~~~~~~~~~~~~^^^^^^^^^^^^^^^^^^^^^^^^^^^^^^^^^^^^^
  File "/gpfs/projects/imt526a/group1/youtube-movie-signals-project/scripts/extract_semantic_features.py", line 116, in build_prompt
    comments = record["texts"][:max_comments]
               ~~~~~~^^^^^^^^^
KeyError: 'texts'
2026-05-27 11:51:01,916 | INFO | [266] Processing movie_id=696806 batch_id=batch_266
2026-05-27 11:51:01,916 | ERROR | Error on line 266 (movie_id=696806): 'texts'
Traceback (most recent call last):
  File "/gpfs/projects/imt526a/group1/youtube-movie-signals-project/scripts/extract_semantic_features.py", line 278, in main
    system_prompt, user_msg, n_comments = build_prompt(record, args.max_comments_per_batch)
                                          ~~~~~~~~~~~~^^^^^^^^^^^^^^^^^^^^^^^^^^^^^^^^^^^^^
  File "/gpfs/projects/imt526a/group1/youtube-movie-signals-project/scripts/extract_semantic_features.py", line 116, in build_prompt
    comments = record["texts"][:max_comments]
               ~~~~~~^^^^^^^^^
KeyError: 'texts'
2026-05-27 11:51:01,923 | INFO | [267] Processing movie_id=443791 batch_id=batch_267
2026-05-27 11:51:01,923 | ERROR | Error on line 267 (movie_id=443791): 'texts'
Traceback (most recent call last):
  File "/gpfs/projects/imt526a/group1/youtube-movie-signals-project/scripts/extract_semantic_features.py", line 278, in main
    system_prompt, user_msg, n_comments = build_prompt(record, args.max_comments_per_batch)
                                          ~~~~~~~~~~~~^^^^^^^^^^^^^^^^^^^^^^^^^^^^^^^^^^^^^
  File "/gpfs/projects/imt526a/group1/youtube-movie-signals-project/scripts/extract_semantic_features.py", line 116, in build_prompt
    comments = record["texts"][:max_comments]
               ~~~~~~^^^^^^^^^
KeyError: 'texts'
2026-05-27 11:51:01,926 | INFO | [268] Processing movie_id=276907 batch_id=batch_268
2026-05-27 11:51:01,926 | ERROR | Error on line 268 (movie_id=276907): 'texts'
Traceback (most recent call last):
  File "/gpfs/projects/imt526a/group1/youtube-movie-signals-project/scripts/extract_semantic_features.py", line 278, in main
    system_prompt, user_msg, n_comments = build_prompt(record, args.max_comments_per_batch)
                                          ~~~~~~~~~~~~^^^^^^^^^^^^^^^^^^^^^^^^^^^^^^^^^^^^^
  File "/gpfs/projects/imt526a/group1/youtube-movie-signals-project/scripts/extract_semantic_features.py", line 116, in build_prompt
    comments = record["texts"][:max_comments]
               ~~~~~~^^^^^^^^^
KeyError: 'texts'
2026-05-27 11:51:01,934 | INFO | [269] Processing movie_id=205584 batch_id=batch_269
2026-05-27 11:51:01,934 | ERROR | Error on line 269 (movie_id=205584): 'texts'
Traceback (most recent call last):
  File "/gpfs/projects/imt526a/group1/youtube-movie-signals-project/scripts/extract_semantic_features.py", line 278, in main
    system_prompt, user_msg, n_comments = build_prompt(record, args.max_comments_per_batch)
                                          ~~~~~~~~~~~~^^^^^^^^^^^^^^^^^^^^^^^^^^^^^^^^^^^^^
  File "/gpfs/projects/imt526a/group1/youtube-movie-signals-project/scripts/extract_semantic_features.py", line 116, in build_prompt
    comments = record["texts"][:max_comments]
               ~~~~~~^^^^^^^^^
KeyError: 'texts'
2026-05-27 11:51:01,936 | INFO | [270] Processing movie_id=274854 batch_id=batch_270
2026-05-27 11:51:01,936 | ERROR | Error on line 270 (movie_id=274854): 'texts'
Traceback (most recent call last):
  File "/gpfs/projects/imt526a/group1/youtube-movie-signals-project/scripts/extract_semantic_features.py", line 278, in main
    system_prompt, user_msg, n_comments = build_prompt(record, args.max_comments_per_batch)
                                          ~~~~~~~~~~~~^^^^^^^^^^^^^^^^^^^^^^^^^^^^^^^^^^^^^
  File "/gpfs/projects/imt526a/group1/youtube-movie-signals-project/scripts/extract_semantic_features.py", line 116, in build_prompt
    comments = record["texts"][:max_comments]
               ~~~~~~^^^^^^^^^
KeyError: 'texts'
2026-05-27 11:51:01,945 | INFO | [271] Processing movie_id=602223 batch_id=batch_271
2026-05-27 11:51:01,945 | ERROR | Error on line 271 (movie_id=602223): 'texts'
Traceback (most recent call last):
  File "/gpfs/projects/imt526a/group1/youtube-movie-signals-project/scripts/extract_semantic_features.py", line 278, in main
    system_prompt, user_msg, n_comments = build_prompt(record, args.max_comments_per_batch)
                                          ~~~~~~~~~~~~^^^^^^^^^^^^^^^^^^^^^^^^^^^^^^^^^^^^^
  File "/gpfs/projects/imt526a/group1/youtube-movie-signals-project/scripts/extract_semantic_features.py", line 116, in build_prompt
    comments = record["texts"][:max_comments]
               ~~~~~~^^^^^^^^^
KeyError: 'texts'
2026-05-27 11:51:01,948 | INFO | [272] Processing movie_id=549509 batch_id=batch_272
2026-05-27 11:51:01,948 | ERROR | Error on line 272 (movie_id=549509): 'texts'
Traceback (most recent call last):
  File "/gpfs/projects/imt526a/group1/youtube-movie-signals-project/scripts/extract_semantic_features.py", line 278, in main
    system_prompt, user_msg, n_comments = build_prompt(record, args.max_comments_per_batch)
                                          ~~~~~~~~~~~~^^^^^^^^^^^^^^^^^^^^^^^^^^^^^^^^^^^^^
  File "/gpfs/projects/imt526a/group1/youtube-movie-signals-project/scripts/extract_semantic_features.py", line 116, in build_prompt
    comments = record["texts"][:max_comments]
               ~~~~~~^^^^^^^^^
KeyError: 'texts'
2026-05-27 11:51:01,956 | INFO | [273] Processing movie_id=425909 batch_id=batch_273
2026-05-27 11:51:01,956 | ERROR | Error on line 273 (movie_id=425909): 'texts'
Traceback (most recent call last):
  File "/gpfs/projects/imt526a/group1/youtube-movie-signals-project/scripts/extract_semantic_features.py", line 278, in main
    system_prompt, user_msg, n_comments = build_prompt(record, args.max_comments_per_batch)
                                          ~~~~~~~~~~~~^^^^^^^^^^^^^^^^^^^^^^^^^^^^^^^^^^^^^
  File "/gpfs/projects/imt526a/group1/youtube-movie-signals-project/scripts/extract_semantic_features.py", line 116, in build_prompt
    comments = record["texts"][:max_comments]
               ~~~~~~^^^^^^^^^
KeyError: 'texts'
2026-05-27 11:51:01,964 | INFO | [274] Processing movie_id=482373 batch_id=batch_274
2026-05-27 11:51:01,964 | ERROR | Error on line 274 (movie_id=482373): 'texts'
Traceback (most recent call last):
  File "/gpfs/projects/imt526a/group1/youtube-movie-signals-project/scripts/extract_semantic_features.py", line 278, in main
    system_prompt, user_msg, n_comments = build_prompt(record, args.max_comments_per_batch)
                                          ~~~~~~~~~~~~^^^^^^^^^^^^^^^^^^^^^^^^^^^^^^^^^^^^^
  File "/gpfs/projects/imt526a/group1/youtube-movie-signals-project/scripts/extract_semantic_features.py", line 116, in build_prompt
    comments = record["texts"][:max_comments]
               ~~~~~~^^^^^^^^^
KeyError: 'texts'
2026-05-27 11:51:01,972 | INFO | [275] Processing movie_id=763215 batch_id=batch_275
2026-05-27 11:51:01,972 | ERROR | Error on line 275 (movie_id=763215): 'texts'
Traceback (most recent call last):
  File "/gpfs/projects/imt526a/group1/youtube-movie-signals-project/scripts/extract_semantic_features.py", line 278, in main
    system_prompt, user_msg, n_comments = build_prompt(record, args.max_comments_per_batch)
                                          ~~~~~~~~~~~~^^^^^^^^^^^^^^^^^^^^^^^^^^^^^^^^^^^^^
  File "/gpfs/projects/imt526a/group1/youtube-movie-signals-project/scripts/extract_semantic_features.py", line 116, in build_prompt
    comments = record["texts"][:max_comments]
               ~~~~~~^^^^^^^^^
KeyError: 'texts'
2026-05-27 11:51:01,980 | INFO | [276] Processing movie_id=700391 batch_id=batch_276
2026-05-27 11:51:01,980 | ERROR | Error on line 276 (movie_id=700391): 'texts'
Traceback (most recent call last):
  File "/gpfs/projects/imt526a/group1/youtube-movie-signals-project/scripts/extract_semantic_features.py", line 278, in main
    system_prompt, user_msg, n_comments = build_prompt(record, args.max_comments_per_batch)
                                          ~~~~~~~~~~~~^^^^^^^^^^^^^^^^^^^^^^^^^^^^^^^^^^^^^
  File "/gpfs/projects/imt526a/group1/youtube-movie-signals-project/scripts/extract_semantic_features.py", line 116, in build_prompt
    comments = record["texts"][:max_comments]
               ~~~~~~^^^^^^^^^
KeyError: 'texts'
2026-05-27 11:51:01,987 | INFO | [277] Processing movie_id=913290 batch_id=batch_277
2026-05-27 11:51:01,987 | ERROR | Error on line 277 (movie_id=913290): 'texts'
Traceback (most recent call last):
  File "/gpfs/projects/imt526a/group1/youtube-movie-signals-project/scripts/extract_semantic_features.py", line 278, in main
    system_prompt, user_msg, n_comments = build_prompt(record, args.max_comments_per_batch)
                                          ~~~~~~~~~~~~^^^^^^^^^^^^^^^^^^^^^^^^^^^^^^^^^^^^^
  File "/gpfs/projects/imt526a/group1/youtube-movie-signals-project/scripts/extract_semantic_features.py", line 116, in build_prompt
    comments = record["texts"][:max_comments]
               ~~~~~~^^^^^^^^^
KeyError: 'texts'
2026-05-27 11:51:01,990 | INFO | [278] Processing movie_id=930564 batch_id=batch_278
2026-05-27 11:51:01,990 | ERROR | Error on line 278 (movie_id=930564): 'texts'
Traceback (most recent call last):
  File "/gpfs/projects/imt526a/group1/youtube-movie-signals-project/scripts/extract_semantic_features.py", line 278, in main
    system_prompt, user_msg, n_comments = build_prompt(record, args.max_comments_per_batch)
                                          ~~~~~~~~~~~~^^^^^^^^^^^^^^^^^^^^^^^^^^^^^^^^^^^^^
  File "/gpfs/projects/imt526a/group1/youtube-movie-signals-project/scripts/extract_semantic_features.py", line 116, in build_prompt
    comments = record["texts"][:max_comments]
               ~~~~~~^^^^^^^^^
KeyError: 'texts'
2026-05-27 11:51:01,997 | INFO | [279] Processing movie_id=363676 batch_id=batch_279
2026-05-27 11:51:01,997 | ERROR | Error on line 279 (movie_id=363676): 'texts'
Traceback (most recent call last):
  File "/gpfs/projects/imt526a/group1/youtube-movie-signals-project/scripts/extract_semantic_features.py", line 278, in main
    system_prompt, user_msg, n_comments = build_prompt(record, args.max_comments_per_batch)
                                          ~~~~~~~~~~~~^^^^^^^^^^^^^^^^^^^^^^^^^^^^^^^^^^^^^
  File "/gpfs/projects/imt526a/group1/youtube-movie-signals-project/scripts/extract_semantic_features.py", line 116, in build_prompt
    comments = record["texts"][:max_comments]
               ~~~~~~^^^^^^^^^
KeyError: 'texts'
2026-05-27 11:51:02,000 | INFO | [280] Processing movie_id=661539 batch_id=batch_280
2026-05-27 11:51:02,000 | ERROR | Error on line 280 (movie_id=661539): 'texts'
Traceback (most recent call last):
  File "/gpfs/projects/imt526a/group1/youtube-movie-signals-project/scripts/extract_semantic_features.py", line 278, in main
    system_prompt, user_msg, n_comments = build_prompt(record, args.max_comments_per_batch)
                                          ~~~~~~~~~~~~^^^^^^^^^^^^^^^^^^^^^^^^^^^^^^^^^^^^^
  File "/gpfs/projects/imt526a/group1/youtube-movie-signals-project/scripts/extract_semantic_features.py", line 116, in build_prompt
    comments = record["texts"][:max_comments]
               ~~~~~~^^^^^^^^^
KeyError: 'texts'
2026-05-27 11:51:02,008 | INFO | [281] Processing movie_id=458723 batch_id=batch_281
2026-05-27 11:51:02,008 | ERROR | Error on line 281 (movie_id=458723): 'texts'
Traceback (most recent call last):
  File "/gpfs/projects/imt526a/group1/youtube-movie-signals-project/scripts/extract_semantic_features.py", line 278, in main
    system_prompt, user_msg, n_comments = build_prompt(record, args.max_comments_per_batch)
                                          ~~~~~~~~~~~~^^^^^^^^^^^^^^^^^^^^^^^^^^^^^^^^^^^^^
  File "/gpfs/projects/imt526a/group1/youtube-movie-signals-project/scripts/extract_semantic_features.py", line 116, in build_prompt
    comments = record["texts"][:max_comments]
               ~~~~~~^^^^^^^^^
KeyError: 'texts'
2026-05-27 11:51:02,016 | INFO | [282] Processing movie_id=630586 batch_id=batch_282
2026-05-27 11:51:02,016 | ERROR | Error on line 282 (movie_id=630586): 'texts'
Traceback (most recent call last):
  File "/gpfs/projects/imt526a/group1/youtube-movie-signals-project/scripts/extract_semantic_features.py", line 278, in main
    system_prompt, user_msg, n_comments = build_prompt(record, args.max_comments_per_batch)
                                          ~~~~~~~~~~~~^^^^^^^^^^^^^^^^^^^^^^^^^^^^^^^^^^^^^
  File "/gpfs/projects/imt526a/group1/youtube-movie-signals-project/scripts/extract_semantic_features.py", line 116, in build_prompt
    comments = record["texts"][:max_comments]
               ~~~~~~^^^^^^^^^
KeyError: 'texts'
2026-05-27 11:51:02,024 | INFO | [283] Processing movie_id=536554 batch_id=batch_283
2026-05-27 11:51:02,024 | ERROR | Error on line 283 (movie_id=536554): 'texts'
Traceback (most recent call last):
  File "/gpfs/projects/imt526a/group1/youtube-movie-signals-project/scripts/extract_semantic_features.py", line 278, in main
    system_prompt, user_msg, n_comments = build_prompt(record, args.max_comments_per_batch)
                                          ~~~~~~~~~~~~^^^^^^^^^^^^^^^^^^^^^^^^^^^^^^^^^^^^^
  File "/gpfs/projects/imt526a/group1/youtube-movie-signals-project/scripts/extract_semantic_features.py", line 116, in build_prompt
    comments = record["texts"][:max_comments]
               ~~~~~~^^^^^^^^^
KeyError: 'texts'
2026-05-27 11:51:02,027 | INFO | [284] Processing movie_id=333371 batch_id=batch_284
2026-05-27 11:51:02,028 | ERROR | Error on line 284 (movie_id=333371): 'texts'
Traceback (most recent call last):
  File "/gpfs/projects/imt526a/group1/youtube-movie-signals-project/scripts/extract_semantic_features.py", line 278, in main
    system_prompt, user_msg, n_comments = build_prompt(record, args.max_comments_per_batch)
                                          ~~~~~~~~~~~~^^^^^^^^^^^^^^^^^^^^^^^^^^^^^^^^^^^^^
  File "/gpfs/projects/imt526a/group1/youtube-movie-signals-project/scripts/extract_semantic_features.py", line 116, in build_prompt
    comments = record["texts"][:max_comments]
               ~~~~~~^^^^^^^^^
KeyError: 'texts'
2026-05-27 11:51:02,032 | INFO | [285] Processing movie_id=522931 batch_id=batch_285
2026-05-27 11:51:02,032 | ERROR | Error on line 285 (movie_id=522931): 'texts'
Traceback (most recent call last):
  File "/gpfs/projects/imt526a/group1/youtube-movie-signals-project/scripts/extract_semantic_features.py", line 278, in main
    system_prompt, user_msg, n_comments = build_prompt(record, args.max_comments_per_batch)
                                          ~~~~~~~~~~~~^^^^^^^^^^^^^^^^^^^^^^^^^^^^^^^^^^^^^
  File "/gpfs/projects/imt526a/group1/youtube-movie-signals-project/scripts/extract_semantic_features.py", line 116, in build_prompt
    comments = record["texts"][:max_comments]
               ~~~~~~^^^^^^^^^
KeyError: 'texts'
2026-05-27 11:51:02,038 | INFO | [286] Processing movie_id=949423 batch_id=batch_286
2026-05-27 11:51:02,038 | ERROR | Error on line 286 (movie_id=949423): 'texts'
Traceback (most recent call last):
  File "/gpfs/projects/imt526a/group1/youtube-movie-signals-project/scripts/extract_semantic_features.py", line 278, in main
    system_prompt, user_msg, n_comments = build_prompt(record, args.max_comments_per_batch)
                                          ~~~~~~~~~~~~^^^^^^^^^^^^^^^^^^^^^^^^^^^^^^^^^^^^^
  File "/gpfs/projects/imt526a/group1/youtube-movie-signals-project/scripts/extract_semantic_features.py", line 116, in build_prompt
    comments = record["texts"][:max_comments]
               ~~~~~~^^^^^^^^^
KeyError: 'texts'
2026-05-27 11:51:02,041 | INFO | [287] Processing movie_id=342473 batch_id=batch_287
2026-05-27 11:51:02,041 | ERROR | Error on line 287 (movie_id=342473): 'texts'
Traceback (most recent call last):
  File "/gpfs/projects/imt526a/group1/youtube-movie-signals-project/scripts/extract_semantic_features.py", line 278, in main
    system_prompt, user_msg, n_comments = build_prompt(record, args.max_comments_per_batch)
                                          ~~~~~~~~~~~~^^^^^^^^^^^^^^^^^^^^^^^^^^^^^^^^^^^^^
  File "/gpfs/projects/imt526a/group1/youtube-movie-signals-project/scripts/extract_semantic_features.py", line 116, in build_prompt
    comments = record["texts"][:max_comments]
               ~~~~~~^^^^^^^^^
KeyError: 'texts'
2026-05-27 11:51:02,043 | INFO | [288] Processing movie_id=296098 batch_id=batch_288
2026-05-27 11:51:02,043 | ERROR | Error on line 288 (movie_id=296098): 'texts'
Traceback (most recent call last):
  File "/gpfs/projects/imt526a/group1/youtube-movie-signals-project/scripts/extract_semantic_features.py", line 278, in main
    system_prompt, user_msg, n_comments = build_prompt(record, args.max_comments_per_batch)
                                          ~~~~~~~~~~~~^^^^^^^^^^^^^^^^^^^^^^^^^^^^^^^^^^^^^
  File "/gpfs/projects/imt526a/group1/youtube-movie-signals-project/scripts/extract_semantic_features.py", line 116, in build_prompt
    comments = record["texts"][:max_comments]
               ~~~~~~^^^^^^^^^
KeyError: 'texts'
2026-05-27 11:51:02,046 | INFO | [289] Processing movie_id=337170 batch_id=batch_289
2026-05-27 11:51:02,046 | ERROR | Error on line 289 (movie_id=337170): 'texts'
Traceback (most recent call last):
  File "/gpfs/projects/imt526a/group1/youtube-movie-signals-project/scripts/extract_semantic_features.py", line 278, in main
    system_prompt, user_msg, n_comments = build_prompt(record, args.max_comments_per_batch)
                                          ~~~~~~~~~~~~^^^^^^^^^^^^^^^^^^^^^^^^^^^^^^^^^^^^^
  File "/gpfs/projects/imt526a/group1/youtube-movie-signals-project/scripts/extract_semantic_features.py", line 116, in build_prompt
    comments = record["texts"][:max_comments]
               ~~~~~~^^^^^^^^^
KeyError: 'texts'
2026-05-27 11:51:02,051 | INFO | [290] Processing movie_id=1005331 batch_id=batch_290
2026-05-27 11:51:02,051 | ERROR | Error on line 290 (movie_id=1005331): 'texts'
Traceback (most recent call last):
  File "/gpfs/projects/imt526a/group1/youtube-movie-signals-project/scripts/extract_semantic_features.py", line 278, in main
    system_prompt, user_msg, n_comments = build_prompt(record, args.max_comments_per_batch)
                                          ~~~~~~~~~~~~^^^^^^^^^^^^^^^^^^^^^^^^^^^^^^^^^^^^^
  File "/gpfs/projects/imt526a/group1/youtube-movie-signals-project/scripts/extract_semantic_features.py", line 116, in build_prompt
    comments = record["texts"][:max_comments]
               ~~~~~~^^^^^^^^^
KeyError: 'texts'
2026-05-27 11:51:02,060 | INFO | [291] Processing movie_id=726209 batch_id=batch_291
2026-05-27 11:51:02,060 | ERROR | Error on line 291 (movie_id=726209): 'texts'
Traceback (most recent call last):
  File "/gpfs/projects/imt526a/group1/youtube-movie-signals-project/scripts/extract_semantic_features.py", line 278, in main
    system_prompt, user_msg, n_comments = build_prompt(record, args.max_comments_per_batch)
                                          ~~~~~~~~~~~~^^^^^^^^^^^^^^^^^^^^^^^^^^^^^^^^^^^^^
  File "/gpfs/projects/imt526a/group1/youtube-movie-signals-project/scripts/extract_semantic_features.py", line 116, in build_prompt
    comments = record["texts"][:max_comments]
               ~~~~~~^^^^^^^^^
KeyError: 'texts'
2026-05-27 11:51:02,067 | INFO | [292] Processing movie_id=305470 batch_id=batch_292
2026-05-27 11:51:02,067 | ERROR | Error on line 292 (movie_id=305470): 'texts'
Traceback (most recent call last):
  File "/gpfs/projects/imt526a/group1/youtube-movie-signals-project/scripts/extract_semantic_features.py", line 278, in main
    system_prompt, user_msg, n_comments = build_prompt(record, args.max_comments_per_batch)
                                          ~~~~~~~~~~~~^^^^^^^^^^^^^^^^^^^^^^^^^^^^^^^^^^^^^
  File "/gpfs/projects/imt526a/group1/youtube-movie-signals-project/scripts/extract_semantic_features.py", line 116, in build_prompt
    comments = record["texts"][:max_comments]
               ~~~~~~^^^^^^^^^
KeyError: 'texts'
2026-05-27 11:51:02,074 | INFO | [293] Processing movie_id=258489 batch_id=batch_293
2026-05-27 11:51:02,074 | ERROR | Error on line 293 (movie_id=258489): 'texts'
Traceback (most recent call last):
  File "/gpfs/projects/imt526a/group1/youtube-movie-signals-project/scripts/extract_semantic_features.py", line 278, in main
    system_prompt, user_msg, n_comments = build_prompt(record, args.max_comments_per_batch)
                                          ~~~~~~~~~~~~^^^^^^^^^^^^^^^^^^^^^^^^^^^^^^^^^^^^^
  File "/gpfs/projects/imt526a/group1/youtube-movie-signals-project/scripts/extract_semantic_features.py", line 116, in build_prompt
    comments = record["texts"][:max_comments]
               ~~~~~~^^^^^^^^^
KeyError: 'texts'
2026-05-27 11:51:02,078 | INFO | [294] Processing movie_id=359940 batch_id=batch_294
2026-05-27 11:51:02,078 | ERROR | Error on line 294 (movie_id=359940): 'texts'
Traceback (most recent call last):
  File "/gpfs/projects/imt526a/group1/youtube-movie-signals-project/scripts/extract_semantic_features.py", line 278, in main
    system_prompt, user_msg, n_comments = build_prompt(record, args.max_comments_per_batch)
                                          ~~~~~~~~~~~~^^^^^^^^^^^^^^^^^^^^^^^^^^^^^^^^^^^^^
  File "/gpfs/projects/imt526a/group1/youtube-movie-signals-project/scripts/extract_semantic_features.py", line 116, in build_prompt
    comments = record["texts"][:max_comments]
               ~~~~~~^^^^^^^^^
KeyError: 'texts'
2026-05-27 11:51:02,083 | INFO | [295] Processing movie_id=601666 batch_id=batch_295
2026-05-27 11:51:02,083 | ERROR | Error on line 295 (movie_id=601666): 'texts'
Traceback (most recent call last):
  File "/gpfs/projects/imt526a/group1/youtube-movie-signals-project/scripts/extract_semantic_features.py", line 278, in main
    system_prompt, user_msg, n_comments = build_prompt(record, args.max_comments_per_batch)
                                          ~~~~~~~~~~~~^^^^^^^^^^^^^^^^^^^^^^^^^^^^^^^^^^^^^
  File "/gpfs/projects/imt526a/group1/youtube-movie-signals-project/scripts/extract_semantic_features.py", line 116, in build_prompt
    comments = record["texts"][:max_comments]
               ~~~~~~^^^^^^^^^
KeyError: 'texts'
2026-05-27 11:51:02,086 | INFO | [296] Processing movie_id=399057 batch_id=batch_296
2026-05-27 11:51:02,086 | ERROR | Error on line 296 (movie_id=399057): 'texts'
Traceback (most recent call last):
  File "/gpfs/projects/imt526a/group1/youtube-movie-signals-project/scripts/extract_semantic_features.py", line 278, in main
    system_prompt, user_msg, n_comments = build_prompt(record, args.max_comments_per_batch)
                                          ~~~~~~~~~~~~^^^^^^^^^^^^^^^^^^^^^^^^^^^^^^^^^^^^^
  File "/gpfs/projects/imt526a/group1/youtube-movie-signals-project/scripts/extract_semantic_features.py", line 116, in build_prompt
    comments = record["texts"][:max_comments]
               ~~~~~~^^^^^^^^^
KeyError: 'texts'
2026-05-27 11:51:02,090 | INFO | [297] Processing movie_id=1075794 batch_id=batch_297
2026-05-27 11:51:02,090 | ERROR | Error on line 297 (movie_id=1075794): 'texts'
Traceback (most recent call last):
  File "/gpfs/projects/imt526a/group1/youtube-movie-signals-project/scripts/extract_semantic_features.py", line 278, in main
    system_prompt, user_msg, n_comments = build_prompt(record, args.max_comments_per_batch)
                                          ~~~~~~~~~~~~^^^^^^^^^^^^^^^^^^^^^^^^^^^^^^^^^^^^^
  File "/gpfs/projects/imt526a/group1/youtube-movie-signals-project/scripts/extract_semantic_features.py", line 116, in build_prompt
    comments = record["texts"][:max_comments]
               ~~~~~~^^^^^^^^^
KeyError: 'texts'
2026-05-27 11:51:02,097 | INFO | [298] Processing movie_id=1010600 batch_id=batch_298
2026-05-27 11:51:02,098 | ERROR | Error on line 298 (movie_id=1010600): 'texts'
Traceback (most recent call last):
  File "/gpfs/projects/imt526a/group1/youtube-movie-signals-project/scripts/extract_semantic_features.py", line 278, in main
    system_prompt, user_msg, n_comments = build_prompt(record, args.max_comments_per_batch)
                                          ~~~~~~~~~~~~^^^^^^^^^^^^^^^^^^^^^^^^^^^^^^^^^^^^^
  File "/gpfs/projects/imt526a/group1/youtube-movie-signals-project/scripts/extract_semantic_features.py", line 116, in build_prompt
    comments = record["texts"][:max_comments]
               ~~~~~~^^^^^^^^^
KeyError: 'texts'
2026-05-27 11:51:02,105 | INFO | [299] Processing movie_id=480414 batch_id=batch_299
2026-05-27 11:51:02,105 | ERROR | Error on line 299 (movie_id=480414): 'texts'
Traceback (most recent call last):
  File "/gpfs/projects/imt526a/group1/youtube-movie-signals-project/scripts/extract_semantic_features.py", line 278, in main
    system_prompt, user_msg, n_comments = build_prompt(record, args.max_comments_per_batch)
                                          ~~~~~~~~~~~~^^^^^^^^^^^^^^^^^^^^^^^^^^^^^^^^^^^^^
  File "/gpfs/projects/imt526a/group1/youtube-movie-signals-project/scripts/extract_semantic_features.py", line 116, in build_prompt
    comments = record["texts"][:max_comments]
               ~~~~~~^^^^^^^^^
KeyError: 'texts'
2026-05-27 11:51:02,113 | INFO | [300] Processing movie_id=951491 batch_id=batch_300
2026-05-27 11:51:02,113 | ERROR | Error on line 300 (movie_id=951491): 'texts'
Traceback (most recent call last):
  File "/gpfs/projects/imt526a/group1/youtube-movie-signals-project/scripts/extract_semantic_features.py", line 278, in main
    system_prompt, user_msg, n_comments = build_prompt(record, args.max_comments_per_batch)
                                          ~~~~~~~~~~~~^^^^^^^^^^^^^^^^^^^^^^^^^^^^^^^^^^^^^
  File "/gpfs/projects/imt526a/group1/youtube-movie-signals-project/scripts/extract_semantic_features.py", line 116, in build_prompt
    comments = record["texts"][:max_comments]
               ~~~~~~^^^^^^^^^
KeyError: 'texts'
2026-05-27 11:51:02,121 | INFO | [301] Processing movie_id=760741 batch_id=batch_301
2026-05-27 11:51:02,121 | ERROR | Error on line 301 (movie_id=760741): 'texts'
Traceback (most recent call last):
  File "/gpfs/projects/imt526a/group1/youtube-movie-signals-project/scripts/extract_semantic_features.py", line 278, in main
    system_prompt, user_msg, n_comments = build_prompt(record, args.max_comments_per_batch)
                                          ~~~~~~~~~~~~^^^^^^^^^^^^^^^^^^^^^^^^^^^^^^^^^^^^^
  File "/gpfs/projects/imt526a/group1/youtube-movie-signals-project/scripts/extract_semantic_features.py", line 116, in build_prompt
    comments = record["texts"][:max_comments]
               ~~~~~~^^^^^^^^^
KeyError: 'texts'
2026-05-27 11:51:02,129 | INFO | [302] Processing movie_id=399055 batch_id=batch_302
2026-05-27 11:51:02,129 | ERROR | Error on line 302 (movie_id=399055): 'texts'
Traceback (most recent call last):
  File "/gpfs/projects/imt526a/group1/youtube-movie-signals-project/scripts/extract_semantic_features.py", line 278, in main
    system_prompt, user_msg, n_comments = build_prompt(record, args.max_comments_per_batch)
                                          ~~~~~~~~~~~~^^^^^^^^^^^^^^^^^^^^^^^^^^^^^^^^^^^^^
  File "/gpfs/projects/imt526a/group1/youtube-movie-signals-project/scripts/extract_semantic_features.py", line 116, in build_prompt
    comments = record["texts"][:max_comments]
               ~~~~~~^^^^^^^^^
KeyError: 'texts'
2026-05-27 11:51:02,137 | INFO | [303] Processing movie_id=848326 batch_id=batch_303
2026-05-27 11:51:02,137 | ERROR | Error on line 303 (movie_id=848326): 'texts'
Traceback (most recent call last):
  File "/gpfs/projects/imt526a/group1/youtube-movie-signals-project/scripts/extract_semantic_features.py", line 278, in main
    system_prompt, user_msg, n_comments = build_prompt(record, args.max_comments_per_batch)
                                          ~~~~~~~~~~~~^^^^^^^^^^^^^^^^^^^^^^^^^^^^^^^^^^^^^
  File "/gpfs/projects/imt526a/group1/youtube-movie-signals-project/scripts/extract_semantic_features.py", line 116, in build_prompt
    comments = record["texts"][:max_comments]
               ~~~~~~^^^^^^^^^
KeyError: 'texts'
2026-05-27 11:51:02,145 | INFO | [304] Processing movie_id=466282 batch_id=batch_304
2026-05-27 11:51:02,145 | ERROR | Error on line 304 (movie_id=466282): 'texts'
Traceback (most recent call last):
  File "/gpfs/projects/imt526a/group1/youtube-movie-signals-project/scripts/extract_semantic_features.py", line 278, in main
    system_prompt, user_msg, n_comments = build_prompt(record, args.max_comments_per_batch)
                                          ~~~~~~~~~~~~^^^^^^^^^^^^^^^^^^^^^^^^^^^^^^^^^^^^^
  File "/gpfs/projects/imt526a/group1/youtube-movie-signals-project/scripts/extract_semantic_features.py", line 116, in build_prompt
    comments = record["texts"][:max_comments]
               ~~~~~~^^^^^^^^^
KeyError: 'texts'
2026-05-27 11:51:02,148 | INFO | [305] Processing movie_id=280092 batch_id=batch_305
2026-05-27 11:51:02,148 | ERROR | Error on line 305 (movie_id=280092): 'texts'
Traceback (most recent call last):
  File "/gpfs/projects/imt526a/group1/youtube-movie-signals-project/scripts/extract_semantic_features.py", line 278, in main
    system_prompt, user_msg, n_comments = build_prompt(record, args.max_comments_per_batch)
                                          ~~~~~~~~~~~~^^^^^^^^^^^^^^^^^^^^^^^^^^^^^^^^^^^^^
  File "/gpfs/projects/imt526a/group1/youtube-movie-signals-project/scripts/extract_semantic_features.py", line 116, in build_prompt
    comments = record["texts"][:max_comments]
               ~~~~~~^^^^^^^^^
KeyError: 'texts'
2026-05-27 11:51:02,157 | INFO | [306] Processing movie_id=957452 batch_id=batch_306
2026-05-27 11:51:02,157 | ERROR | Error on line 306 (movie_id=957452): 'texts'
Traceback (most recent call last):
  File "/gpfs/projects/imt526a/group1/youtube-movie-signals-project/scripts/extract_semantic_features.py", line 278, in main
    system_prompt, user_msg, n_comments = build_prompt(record, args.max_comments_per_batch)
                                          ~~~~~~~~~~~~^^^^^^^^^^^^^^^^^^^^^^^^^^^^^^^^^^^^^
  File "/gpfs/projects/imt526a/group1/youtube-movie-signals-project/scripts/extract_semantic_features.py", line 116, in build_prompt
    comments = record["texts"][:max_comments]
               ~~~~~~^^^^^^^^^
KeyError: 'texts'
2026-05-27 11:51:02,165 | INFO | [307] Processing movie_id=614930 batch_id=batch_307
2026-05-27 11:51:02,165 | ERROR | Error on line 307 (movie_id=614930): 'texts'
Traceback (most recent call last):
  File "/gpfs/projects/imt526a/group1/youtube-movie-signals-project/scripts/extract_semantic_features.py", line 278, in main
    system_prompt, user_msg, n_comments = build_prompt(record, args.max_comments_per_batch)
                                          ~~~~~~~~~~~~^^^^^^^^^^^^^^^^^^^^^^^^^^^^^^^^^^^^^
  File "/gpfs/projects/imt526a/group1/youtube-movie-signals-project/scripts/extract_semantic_features.py", line 116, in build_prompt
    comments = record["texts"][:max_comments]
               ~~~~~~^^^^^^^^^
KeyError: 'texts'
2026-05-27 11:51:02,167 | INFO | [308] Processing movie_id=395990 batch_id=batch_308
2026-05-27 11:51:02,167 | ERROR | Error on line 308 (movie_id=395990): 'texts'
Traceback (most recent call last):
  File "/gpfs/projects/imt526a/group1/youtube-movie-signals-project/scripts/extract_semantic_features.py", line 278, in main
    system_prompt, user_msg, n_comments = build_prompt(record, args.max_comments_per_batch)
                                          ~~~~~~~~~~~~^^^^^^^^^^^^^^^^^^^^^^^^^^^^^^^^^^^^^
  File "/gpfs/projects/imt526a/group1/youtube-movie-signals-project/scripts/extract_semantic_features.py", line 116, in build_prompt
    comments = record["texts"][:max_comments]
               ~~~~~~^^^^^^^^^
KeyError: 'texts'
2026-05-27 11:51:02,174 | INFO | [309] Processing movie_id=406759 batch_id=batch_309
2026-05-27 11:51:02,174 | ERROR | Error on line 309 (movie_id=406759): 'texts'
Traceback (most recent call last):
  File "/gpfs/projects/imt526a/group1/youtube-movie-signals-project/scripts/extract_semantic_features.py", line 278, in main
    system_prompt, user_msg, n_comments = build_prompt(record, args.max_comments_per_batch)
                                          ~~~~~~~~~~~~^^^^^^^^^^^^^^^^^^^^^^^^^^^^^^^^^^^^^
  File "/gpfs/projects/imt526a/group1/youtube-movie-signals-project/scripts/extract_semantic_features.py", line 116, in build_prompt
    comments = record["texts"][:max_comments]
               ~~~~~~^^^^^^^^^
KeyError: 'texts'
2026-05-27 11:51:02,176 | INFO | [310] Processing movie_id=340837 batch_id=batch_310
2026-05-27 11:51:02,176 | ERROR | Error on line 310 (movie_id=340837): 'texts'
Traceback (most recent call last):
  File "/gpfs/projects/imt526a/group1/youtube-movie-signals-project/scripts/extract_semantic_features.py", line 278, in main
    system_prompt, user_msg, n_comments = build_prompt(record, args.max_comments_per_batch)
                                          ~~~~~~~~~~~~^^^^^^^^^^^^^^^^^^^^^^^^^^^^^^^^^^^^^
  File "/gpfs/projects/imt526a/group1/youtube-movie-signals-project/scripts/extract_semantic_features.py", line 116, in build_prompt
    comments = record["texts"][:max_comments]
               ~~~~~~^^^^^^^^^
KeyError: 'texts'
2026-05-27 11:51:02,183 | INFO | [311] Processing movie_id=299687 batch_id=batch_311
2026-05-27 11:51:02,183 | ERROR | Error on line 311 (movie_id=299687): 'texts'
Traceback (most recent call last):
  File "/gpfs/projects/imt526a/group1/youtube-movie-signals-project/scripts/extract_semantic_features.py", line 278, in main
    system_prompt, user_msg, n_comments = build_prompt(record, args.max_comments_per_batch)
                                          ~~~~~~~~~~~~^^^^^^^^^^^^^^^^^^^^^^^^^^^^^^^^^^^^^
  File "/gpfs/projects/imt526a/group1/youtube-movie-signals-project/scripts/extract_semantic_features.py", line 116, in build_prompt
    comments = record["texts"][:max_comments]
               ~~~~~~^^^^^^^^^
KeyError: 'texts'
2026-05-27 11:51:02,189 | INFO | [312] Processing movie_id=1114513 batch_id=batch_312
2026-05-27 11:51:02,189 | ERROR | Error on line 312 (movie_id=1114513): 'texts'
Traceback (most recent call last):
  File "/gpfs/projects/imt526a/group1/youtube-movie-signals-project/scripts/extract_semantic_features.py", line 278, in main
    system_prompt, user_msg, n_comments = build_prompt(record, args.max_comments_per_batch)
                                          ~~~~~~~~~~~~^^^^^^^^^^^^^^^^^^^^^^^^^^^^^^^^^^^^^
  File "/gpfs/projects/imt526a/group1/youtube-movie-signals-project/scripts/extract_semantic_features.py", line 116, in build_prompt
    comments = record["texts"][:max_comments]
               ~~~~~~^^^^^^^^^
KeyError: 'texts'
2026-05-27 11:51:02,196 | INFO | [313] Processing movie_id=300669 batch_id=batch_313
2026-05-27 11:51:02,196 | ERROR | Error on line 313 (movie_id=300669): 'texts'
Traceback (most recent call last):
  File "/gpfs/projects/imt526a/group1/youtube-movie-signals-project/scripts/extract_semantic_features.py", line 278, in main
    system_prompt, user_msg, n_comments = build_prompt(record, args.max_comments_per_batch)
                                          ~~~~~~~~~~~~^^^^^^^^^^^^^^^^^^^^^^^^^^^^^^^^^^^^^
  File "/gpfs/projects/imt526a/group1/youtube-movie-signals-project/scripts/extract_semantic_features.py", line 116, in build_prompt
    comments = record["texts"][:max_comments]
               ~~~~~~^^^^^^^^^
KeyError: 'texts'
2026-05-27 11:51:02,200 | INFO | [314] Processing movie_id=527641 batch_id=batch_314
2026-05-27 11:51:02,200 | ERROR | Error on line 314 (movie_id=527641): 'texts'
Traceback (most recent call last):
  File "/gpfs/projects/imt526a/group1/youtube-movie-signals-project/scripts/extract_semantic_features.py", line 278, in main
    system_prompt, user_msg, n_comments = build_prompt(record, args.max_comments_per_batch)
                                          ~~~~~~~~~~~~^^^^^^^^^^^^^^^^^^^^^^^^^^^^^^^^^^^^^
  File "/gpfs/projects/imt526a/group1/youtube-movie-signals-project/scripts/extract_semantic_features.py", line 116, in build_prompt
    comments = record["texts"][:max_comments]
               ~~~~~~^^^^^^^^^
KeyError: 'texts'
2026-05-27 11:51:02,209 | INFO | [315] Processing movie_id=631843 batch_id=batch_315
2026-05-27 11:51:02,209 | ERROR | Error on line 315 (movie_id=631843): 'texts'
Traceback (most recent call last):
  File "/gpfs/projects/imt526a/group1/youtube-movie-signals-project/scripts/extract_semantic_features.py", line 278, in main
    system_prompt, user_msg, n_comments = build_prompt(record, args.max_comments_per_batch)
                                          ~~~~~~~~~~~~^^^^^^^^^^^^^^^^^^^^^^^^^^^^^^^^^^^^^
  File "/gpfs/projects/imt526a/group1/youtube-movie-signals-project/scripts/extract_semantic_features.py", line 116, in build_prompt
    comments = record["texts"][:max_comments]
               ~~~~~~^^^^^^^^^
KeyError: 'texts'
2026-05-27 11:51:02,216 | INFO | [316] Processing movie_id=509967 batch_id=batch_316
2026-05-27 11:51:02,216 | ERROR | Error on line 316 (movie_id=509967): 'texts'
Traceback (most recent call last):
  File "/gpfs/projects/imt526a/group1/youtube-movie-signals-project/scripts/extract_semantic_features.py", line 278, in main
    system_prompt, user_msg, n_comments = build_prompt(record, args.max_comments_per_batch)
                                          ~~~~~~~~~~~~^^^^^^^^^^^^^^^^^^^^^^^^^^^^^^^^^^^^^
  File "/gpfs/projects/imt526a/group1/youtube-movie-signals-project/scripts/extract_semantic_features.py", line 116, in build_prompt
    comments = record["texts"][:max_comments]
               ~~~~~~^^^^^^^^^
KeyError: 'texts'
2026-05-27 11:51:02,224 | INFO | [317] Processing movie_id=298250 batch_id=batch_317
2026-05-27 11:51:02,224 | ERROR | Error on line 317 (movie_id=298250): 'texts'
Traceback (most recent call last):
  File "/gpfs/projects/imt526a/group1/youtube-movie-signals-project/scripts/extract_semantic_features.py", line 278, in main
    system_prompt, user_msg, n_comments = build_prompt(record, args.max_comments_per_batch)
                                          ~~~~~~~~~~~~^^^^^^^^^^^^^^^^^^^^^^^^^^^^^^^^^^^^^
  File "/gpfs/projects/imt526a/group1/youtube-movie-signals-project/scripts/extract_semantic_features.py", line 116, in build_prompt
    comments = record["texts"][:max_comments]
               ~~~~~~^^^^^^^^^
KeyError: 'texts'
2026-05-27 11:51:02,225 | INFO | [318] Processing movie_id=415842 batch_id=batch_318
2026-05-27 11:51:02,225 | ERROR | Error on line 318 (movie_id=415842): 'texts'
Traceback (most recent call last):
  File "/gpfs/projects/imt526a/group1/youtube-movie-signals-project/scripts/extract_semantic_features.py", line 278, in main
    system_prompt, user_msg, n_comments = build_prompt(record, args.max_comments_per_batch)
                                          ~~~~~~~~~~~~^^^^^^^^^^^^^^^^^^^^^^^^^^^^^^^^^^^^^
  File "/gpfs/projects/imt526a/group1/youtube-movie-signals-project/scripts/extract_semantic_features.py", line 116, in build_prompt
    comments = record["texts"][:max_comments]
               ~~~~~~^^^^^^^^^
KeyError: 'texts'
2026-05-27 11:51:02,234 | INFO | [319] Processing movie_id=614934 batch_id=batch_319
2026-05-27 11:51:02,234 | ERROR | Error on line 319 (movie_id=614934): 'texts'
Traceback (most recent call last):
  File "/gpfs/projects/imt526a/group1/youtube-movie-signals-project/scripts/extract_semantic_features.py", line 278, in main
    system_prompt, user_msg, n_comments = build_prompt(record, args.max_comments_per_batch)
                                          ~~~~~~~~~~~~^^^^^^^^^^^^^^^^^^^^^^^^^^^^^^^^^^^^^
  File "/gpfs/projects/imt526a/group1/youtube-movie-signals-project/scripts/extract_semantic_features.py", line 116, in build_prompt
    comments = record["texts"][:max_comments]
               ~~~~~~^^^^^^^^^
KeyError: 'texts'
2026-05-27 11:51:02,238 | INFO | [320] Processing movie_id=491480 batch_id=batch_320
2026-05-27 11:51:02,238 | ERROR | Error on line 320 (movie_id=491480): 'texts'
Traceback (most recent call last):
  File "/gpfs/projects/imt526a/group1/youtube-movie-signals-project/scripts/extract_semantic_features.py", line 278, in main
    system_prompt, user_msg, n_comments = build_prompt(record, args.max_comments_per_batch)
                                          ~~~~~~~~~~~~^^^^^^^^^^^^^^^^^^^^^^^^^^^^^^^^^^^^^
  File "/gpfs/projects/imt526a/group1/youtube-movie-signals-project/scripts/extract_semantic_features.py", line 116, in build_prompt
    comments = record["texts"][:max_comments]
               ~~~~~~^^^^^^^^^
KeyError: 'texts'
2026-05-27 11:51:02,245 | INFO | [321] Processing movie_id=559969 batch_id=batch_321
2026-05-27 11:51:02,245 | ERROR | Error on line 321 (movie_id=559969): 'texts'
Traceback (most recent call last):
  File "/gpfs/projects/imt526a/group1/youtube-movie-signals-project/scripts/extract_semantic_features.py", line 278, in main
    system_prompt, user_msg, n_comments = build_prompt(record, args.max_comments_per_batch)
                                          ~~~~~~~~~~~~^^^^^^^^^^^^^^^^^^^^^^^^^^^^^^^^^^^^^
  File "/gpfs/projects/imt526a/group1/youtube-movie-signals-project/scripts/extract_semantic_features.py", line 116, in build_prompt
    comments = record["texts"][:max_comments]
               ~~~~~~^^^^^^^^^
KeyError: 'texts'
2026-05-27 11:51:02,253 | INFO | [322] Processing movie_id=501929 batch_id=batch_322
2026-05-27 11:51:02,253 | ERROR | Error on line 322 (movie_id=501929): 'texts'
Traceback (most recent call last):
  File "/gpfs/projects/imt526a/group1/youtube-movie-signals-project/scripts/extract_semantic_features.py", line 278, in main
    system_prompt, user_msg, n_comments = build_prompt(record, args.max_comments_per_batch)
                                          ~~~~~~~~~~~~^^^^^^^^^^^^^^^^^^^^^^^^^^^^^^^^^^^^^
  File "/gpfs/projects/imt526a/group1/youtube-movie-signals-project/scripts/extract_semantic_features.py", line 116, in build_prompt
    comments = record["texts"][:max_comments]
               ~~~~~~^^^^^^^^^
KeyError: 'texts'
2026-05-27 11:51:02,254 | INFO | [323] Processing movie_id=389015 batch_id=batch_323
2026-05-27 11:51:02,254 | ERROR | Error on line 323 (movie_id=389015): 'texts'
Traceback (most recent call last):
  File "/gpfs/projects/imt526a/group1/youtube-movie-signals-project/scripts/extract_semantic_features.py", line 278, in main
    system_prompt, user_msg, n_comments = build_prompt(record, args.max_comments_per_batch)
                                          ~~~~~~~~~~~~^^^^^^^^^^^^^^^^^^^^^^^^^^^^^^^^^^^^^
  File "/gpfs/projects/imt526a/group1/youtube-movie-signals-project/scripts/extract_semantic_features.py", line 116, in build_prompt
    comments = record["texts"][:max_comments]
               ~~~~~~^^^^^^^^^
KeyError: 'texts'
2026-05-27 11:51:02,257 | INFO | [324] Processing movie_id=203801 batch_id=batch_324
2026-05-27 11:51:02,257 | ERROR | Error on line 324 (movie_id=203801): 'texts'
Traceback (most recent call last):
  File "/gpfs/projects/imt526a/group1/youtube-movie-signals-project/scripts/extract_semantic_features.py", line 278, in main
    system_prompt, user_msg, n_comments = build_prompt(record, args.max_comments_per_batch)
                                          ~~~~~~~~~~~~^^^^^^^^^^^^^^^^^^^^^^^^^^^^^^^^^^^^^
  File "/gpfs/projects/imt526a/group1/youtube-movie-signals-project/scripts/extract_semantic_features.py", line 116, in build_prompt
    comments = record["texts"][:max_comments]
               ~~~~~~^^^^^^^^^
KeyError: 'texts'
2026-05-27 11:51:02,259 | INFO | [325] Processing movie_id=150540 batch_id=batch_325
2026-05-27 11:51:02,259 | ERROR | Error on line 325 (movie_id=150540): 'texts'
Traceback (most recent call last):
  File "/gpfs/projects/imt526a/group1/youtube-movie-signals-project/scripts/extract_semantic_features.py", line 278, in main
    system_prompt, user_msg, n_comments = build_prompt(record, args.max_comments_per_batch)
                                          ~~~~~~~~~~~~^^^^^^^^^^^^^^^^^^^^^^^^^^^^^^^^^^^^^
  File "/gpfs/projects/imt526a/group1/youtube-movie-signals-project/scripts/extract_semantic_features.py", line 116, in build_prompt
    comments = record["texts"][:max_comments]
               ~~~~~~^^^^^^^^^
KeyError: 'texts'
2026-05-27 11:51:02,266 | INFO | [326] Processing movie_id=439079 batch_id=batch_326
2026-05-27 11:51:02,266 | ERROR | Error on line 326 (movie_id=439079): 'texts'
Traceback (most recent call last):
  File "/gpfs/projects/imt526a/group1/youtube-movie-signals-project/scripts/extract_semantic_features.py", line 278, in main
    system_prompt, user_msg, n_comments = build_prompt(record, args.max_comments_per_batch)
                                          ~~~~~~~~~~~~^^^^^^^^^^^^^^^^^^^^^^^^^^^^^^^^^^^^^
  File "/gpfs/projects/imt526a/group1/youtube-movie-signals-project/scripts/extract_semantic_features.py", line 116, in build_prompt
    comments = record["texts"][:max_comments]
               ~~~~~~^^^^^^^^^
KeyError: 'texts'
2026-05-27 11:51:02,274 | INFO | [327] Processing movie_id=373571 batch_id=batch_327
2026-05-27 11:51:02,274 | ERROR | Error on line 327 (movie_id=373571): 'texts'
Traceback (most recent call last):
  File "/gpfs/projects/imt526a/group1/youtube-movie-signals-project/scripts/extract_semantic_features.py", line 278, in main
    system_prompt, user_msg, n_comments = build_prompt(record, args.max_comments_per_batch)
                                          ~~~~~~~~~~~~^^^^^^^^^^^^^^^^^^^^^^^^^^^^^^^^^^^^^
  File "/gpfs/projects/imt526a/group1/youtube-movie-signals-project/scripts/extract_semantic_features.py", line 116, in build_prompt
    comments = record["texts"][:max_comments]
               ~~~~~~^^^^^^^^^
KeyError: 'texts'
2026-05-27 11:51:02,279 | INFO | [328] Processing movie_id=87101 batch_id=batch_328
2026-05-27 11:51:02,279 | ERROR | Error on line 328 (movie_id=87101): 'texts'
Traceback (most recent call last):
  File "/gpfs/projects/imt526a/group1/youtube-movie-signals-project/scripts/extract_semantic_features.py", line 278, in main
    system_prompt, user_msg, n_comments = build_prompt(record, args.max_comments_per_batch)
                                          ~~~~~~~~~~~~^^^^^^^^^^^^^^^^^^^^^^^^^^^^^^^^^^^^^
  File "/gpfs/projects/imt526a/group1/youtube-movie-signals-project/scripts/extract_semantic_features.py", line 116, in build_prompt
    comments = record["texts"][:max_comments]
               ~~~~~~^^^^^^^^^
KeyError: 'texts'
2026-05-27 11:51:02,285 | INFO | [329] Processing movie_id=346364 batch_id=batch_329
2026-05-27 11:51:02,286 | ERROR | Error on line 329 (movie_id=346364): 'texts'
Traceback (most recent call last):
  File "/gpfs/projects/imt526a/group1/youtube-movie-signals-project/scripts/extract_semantic_features.py", line 278, in main
    system_prompt, user_msg, n_comments = build_prompt(record, args.max_comments_per_batch)
                                          ~~~~~~~~~~~~^^^^^^^^^^^^^^^^^^^^^^^^^^^^^^^^^^^^^
  File "/gpfs/projects/imt526a/group1/youtube-movie-signals-project/scripts/extract_semantic_features.py", line 116, in build_prompt
    comments = record["texts"][:max_comments]
               ~~~~~~^^^^^^^^^
KeyError: 'texts'
2026-05-27 11:51:02,290 | INFO | [330] Processing movie_id=281957 batch_id=batch_330
2026-05-27 11:51:02,290 | ERROR | Error on line 330 (movie_id=281957): 'texts'
Traceback (most recent call last):
  File "/gpfs/projects/imt526a/group1/youtube-movie-signals-project/scripts/extract_semantic_features.py", line 278, in main
    system_prompt, user_msg, n_comments = build_prompt(record, args.max_comments_per_batch)
                                          ~~~~~~~~~~~~^^^^^^^^^^^^^^^^^^^^^^^^^^^^^^^^^^^^^
  File "/gpfs/projects/imt526a/group1/youtube-movie-signals-project/scripts/extract_semantic_features.py", line 116, in build_prompt
    comments = record["texts"][:max_comments]
               ~~~~~~^^^^^^^^^
KeyError: 'texts'
2026-05-27 11:51:02,298 | INFO | [331] Processing movie_id=616037 batch_id=batch_331
2026-05-27 11:51:02,298 | ERROR | Error on line 331 (movie_id=616037): 'texts'
Traceback (most recent call last):
  File "/gpfs/projects/imt526a/group1/youtube-movie-signals-project/scripts/extract_semantic_features.py", line 278, in main
    system_prompt, user_msg, n_comments = build_prompt(record, args.max_comments_per_batch)
                                          ~~~~~~~~~~~~^^^^^^^^^^^^^^^^^^^^^^^^^^^^^^^^^^^^^
  File "/gpfs/projects/imt526a/group1/youtube-movie-signals-project/scripts/extract_semantic_features.py", line 116, in build_prompt
    comments = record["texts"][:max_comments]
               ~~~~~~^^^^^^^^^
KeyError: 'texts'
2026-05-27 11:51:02,306 | INFO | [332] Processing movie_id=384018 batch_id=batch_332
2026-05-27 11:51:02,306 | ERROR | Error on line 332 (movie_id=384018): 'texts'
Traceback (most recent call last):
  File "/gpfs/projects/imt526a/group1/youtube-movie-signals-project/scripts/extract_semantic_features.py", line 278, in main
    system_prompt, user_msg, n_comments = build_prompt(record, args.max_comments_per_batch)
                                          ~~~~~~~~~~~~^^^^^^^^^^^^^^^^^^^^^^^^^^^^^^^^^^^^^
  File "/gpfs/projects/imt526a/group1/youtube-movie-signals-project/scripts/extract_semantic_features.py", line 116, in build_prompt
    comments = record["texts"][:max_comments]
               ~~~~~~^^^^^^^^^
KeyError: 'texts'
2026-05-27 11:51:02,315 | INFO | [333] Processing movie_id=447332 batch_id=batch_333
2026-05-27 11:51:02,315 | ERROR | Error on line 333 (movie_id=447332): 'texts'
Traceback (most recent call last):
  File "/gpfs/projects/imt526a/group1/youtube-movie-signals-project/scripts/extract_semantic_features.py", line 278, in main
    system_prompt, user_msg, n_comments = build_prompt(record, args.max_comments_per_batch)
                                          ~~~~~~~~~~~~^^^^^^^^^^^^^^^^^^^^^^^^^^^^^^^^^^^^^
  File "/gpfs/projects/imt526a/group1/youtube-movie-signals-project/scripts/extract_semantic_features.py", line 116, in build_prompt
    comments = record["texts"][:max_comments]
               ~~~~~~^^^^^^^^^
KeyError: 'texts'
2026-05-27 11:51:02,322 | INFO | [334] Processing movie_id=917496 batch_id=batch_334
2026-05-27 11:51:02,323 | ERROR | Error on line 334 (movie_id=917496): 'texts'
Traceback (most recent call last):
  File "/gpfs/projects/imt526a/group1/youtube-movie-signals-project/scripts/extract_semantic_features.py", line 278, in main
    system_prompt, user_msg, n_comments = build_prompt(record, args.max_comments_per_batch)
                                          ~~~~~~~~~~~~^^^^^^^^^^^^^^^^^^^^^^^^^^^^^^^^^^^^^
  File "/gpfs/projects/imt526a/group1/youtube-movie-signals-project/scripts/extract_semantic_features.py", line 116, in build_prompt
    comments = record["texts"][:max_comments]
               ~~~~~~^^^^^^^^^
KeyError: 'texts'
2026-05-27 11:51:02,327 | INFO | [335] Processing movie_id=284052 batch_id=batch_335
2026-05-27 11:51:02,327 | ERROR | Error on line 335 (movie_id=284052): 'texts'
Traceback (most recent call last):
  File "/gpfs/projects/imt526a/group1/youtube-movie-signals-project/scripts/extract_semantic_features.py", line 278, in main
    system_prompt, user_msg, n_comments = build_prompt(record, args.max_comments_per_batch)
                                          ~~~~~~~~~~~~^^^^^^^^^^^^^^^^^^^^^^^^^^^^^^^^^^^^^
  File "/gpfs/projects/imt526a/group1/youtube-movie-signals-project/scripts/extract_semantic_features.py", line 116, in build_prompt
    comments = record["texts"][:max_comments]
               ~~~~~~^^^^^^^^^
KeyError: 'texts'
2026-05-27 11:51:02,330 | INFO | [336] Processing movie_id=257211 batch_id=batch_336
2026-05-27 11:51:02,330 | ERROR | Error on line 336 (movie_id=257211): 'texts'
Traceback (most recent call last):
  File "/gpfs/projects/imt526a/group1/youtube-movie-signals-project/scripts/extract_semantic_features.py", line 278, in main
    system_prompt, user_msg, n_comments = build_prompt(record, args.max_comments_per_batch)
                                          ~~~~~~~~~~~~^^^^^^^^^^^^^^^^^^^^^^^^^^^^^^^^^^^^^
  File "/gpfs/projects/imt526a/group1/youtube-movie-signals-project/scripts/extract_semantic_features.py", line 116, in build_prompt
    comments = record["texts"][:max_comments]
               ~~~~~~^^^^^^^^^
KeyError: 'texts'
2026-05-27 11:51:02,340 | INFO | [337] Processing movie_id=527774 batch_id=batch_337
2026-05-27 11:51:02,340 | ERROR | Error on line 337 (movie_id=527774): 'texts'
Traceback (most recent call last):
  File "/gpfs/projects/imt526a/group1/youtube-movie-signals-project/scripts/extract_semantic_features.py", line 278, in main
    system_prompt, user_msg, n_comments = build_prompt(record, args.max_comments_per_batch)
                                          ~~~~~~~~~~~~^^^^^^^^^^^^^^^^^^^^^^^^^^^^^^^^^^^^^
  File "/gpfs/projects/imt526a/group1/youtube-movie-signals-project/scripts/extract_semantic_features.py", line 116, in build_prompt
    comments = record["texts"][:max_comments]
               ~~~~~~^^^^^^^^^
KeyError: 'texts'
2026-05-27 11:51:02,347 | INFO | [338] Processing movie_id=259316 batch_id=batch_338
2026-05-27 11:51:02,347 | ERROR | Error on line 338 (movie_id=259316): 'texts'
Traceback (most recent call last):
  File "/gpfs/projects/imt526a/group1/youtube-movie-signals-project/scripts/extract_semantic_features.py", line 278, in main
    system_prompt, user_msg, n_comments = build_prompt(record, args.max_comments_per_batch)
                                          ~~~~~~~~~~~~^^^^^^^^^^^^^^^^^^^^^^^^^^^^^^^^^^^^^
  File "/gpfs/projects/imt526a/group1/youtube-movie-signals-project/scripts/extract_semantic_features.py", line 116, in build_prompt
    comments = record["texts"][:max_comments]
               ~~~~~~^^^^^^^^^
KeyError: 'texts'
2026-05-27 11:51:02,349 | INFO | [339] Processing movie_id=273481 batch_id=batch_339
2026-05-27 11:51:02,349 | ERROR | Error on line 339 (movie_id=273481): 'texts'
Traceback (most recent call last):
  File "/gpfs/projects/imt526a/group1/youtube-movie-signals-project/scripts/extract_semantic_features.py", line 278, in main
    system_prompt, user_msg, n_comments = build_prompt(record, args.max_comments_per_batch)
                                          ~~~~~~~~~~~~^^^^^^^^^^^^^^^^^^^^^^^^^^^^^^^^^^^^^
  File "/gpfs/projects/imt526a/group1/youtube-movie-signals-project/scripts/extract_semantic_features.py", line 116, in build_prompt
    comments = record["texts"][:max_comments]
               ~~~~~~^^^^^^^^^
KeyError: 'texts'
2026-05-27 11:51:02,357 | INFO | [340] Processing movie_id=353081 batch_id=batch_340
2026-05-27 11:51:02,357 | ERROR | Error on line 340 (movie_id=353081): 'texts'
Traceback (most recent call last):
  File "/gpfs/projects/imt526a/group1/youtube-movie-signals-project/scripts/extract_semantic_features.py", line 278, in main
    system_prompt, user_msg, n_comments = build_prompt(record, args.max_comments_per_batch)
                                          ~~~~~~~~~~~~^^^^^^^^^^^^^^^^^^^^^^^^^^^^^^^^^^^^^
  File "/gpfs/projects/imt526a/group1/youtube-movie-signals-project/scripts/extract_semantic_features.py", line 116, in build_prompt
    comments = record["texts"][:max_comments]
               ~~~~~~^^^^^^^^^
KeyError: 'texts'
2026-05-27 11:51:02,366 | INFO | [341] Processing movie_id=299537 batch_id=batch_341
2026-05-27 11:51:02,366 | ERROR | Error on line 341 (movie_id=299537): 'texts'
Traceback (most recent call last):
  File "/gpfs/projects/imt526a/group1/youtube-movie-signals-project/scripts/extract_semantic_features.py", line 278, in main
    system_prompt, user_msg, n_comments = build_prompt(record, args.max_comments_per_batch)
                                          ~~~~~~~~~~~~^^^^^^^^^^^^^^^^^^^^^^^^^^^^^^^^^^^^^
  File "/gpfs/projects/imt526a/group1/youtube-movie-signals-project/scripts/extract_semantic_features.py", line 116, in build_prompt
    comments = record["texts"][:max_comments]
               ~~~~~~^^^^^^^^^
KeyError: 'texts'
2026-05-27 11:51:02,375 | INFO | [342] Processing movie_id=577922 batch_id=batch_342
2026-05-27 11:51:02,375 | ERROR | Error on line 342 (movie_id=577922): 'texts'
Traceback (most recent call last):
  File "/gpfs/projects/imt526a/group1/youtube-movie-signals-project/scripts/extract_semantic_features.py", line 278, in main
    system_prompt, user_msg, n_comments = build_prompt(record, args.max_comments_per_batch)
                                          ~~~~~~~~~~~~^^^^^^^^^^^^^^^^^^^^^^^^^^^^^^^^^^^^^
  File "/gpfs/projects/imt526a/group1/youtube-movie-signals-project/scripts/extract_semantic_features.py", line 116, in build_prompt
    comments = record["texts"][:max_comments]
               ~~~~~~^^^^^^^^^
KeyError: 'texts'
2026-05-27 11:51:02,377 | INFO | [343] Processing movie_id=207703 batch_id=batch_343
2026-05-27 11:51:02,377 | ERROR | Error on line 343 (movie_id=207703): 'texts'
Traceback (most recent call last):
  File "/gpfs/projects/imt526a/group1/youtube-movie-signals-project/scripts/extract_semantic_features.py", line 278, in main
    system_prompt, user_msg, n_comments = build_prompt(record, args.max_comments_per_batch)
                                          ~~~~~~~~~~~~^^^^^^^^^^^^^^^^^^^^^^^^^^^^^^^^^^^^^
  File "/gpfs/projects/imt526a/group1/youtube-movie-signals-project/scripts/extract_semantic_features.py", line 116, in build_prompt
    comments = record["texts"][:max_comments]
               ~~~~~~^^^^^^^^^
KeyError: 'texts'
2026-05-27 11:51:02,383 | INFO | [344] Processing movie_id=1097549 batch_id=batch_344
2026-05-27 11:51:02,383 | ERROR | Error on line 344 (movie_id=1097549): 'texts'
Traceback (most recent call last):
  File "/gpfs/projects/imt526a/group1/youtube-movie-signals-project/scripts/extract_semantic_features.py", line 278, in main
    system_prompt, user_msg, n_comments = build_prompt(record, args.max_comments_per_batch)
                                          ~~~~~~~~~~~~^^^^^^^^^^^^^^^^^^^^^^^^^^^^^^^^^^^^^
  File "/gpfs/projects/imt526a/group1/youtube-movie-signals-project/scripts/extract_semantic_features.py", line 116, in build_prompt
    comments = record["texts"][:max_comments]
               ~~~~~~^^^^^^^^^
KeyError: 'texts'
2026-05-27 11:51:02,385 | INFO | [345] Processing movie_id=877817 batch_id=batch_345
2026-05-27 11:51:02,385 | ERROR | Error on line 345 (movie_id=877817): 'texts'
Traceback (most recent call last):
  File "/gpfs/projects/imt526a/group1/youtube-movie-signals-project/scripts/extract_semantic_features.py", line 278, in main
    system_prompt, user_msg, n_comments = build_prompt(record, args.max_comments_per_batch)
                                          ~~~~~~~~~~~~^^^^^^^^^^^^^^^^^^^^^^^^^^^^^^^^^^^^^
  File "/gpfs/projects/imt526a/group1/youtube-movie-signals-project/scripts/extract_semantic_features.py", line 116, in build_prompt
    comments = record["texts"][:max_comments]
               ~~~~~~^^^^^^^^^
KeyError: 'texts'
2026-05-27 11:51:02,392 | INFO | [346] Processing movie_id=331482 batch_id=batch_346
2026-05-27 11:51:02,392 | ERROR | Error on line 346 (movie_id=331482): 'texts'
Traceback (most recent call last):
  File "/gpfs/projects/imt526a/group1/youtube-movie-signals-project/scripts/extract_semantic_features.py", line 278, in main
    system_prompt, user_msg, n_comments = build_prompt(record, args.max_comments_per_batch)
                                          ~~~~~~~~~~~~^^^^^^^^^^^^^^^^^^^^^^^^^^^^^^^^^^^^^
  File "/gpfs/projects/imt526a/group1/youtube-movie-signals-project/scripts/extract_semantic_features.py", line 116, in build_prompt
    comments = record["texts"][:max_comments]
               ~~~~~~^^^^^^^^^
KeyError: 'texts'
2026-05-27 11:51:02,399 | INFO | [347] Processing movie_id=399566 batch_id=batch_347
2026-05-27 11:51:02,399 | ERROR | Error on line 347 (movie_id=399566): 'texts'
Traceback (most recent call last):
  File "/gpfs/projects/imt526a/group1/youtube-movie-signals-project/scripts/extract_semantic_features.py", line 278, in main
    system_prompt, user_msg, n_comments = build_prompt(record, args.max_comments_per_batch)
                                          ~~~~~~~~~~~~^^^^^^^^^^^^^^^^^^^^^^^^^^^^^^^^^^^^^
  File "/gpfs/projects/imt526a/group1/youtube-movie-signals-project/scripts/extract_semantic_features.py", line 116, in build_prompt
    comments = record["texts"][:max_comments]
               ~~~~~~^^^^^^^^^
KeyError: 'texts'
2026-05-27 11:51:02,404 | INFO | [348] Processing movie_id=845781 batch_id=batch_348
2026-05-27 11:51:02,404 | ERROR | Error on line 348 (movie_id=845781): 'texts'
Traceback (most recent call last):
  File "/gpfs/projects/imt526a/group1/youtube-movie-signals-project/scripts/extract_semantic_features.py", line 278, in main
    system_prompt, user_msg, n_comments = build_prompt(record, args.max_comments_per_batch)
                                          ~~~~~~~~~~~~^^^^^^^^^^^^^^^^^^^^^^^^^^^^^^^^^^^^^
  File "/gpfs/projects/imt526a/group1/youtube-movie-signals-project/scripts/extract_semantic_features.py", line 116, in build_prompt
    comments = record["texts"][:max_comments]
               ~~~~~~^^^^^^^^^
KeyError: 'texts'
2026-05-27 11:51:02,411 | INFO | [349] Processing movie_id=246655 batch_id=batch_349
2026-05-27 11:51:02,411 | ERROR | Error on line 349 (movie_id=246655): 'texts'
Traceback (most recent call last):
  File "/gpfs/projects/imt526a/group1/youtube-movie-signals-project/scripts/extract_semantic_features.py", line 278, in main
    system_prompt, user_msg, n_comments = build_prompt(record, args.max_comments_per_batch)
                                          ~~~~~~~~~~~~^^^^^^^^^^^^^^^^^^^^^^^^^^^^^^^^^^^^^
  File "/gpfs/projects/imt526a/group1/youtube-movie-signals-project/scripts/extract_semantic_features.py", line 116, in build_prompt
    comments = record["texts"][:max_comments]
               ~~~~~~^^^^^^^^^
KeyError: 'texts'
2026-05-27 11:51:02,419 | INFO | [350] Processing movie_id=141052 batch_id=batch_350
2026-05-27 11:51:02,419 | ERROR | Error on line 350 (movie_id=141052): 'texts'
Traceback (most recent call last):
  File "/gpfs/projects/imt526a/group1/youtube-movie-signals-project/scripts/extract_semantic_features.py", line 278, in main
    system_prompt, user_msg, n_comments = build_prompt(record, args.max_comments_per_batch)
                                          ~~~~~~~~~~~~^^^^^^^^^^^^^^^^^^^^^^^^^^^^^^^^^^^^^
  File "/gpfs/projects/imt526a/group1/youtube-movie-signals-project/scripts/extract_semantic_features.py", line 116, in build_prompt
    comments = record["texts"][:max_comments]
               ~~~~~~^^^^^^^^^
KeyError: 'texts'
2026-05-27 11:51:02,426 | INFO | [351] Processing movie_id=257344 batch_id=batch_351
2026-05-27 11:51:02,426 | ERROR | Error on line 351 (movie_id=257344): 'texts'
Traceback (most recent call last):
  File "/gpfs/projects/imt526a/group1/youtube-movie-signals-project/scripts/extract_semantic_features.py", line 278, in main
    system_prompt, user_msg, n_comments = build_prompt(record, args.max_comments_per_batch)
                                          ~~~~~~~~~~~~^^^^^^^^^^^^^^^^^^^^^^^^^^^^^^^^^^^^^
  File "/gpfs/projects/imt526a/group1/youtube-movie-signals-project/scripts/extract_semantic_features.py", line 116, in build_prompt
    comments = record["texts"][:max_comments]
               ~~~~~~^^^^^^^^^
KeyError: 'texts'
2026-05-27 11:51:02,434 | INFO | [352] Processing movie_id=524434 batch_id=batch_352
2026-05-27 11:51:02,434 | ERROR | Error on line 352 (movie_id=524434): 'texts'
Traceback (most recent call last):
  File "/gpfs/projects/imt526a/group1/youtube-movie-signals-project/scripts/extract_semantic_features.py", line 278, in main
    system_prompt, user_msg, n_comments = build_prompt(record, args.max_comments_per_batch)
                                          ~~~~~~~~~~~~^^^^^^^^^^^^^^^^^^^^^^^^^^^^^^^^^^^^^
  File "/gpfs/projects/imt526a/group1/youtube-movie-signals-project/scripts/extract_semantic_features.py", line 116, in build_prompt
    comments = record["texts"][:max_comments]
               ~~~~~~^^^^^^^^^
KeyError: 'texts'
2026-05-27 11:51:02,436 | INFO | [353] Processing movie_id=588228 batch_id=batch_353
2026-05-27 11:51:02,436 | ERROR | Error on line 353 (movie_id=588228): 'texts'
Traceback (most recent call last):
  File "/gpfs/projects/imt526a/group1/youtube-movie-signals-project/scripts/extract_semantic_features.py", line 278, in main
    system_prompt, user_msg, n_comments = build_prompt(record, args.max_comments_per_batch)
                                          ~~~~~~~~~~~~^^^^^^^^^^^^^^^^^^^^^^^^^^^^^^^^^^^^^
  File "/gpfs/projects/imt526a/group1/youtube-movie-signals-project/scripts/extract_semantic_features.py", line 116, in build_prompt
    comments = record["texts"][:max_comments]
               ~~~~~~^^^^^^^^^
KeyError: 'texts'
2026-05-27 11:51:02,443 | INFO | [354] Processing movie_id=934433 batch_id=batch_354
2026-05-27 11:51:02,444 | ERROR | Error on line 354 (movie_id=934433): 'texts'
Traceback (most recent call last):
  File "/gpfs/projects/imt526a/group1/youtube-movie-signals-project/scripts/extract_semantic_features.py", line 278, in main
    system_prompt, user_msg, n_comments = build_prompt(record, args.max_comments_per_batch)
                                          ~~~~~~~~~~~~^^^^^^^^^^^^^^^^^^^^^^^^^^^^^^^^^^^^^
  File "/gpfs/projects/imt526a/group1/youtube-movie-signals-project/scripts/extract_semantic_features.py", line 116, in build_prompt
    comments = record["texts"][:max_comments]
               ~~~~~~^^^^^^^^^
KeyError: 'texts'
2026-05-27 11:51:02,452 | INFO | [355] Processing movie_id=374720 batch_id=batch_355
2026-05-27 11:51:02,452 | ERROR | Error on line 355 (movie_id=374720): 'texts'
Traceback (most recent call last):
  File "/gpfs/projects/imt526a/group1/youtube-movie-signals-project/scripts/extract_semantic_features.py", line 278, in main
    system_prompt, user_msg, n_comments = build_prompt(record, args.max_comments_per_batch)
                                          ~~~~~~~~~~~~^^^^^^^^^^^^^^^^^^^^^^^^^^^^^^^^^^^^^
  File "/gpfs/projects/imt526a/group1/youtube-movie-signals-project/scripts/extract_semantic_features.py", line 116, in build_prompt
    comments = record["texts"][:max_comments]
               ~~~~~~^^^^^^^^^
KeyError: 'texts'
2026-05-27 11:51:02,461 | INFO | [356] Processing movie_id=447277 batch_id=batch_356
2026-05-27 11:51:02,461 | ERROR | Error on line 356 (movie_id=447277): 'texts'
Traceback (most recent call last):
  File "/gpfs/projects/imt526a/group1/youtube-movie-signals-project/scripts/extract_semantic_features.py", line 278, in main
    system_prompt, user_msg, n_comments = build_prompt(record, args.max_comments_per_batch)
                                          ~~~~~~~~~~~~^^^^^^^^^^^^^^^^^^^^^^^^^^^^^^^^^^^^^
  File "/gpfs/projects/imt526a/group1/youtube-movie-signals-project/scripts/extract_semantic_features.py", line 116, in build_prompt
    comments = record["texts"][:max_comments]
               ~~~~~~^^^^^^^^^
KeyError: 'texts'
2026-05-27 11:51:02,468 | INFO | [357] Processing movie_id=299054 batch_id=batch_357
2026-05-27 11:51:02,468 | ERROR | Error on line 357 (movie_id=299054): 'texts'
Traceback (most recent call last):
  File "/gpfs/projects/imt526a/group1/youtube-movie-signals-project/scripts/extract_semantic_features.py", line 278, in main
    system_prompt, user_msg, n_comments = build_prompt(record, args.max_comments_per_batch)
                                          ~~~~~~~~~~~~^^^^^^^^^^^^^^^^^^^^^^^^^^^^^^^^^^^^^
  File "/gpfs/projects/imt526a/group1/youtube-movie-signals-project/scripts/extract_semantic_features.py", line 116, in build_prompt
    comments = record["texts"][:max_comments]
               ~~~~~~^^^^^^^^^
KeyError: 'texts'
2026-05-27 11:51:02,477 | INFO | [358] Processing movie_id=530915 batch_id=batch_358
2026-05-27 11:51:02,477 | ERROR | Error on line 358 (movie_id=530915): 'texts'
Traceback (most recent call last):
  File "/gpfs/projects/imt526a/group1/youtube-movie-signals-project/scripts/extract_semantic_features.py", line 278, in main
    system_prompt, user_msg, n_comments = build_prompt(record, args.max_comments_per_batch)
                                          ~~~~~~~~~~~~^^^^^^^^^^^^^^^^^^^^^^^^^^^^^^^^^^^^^
  File "/gpfs/projects/imt526a/group1/youtube-movie-signals-project/scripts/extract_semantic_features.py", line 116, in build_prompt
    comments = record["texts"][:max_comments]
               ~~~~~~^^^^^^^^^
KeyError: 'texts'
2026-05-27 11:51:02,486 | INFO | [359] Processing movie_id=297802 batch_id=batch_359
2026-05-27 11:51:02,486 | ERROR | Error on line 359 (movie_id=297802): 'texts'
Traceback (most recent call last):
  File "/gpfs/projects/imt526a/group1/youtube-movie-signals-project/scripts/extract_semantic_features.py", line 278, in main
    system_prompt, user_msg, n_comments = build_prompt(record, args.max_comments_per_batch)
                                          ~~~~~~~~~~~~^^^^^^^^^^^^^^^^^^^^^^^^^^^^^^^^^^^^^
  File "/gpfs/projects/imt526a/group1/youtube-movie-signals-project/scripts/extract_semantic_features.py", line 116, in build_prompt
    comments = record["texts"][:max_comments]
               ~~~~~~^^^^^^^^^
KeyError: 'texts'
2026-05-27 11:51:02,495 | INFO | [360] Processing movie_id=615656 batch_id=batch_360
2026-05-27 11:51:02,495 | ERROR | Error on line 360 (movie_id=615656): 'texts'
Traceback (most recent call last):
  File "/gpfs/projects/imt526a/group1/youtube-movie-signals-project/scripts/extract_semantic_features.py", line 278, in main
    system_prompt, user_msg, n_comments = build_prompt(record, args.max_comments_per_batch)
                                          ~~~~~~~~~~~~^^^^^^^^^^^^^^^^^^^^^^^^^^^^^^^^^^^^^
  File "/gpfs/projects/imt526a/group1/youtube-movie-signals-project/scripts/extract_semantic_features.py", line 116, in build_prompt
    comments = record["texts"][:max_comments]
               ~~~~~~^^^^^^^^^
KeyError: 'texts'
2026-05-27 11:51:02,504 | INFO | [361] Processing movie_id=370172 batch_id=batch_361
2026-05-27 11:51:02,504 | ERROR | Error on line 361 (movie_id=370172): 'texts'
Traceback (most recent call last):
  File "/gpfs/projects/imt526a/group1/youtube-movie-signals-project/scripts/extract_semantic_features.py", line 278, in main
    system_prompt, user_msg, n_comments = build_prompt(record, args.max_comments_per_batch)
                                          ~~~~~~~~~~~~^^^^^^^^^^^^^^^^^^^^^^^^^^^^^^^^^^^^^
  File "/gpfs/projects/imt526a/group1/youtube-movie-signals-project/scripts/extract_semantic_features.py", line 116, in build_prompt
    comments = record["texts"][:max_comments]
               ~~~~~~^^^^^^^^^
KeyError: 'texts'
2026-05-27 11:51:02,509 | INFO | [362] Processing movie_id=1226578 batch_id=batch_362
2026-05-27 11:51:02,509 | ERROR | Error on line 362 (movie_id=1226578): 'texts'
Traceback (most recent call last):
  File "/gpfs/projects/imt526a/group1/youtube-movie-signals-project/scripts/extract_semantic_features.py", line 278, in main
    system_prompt, user_msg, n_comments = build_prompt(record, args.max_comments_per_batch)
                                          ~~~~~~~~~~~~^^^^^^^^^^^^^^^^^^^^^^^^^^^^^^^^^^^^^
  File "/gpfs/projects/imt526a/group1/youtube-movie-signals-project/scripts/extract_semantic_features.py", line 116, in build_prompt
    comments = record["texts"][:max_comments]
               ~~~~~~^^^^^^^^^
KeyError: 'texts'
2026-05-27 11:51:02,517 | INFO | [363] Processing movie_id=746036 batch_id=batch_363
2026-05-27 11:51:02,517 | ERROR | Error on line 363 (movie_id=746036): 'texts'
Traceback (most recent call last):
  File "/gpfs/projects/imt526a/group1/youtube-movie-signals-project/scripts/extract_semantic_features.py", line 278, in main
    system_prompt, user_msg, n_comments = build_prompt(record, args.max_comments_per_batch)
                                          ~~~~~~~~~~~~^^^^^^^^^^^^^^^^^^^^^^^^^^^^^^^^^^^^^
  File "/gpfs/projects/imt526a/group1/youtube-movie-signals-project/scripts/extract_semantic_features.py", line 116, in build_prompt
    comments = record["texts"][:max_comments]
               ~~~~~~^^^^^^^^^
KeyError: 'texts'
2026-05-27 11:51:02,521 | INFO | [364] Processing movie_id=974576 batch_id=batch_364
2026-05-27 11:51:02,521 | ERROR | Error on line 364 (movie_id=974576): 'texts'
Traceback (most recent call last):
  File "/gpfs/projects/imt526a/group1/youtube-movie-signals-project/scripts/extract_semantic_features.py", line 278, in main
    system_prompt, user_msg, n_comments = build_prompt(record, args.max_comments_per_batch)
                                          ~~~~~~~~~~~~^^^^^^^^^^^^^^^^^^^^^^^^^^^^^^^^^^^^^
  File "/gpfs/projects/imt526a/group1/youtube-movie-signals-project/scripts/extract_semantic_features.py", line 116, in build_prompt
    comments = record["texts"][:max_comments]
               ~~~~~~^^^^^^^^^
KeyError: 'texts'
2026-05-27 11:51:02,529 | INFO | [365] Processing movie_id=68735 batch_id=batch_365
2026-05-27 11:51:02,529 | ERROR | Error on line 365 (movie_id=68735): 'texts'
Traceback (most recent call last):
  File "/gpfs/projects/imt526a/group1/youtube-movie-signals-project/scripts/extract_semantic_features.py", line 278, in main
    system_prompt, user_msg, n_comments = build_prompt(record, args.max_comments_per_batch)
                                          ~~~~~~~~~~~~^^^^^^^^^^^^^^^^^^^^^^^^^^^^^^^^^^^^^
  File "/gpfs/projects/imt526a/group1/youtube-movie-signals-project/scripts/extract_semantic_features.py", line 116, in build_prompt
    comments = record["texts"][:max_comments]
               ~~~~~~^^^^^^^^^
KeyError: 'texts'
2026-05-27 11:51:02,537 | INFO | [366] Processing movie_id=756999 batch_id=batch_366
2026-05-27 11:51:02,537 | ERROR | Error on line 366 (movie_id=756999): 'texts'
Traceback (most recent call last):
  File "/gpfs/projects/imt526a/group1/youtube-movie-signals-project/scripts/extract_semantic_features.py", line 278, in main
    system_prompt, user_msg, n_comments = build_prompt(record, args.max_comments_per_batch)
                                          ~~~~~~~~~~~~^^^^^^^^^^^^^^^^^^^^^^^^^^^^^^^^^^^^^
  File "/gpfs/projects/imt526a/group1/youtube-movie-signals-project/scripts/extract_semantic_features.py", line 116, in build_prompt
    comments = record["texts"][:max_comments]
               ~~~~~~^^^^^^^^^
KeyError: 'texts'
2026-05-27 11:51:02,546 | INFO | [367] Processing movie_id=298618 batch_id=batch_367
2026-05-27 11:51:02,546 | ERROR | Error on line 367 (movie_id=298618): 'texts'
Traceback (most recent call last):
  File "/gpfs/projects/imt526a/group1/youtube-movie-signals-project/scripts/extract_semantic_features.py", line 278, in main
    system_prompt, user_msg, n_comments = build_prompt(record, args.max_comments_per_batch)
                                          ~~~~~~~~~~~~^^^^^^^^^^^^^^^^^^^^^^^^^^^^^^^^^^^^^
  File "/gpfs/projects/imt526a/group1/youtube-movie-signals-project/scripts/extract_semantic_features.py", line 116, in build_prompt
    comments = record["texts"][:max_comments]
               ~~~~~~^^^^^^^^^
KeyError: 'texts'
2026-05-27 11:51:02,554 | INFO | [368] Processing movie_id=330459 batch_id=batch_368
2026-05-27 11:51:02,555 | ERROR | Error on line 368 (movie_id=330459): 'texts'
Traceback (most recent call last):
  File "/gpfs/projects/imt526a/group1/youtube-movie-signals-project/scripts/extract_semantic_features.py", line 278, in main
    system_prompt, user_msg, n_comments = build_prompt(record, args.max_comments_per_batch)
                                          ~~~~~~~~~~~~^^^^^^^^^^^^^^^^^^^^^^^^^^^^^^^^^^^^^
  File "/gpfs/projects/imt526a/group1/youtube-movie-signals-project/scripts/extract_semantic_features.py", line 116, in build_prompt
    comments = record["texts"][:max_comments]
               ~~~~~~^^^^^^^^^
KeyError: 'texts'
2026-05-27 11:51:02,567 | INFO | [369] Processing movie_id=294254 batch_id=batch_369
2026-05-27 11:51:02,567 | ERROR | Error on line 369 (movie_id=294254): 'texts'
Traceback (most recent call last):
  File "/gpfs/projects/imt526a/group1/youtube-movie-signals-project/scripts/extract_semantic_features.py", line 278, in main
    system_prompt, user_msg, n_comments = build_prompt(record, args.max_comments_per_batch)
                                          ~~~~~~~~~~~~^^^^^^^^^^^^^^^^^^^^^^^^^^^^^^^^^^^^^
  File "/gpfs/projects/imt526a/group1/youtube-movie-signals-project/scripts/extract_semantic_features.py", line 116, in build_prompt
    comments = record["texts"][:max_comments]
               ~~~~~~^^^^^^^^^
KeyError: 'texts'
2026-05-27 11:51:02,617 | INFO | [370] Processing movie_id=426063 batch_id=batch_370
2026-05-27 11:51:02,617 | ERROR | Error on line 370 (movie_id=426063): 'texts'
Traceback (most recent call last):
  File "/gpfs/projects/imt526a/group1/youtube-movie-signals-project/scripts/extract_semantic_features.py", line 278, in main
    system_prompt, user_msg, n_comments = build_prompt(record, args.max_comments_per_batch)
                                          ~~~~~~~~~~~~^^^^^^^^^^^^^^^^^^^^^^^^^^^^^^^^^^^^^
  File "/gpfs/projects/imt526a/group1/youtube-movie-signals-project/scripts/extract_semantic_features.py", line 116, in build_prompt
    comments = record["texts"][:max_comments]
               ~~~~~~^^^^^^^^^
KeyError: 'texts'
2026-05-27 11:51:02,626 | INFO | [371] Processing movie_id=424694 batch_id=batch_371
2026-05-27 11:51:02,626 | ERROR | Error on line 371 (movie_id=424694): 'texts'
Traceback (most recent call last):
  File "/gpfs/projects/imt526a/group1/youtube-movie-signals-project/scripts/extract_semantic_features.py", line 278, in main
    system_prompt, user_msg, n_comments = build_prompt(record, args.max_comments_per_batch)
                                          ~~~~~~~~~~~~^^^^^^^^^^^^^^^^^^^^^^^^^^^^^^^^^^^^^
  File "/gpfs/projects/imt526a/group1/youtube-movie-signals-project/scripts/extract_semantic_features.py", line 116, in build_prompt
    comments = record["texts"][:max_comments]
               ~~~~~~^^^^^^^^^
KeyError: 'texts'
2026-05-27 11:51:02,636 | INFO | [372] Processing movie_id=698687 batch_id=batch_372
2026-05-27 11:51:02,636 | ERROR | Error on line 372 (movie_id=698687): 'texts'
Traceback (most recent call last):
  File "/gpfs/projects/imt526a/group1/youtube-movie-signals-project/scripts/extract_semantic_features.py", line 278, in main
    system_prompt, user_msg, n_comments = build_prompt(record, args.max_comments_per_batch)
                                          ~~~~~~~~~~~~^^^^^^^^^^^^^^^^^^^^^^^^^^^^^^^^^^^^^
  File "/gpfs/projects/imt526a/group1/youtube-movie-signals-project/scripts/extract_semantic_features.py", line 116, in build_prompt
    comments = record["texts"][:max_comments]
               ~~~~~~^^^^^^^^^
KeyError: 'texts'
2026-05-27 11:51:02,643 | INFO | [373] Processing movie_id=359724 batch_id=batch_373
2026-05-27 11:51:02,643 | ERROR | Error on line 373 (movie_id=359724): 'texts'
Traceback (most recent call last):
  File "/gpfs/projects/imt526a/group1/youtube-movie-signals-project/scripts/extract_semantic_features.py", line 278, in main
    system_prompt, user_msg, n_comments = build_prompt(record, args.max_comments_per_batch)
                                          ~~~~~~~~~~~~^^^^^^^^^^^^^^^^^^^^^^^^^^^^^^^^^^^^^
  File "/gpfs/projects/imt526a/group1/youtube-movie-signals-project/scripts/extract_semantic_features.py", line 116, in build_prompt
    comments = record["texts"][:max_comments]
               ~~~~~~^^^^^^^^^
KeyError: 'texts'
2026-05-27 11:51:02,651 | INFO | [374] Processing movie_id=423108 batch_id=batch_374
2026-05-27 11:51:02,651 | ERROR | Error on line 374 (movie_id=423108): 'texts'
Traceback (most recent call last):
  File "/gpfs/projects/imt526a/group1/youtube-movie-signals-project/scripts/extract_semantic_features.py", line 278, in main
    system_prompt, user_msg, n_comments = build_prompt(record, args.max_comments_per_batch)
                                          ~~~~~~~~~~~~^^^^^^^^^^^^^^^^^^^^^^^^^^^^^^^^^^^^^
  File "/gpfs/projects/imt526a/group1/youtube-movie-signals-project/scripts/extract_semantic_features.py", line 116, in build_prompt
    comments = record["texts"][:max_comments]
               ~~~~~~^^^^^^^^^
KeyError: 'texts'
2026-05-27 11:51:02,658 | INFO | [375] Processing movie_id=335983 batch_id=batch_375
2026-05-27 11:51:02,658 | ERROR | Error on line 375 (movie_id=335983): 'texts'
Traceback (most recent call last):
  File "/gpfs/projects/imt526a/group1/youtube-movie-signals-project/scripts/extract_semantic_features.py", line 278, in main
    system_prompt, user_msg, n_comments = build_prompt(record, args.max_comments_per_batch)
                                          ~~~~~~~~~~~~^^^^^^^^^^^^^^^^^^^^^^^^^^^^^^^^^^^^^
  File "/gpfs/projects/imt526a/group1/youtube-movie-signals-project/scripts/extract_semantic_features.py", line 116, in build_prompt
    comments = record["texts"][:max_comments]
               ~~~~~~^^^^^^^^^
KeyError: 'texts'
2026-05-27 11:51:02,665 | INFO | [376] Processing movie_id=293167 batch_id=batch_376
2026-05-27 11:51:02,665 | ERROR | Error on line 376 (movie_id=293167): 'texts'
Traceback (most recent call last):
  File "/gpfs/projects/imt526a/group1/youtube-movie-signals-project/scripts/extract_semantic_features.py", line 278, in main
    system_prompt, user_msg, n_comments = build_prompt(record, args.max_comments_per_batch)
                                          ~~~~~~~~~~~~^^^^^^^^^^^^^^^^^^^^^^^^^^^^^^^^^^^^^
  File "/gpfs/projects/imt526a/group1/youtube-movie-signals-project/scripts/extract_semantic_features.py", line 116, in build_prompt
    comments = record["texts"][:max_comments]
               ~~~~~~^^^^^^^^^
KeyError: 'texts'
2026-05-27 11:51:02,675 | INFO | [377] Processing movie_id=624860 batch_id=batch_377
2026-05-27 11:51:02,675 | ERROR | Error on line 377 (movie_id=624860): 'texts'
Traceback (most recent call last):
  File "/gpfs/projects/imt526a/group1/youtube-movie-signals-project/scripts/extract_semantic_features.py", line 278, in main
    system_prompt, user_msg, n_comments = build_prompt(record, args.max_comments_per_batch)
                                          ~~~~~~~~~~~~^^^^^^^^^^^^^^^^^^^^^^^^^^^^^^^^^^^^^
  File "/gpfs/projects/imt526a/group1/youtube-movie-signals-project/scripts/extract_semantic_features.py", line 116, in build_prompt
    comments = record["texts"][:max_comments]
               ~~~~~~^^^^^^^^^
KeyError: 'texts'
2026-05-27 11:51:02,682 | INFO | [378] Processing movie_id=378236 batch_id=batch_378
2026-05-27 11:51:02,682 | ERROR | Error on line 378 (movie_id=378236): 'texts'
Traceback (most recent call last):
  File "/gpfs/projects/imt526a/group1/youtube-movie-signals-project/scripts/extract_semantic_features.py", line 278, in main
    system_prompt, user_msg, n_comments = build_prompt(record, args.max_comments_per_batch)
                                          ~~~~~~~~~~~~^^^^^^^^^^^^^^^^^^^^^^^^^^^^^^^^^^^^^
  File "/gpfs/projects/imt526a/group1/youtube-movie-signals-project/scripts/extract_semantic_features.py", line 116, in build_prompt
    comments = record["texts"][:max_comments]
               ~~~~~~^^^^^^^^^
KeyError: 'texts'
2026-05-27 11:51:02,687 | INFO | [379] Processing movie_id=274857 batch_id=batch_379
2026-05-27 11:51:02,687 | ERROR | Error on line 379 (movie_id=274857): 'texts'
Traceback (most recent call last):
  File "/gpfs/projects/imt526a/group1/youtube-movie-signals-project/scripts/extract_semantic_features.py", line 278, in main
    system_prompt, user_msg, n_comments = build_prompt(record, args.max_comments_per_batch)
                                          ~~~~~~~~~~~~^^^^^^^^^^^^^^^^^^^^^^^^^^^^^^^^^^^^^
  File "/gpfs/projects/imt526a/group1/youtube-movie-signals-project/scripts/extract_semantic_features.py", line 116, in build_prompt
    comments = record["texts"][:max_comments]
               ~~~~~~^^^^^^^^^
KeyError: 'texts'
2026-05-27 11:51:02,695 | INFO | [380] Processing movie_id=126889 batch_id=batch_380
2026-05-27 11:51:02,695 | ERROR | Error on line 380 (movie_id=126889): 'texts'
Traceback (most recent call last):
  File "/gpfs/projects/imt526a/group1/youtube-movie-signals-project/scripts/extract_semantic_features.py", line 278, in main
    system_prompt, user_msg, n_comments = build_prompt(record, args.max_comments_per_batch)
                                          ~~~~~~~~~~~~^^^^^^^^^^^^^^^^^^^^^^^^^^^^^^^^^^^^^
  File "/gpfs/projects/imt526a/group1/youtube-movie-signals-project/scripts/extract_semantic_features.py", line 116, in build_prompt
    comments = record["texts"][:max_comments]
               ~~~~~~^^^^^^^^^
KeyError: 'texts'
2026-05-27 11:51:02,698 | INFO | [381] Processing movie_id=177677 batch_id=batch_381
2026-05-27 11:51:02,698 | ERROR | Error on line 381 (movie_id=177677): 'texts'
Traceback (most recent call last):
  File "/gpfs/projects/imt526a/group1/youtube-movie-signals-project/scripts/extract_semantic_features.py", line 278, in main
    system_prompt, user_msg, n_comments = build_prompt(record, args.max_comments_per_batch)
                                          ~~~~~~~~~~~~^^^^^^^^^^^^^^^^^^^^^^^^^^^^^^^^^^^^^
  File "/gpfs/projects/imt526a/group1/youtube-movie-signals-project/scripts/extract_semantic_features.py", line 116, in build_prompt
    comments = record["texts"][:max_comments]
               ~~~~~~^^^^^^^^^
KeyError: 'texts'
2026-05-27 11:51:02,706 | INFO | [382] Processing movie_id=300668 batch_id=batch_382
2026-05-27 11:51:02,707 | ERROR | Error on line 382 (movie_id=300668): 'texts'
Traceback (most recent call last):
  File "/gpfs/projects/imt526a/group1/youtube-movie-signals-project/scripts/extract_semantic_features.py", line 278, in main
    system_prompt, user_msg, n_comments = build_prompt(record, args.max_comments_per_batch)
                                          ~~~~~~~~~~~~^^^^^^^^^^^^^^^^^^^^^^^^^^^^^^^^^^^^^
  File "/gpfs/projects/imt526a/group1/youtube-movie-signals-project/scripts/extract_semantic_features.py", line 116, in build_prompt
    comments = record["texts"][:max_comments]
               ~~~~~~^^^^^^^^^
KeyError: 'texts'
2026-05-27 11:51:02,710 | INFO | [383] Processing movie_id=345940 batch_id=batch_383
2026-05-27 11:51:02,710 | ERROR | Error on line 383 (movie_id=345940): 'texts'
Traceback (most recent call last):
  File "/gpfs/projects/imt526a/group1/youtube-movie-signals-project/scripts/extract_semantic_features.py", line 278, in main
    system_prompt, user_msg, n_comments = build_prompt(record, args.max_comments_per_batch)
                                          ~~~~~~~~~~~~^^^^^^^^^^^^^^^^^^^^^^^^^^^^^^^^^^^^^
  File "/gpfs/projects/imt526a/group1/youtube-movie-signals-project/scripts/extract_semantic_features.py", line 116, in build_prompt
    comments = record["texts"][:max_comments]
               ~~~~~~^^^^^^^^^
KeyError: 'texts'
2026-05-27 11:51:02,712 | INFO | [384] Processing movie_id=381284 batch_id=batch_384
2026-05-27 11:51:02,712 | ERROR | Error on line 384 (movie_id=381284): 'texts'
Traceback (most recent call last):
  File "/gpfs/projects/imt526a/group1/youtube-movie-signals-project/scripts/extract_semantic_features.py", line 278, in main
    system_prompt, user_msg, n_comments = build_prompt(record, args.max_comments_per_batch)
                                          ~~~~~~~~~~~~^^^^^^^^^^^^^^^^^^^^^^^^^^^^^^^^^^^^^
  File "/gpfs/projects/imt526a/group1/youtube-movie-signals-project/scripts/extract_semantic_features.py", line 116, in build_prompt
    comments = record["texts"][:max_comments]
               ~~~~~~^^^^^^^^^
KeyError: 'texts'
2026-05-27 11:51:02,719 | INFO | [385] Processing movie_id=102899 batch_id=batch_385
2026-05-27 11:51:02,719 | ERROR | Error on line 385 (movie_id=102899): 'texts'
Traceback (most recent call last):
  File "/gpfs/projects/imt526a/group1/youtube-movie-signals-project/scripts/extract_semantic_features.py", line 278, in main
    system_prompt, user_msg, n_comments = build_prompt(record, args.max_comments_per_batch)
                                          ~~~~~~~~~~~~^^^^^^^^^^^^^^^^^^^^^^^^^^^^^^^^^^^^^
  File "/gpfs/projects/imt526a/group1/youtube-movie-signals-project/scripts/extract_semantic_features.py", line 116, in build_prompt
    comments = record["texts"][:max_comments]
               ~~~~~~^^^^^^^^^
KeyError: 'texts'
2026-05-27 11:51:02,726 | INFO | [386] Processing movie_id=799583 batch_id=batch_386
2026-05-27 11:51:02,726 | ERROR | Error on line 386 (movie_id=799583): 'texts'
Traceback (most recent call last):
  File "/gpfs/projects/imt526a/group1/youtube-movie-signals-project/scripts/extract_semantic_features.py", line 278, in main
    system_prompt, user_msg, n_comments = build_prompt(record, args.max_comments_per_batch)
                                          ~~~~~~~~~~~~^^^^^^^^^^^^^^^^^^^^^^^^^^^^^^^^^^^^^
  File "/gpfs/projects/imt526a/group1/youtube-movie-signals-project/scripts/extract_semantic_features.py", line 116, in build_prompt
    comments = record["texts"][:max_comments]
               ~~~~~~^^^^^^^^^
KeyError: 'texts'
2026-05-27 11:51:02,732 | INFO | [387] Processing movie_id=666277 batch_id=batch_387
2026-05-27 11:51:02,732 | ERROR | Error on line 387 (movie_id=666277): 'texts'
Traceback (most recent call last):
  File "/gpfs/projects/imt526a/group1/youtube-movie-signals-project/scripts/extract_semantic_features.py", line 278, in main
    system_prompt, user_msg, n_comments = build_prompt(record, args.max_comments_per_batch)
                                          ~~~~~~~~~~~~^^^^^^^^^^^^^^^^^^^^^^^^^^^^^^^^^^^^^
  File "/gpfs/projects/imt526a/group1/youtube-movie-signals-project/scripts/extract_semantic_features.py", line 116, in build_prompt
    comments = record["texts"][:max_comments]
               ~~~~~~^^^^^^^^^
KeyError: 'texts'
2026-05-27 11:51:02,740 | INFO | [388] Processing movie_id=882569 batch_id=batch_388
2026-05-27 11:51:02,740 | ERROR | Error on line 388 (movie_id=882569): 'texts'
Traceback (most recent call last):
  File "/gpfs/projects/imt526a/group1/youtube-movie-signals-project/scripts/extract_semantic_features.py", line 278, in main
    system_prompt, user_msg, n_comments = build_prompt(record, args.max_comments_per_batch)
                                          ~~~~~~~~~~~~^^^^^^^^^^^^^^^^^^^^^^^^^^^^^^^^^^^^^
  File "/gpfs/projects/imt526a/group1/youtube-movie-signals-project/scripts/extract_semantic_features.py", line 116, in build_prompt
    comments = record["texts"][:max_comments]
               ~~~~~~^^^^^^^^^
KeyError: 'texts'
2026-05-27 11:51:02,747 | INFO | [389] Processing movie_id=507089 batch_id=batch_389
2026-05-27 11:51:02,747 | ERROR | Error on line 389 (movie_id=507089): 'texts'
Traceback (most recent call last):
  File "/gpfs/projects/imt526a/group1/youtube-movie-signals-project/scripts/extract_semantic_features.py", line 278, in main
    system_prompt, user_msg, n_comments = build_prompt(record, args.max_comments_per_batch)
                                          ~~~~~~~~~~~~^^^^^^^^^^^^^^^^^^^^^^^^^^^^^^^^^^^^^
  File "/gpfs/projects/imt526a/group1/youtube-movie-signals-project/scripts/extract_semantic_features.py", line 116, in build_prompt
    comments = record["texts"][:max_comments]
               ~~~~~~^^^^^^^^^
KeyError: 'texts'
2026-05-27 11:51:02,754 | INFO | [390] Processing movie_id=884605 batch_id=batch_390
2026-05-27 11:51:02,754 | ERROR | Error on line 390 (movie_id=884605): 'texts'
Traceback (most recent call last):
  File "/gpfs/projects/imt526a/group1/youtube-movie-signals-project/scripts/extract_semantic_features.py", line 278, in main
    system_prompt, user_msg, n_comments = build_prompt(record, args.max_comments_per_batch)
                                          ~~~~~~~~~~~~^^^^^^^^^^^^^^^^^^^^^^^^^^^^^^^^^^^^^
  File "/gpfs/projects/imt526a/group1/youtube-movie-signals-project/scripts/extract_semantic_features.py", line 116, in build_prompt
    comments = record["texts"][:max_comments]
               ~~~~~~^^^^^^^^^
KeyError: 'texts'
2026-05-27 11:51:02,761 | INFO | [391] Processing movie_id=427641 batch_id=batch_391
2026-05-27 11:51:02,761 | ERROR | Error on line 391 (movie_id=427641): 'texts'
Traceback (most recent call last):
  File "/gpfs/projects/imt526a/group1/youtube-movie-signals-project/scripts/extract_semantic_features.py", line 278, in main
    system_prompt, user_msg, n_comments = build_prompt(record, args.max_comments_per_batch)
                                          ~~~~~~~~~~~~^^^^^^^^^^^^^^^^^^^^^^^^^^^^^^^^^^^^^
  File "/gpfs/projects/imt526a/group1/youtube-movie-signals-project/scripts/extract_semantic_features.py", line 116, in build_prompt
    comments = record["texts"][:max_comments]
               ~~~~~~^^^^^^^^^
KeyError: 'texts'
2026-05-27 11:51:02,765 | INFO | [392] Processing movie_id=345887 batch_id=batch_392
2026-05-27 11:51:02,765 | ERROR | Error on line 392 (movie_id=345887): 'texts'
Traceback (most recent call last):
  File "/gpfs/projects/imt526a/group1/youtube-movie-signals-project/scripts/extract_semantic_features.py", line 278, in main
    system_prompt, user_msg, n_comments = build_prompt(record, args.max_comments_per_batch)
                                          ~~~~~~~~~~~~^^^^^^^^^^^^^^^^^^^^^^^^^^^^^^^^^^^^^
  File "/gpfs/projects/imt526a/group1/youtube-movie-signals-project/scripts/extract_semantic_features.py", line 116, in build_prompt
    comments = record["texts"][:max_comments]
               ~~~~~~^^^^^^^^^
KeyError: 'texts'
2026-05-27 11:51:02,772 | INFO | [393] Processing movie_id=570670 batch_id=batch_393
2026-05-27 11:51:02,772 | ERROR | Error on line 393 (movie_id=570670): 'texts'
Traceback (most recent call last):
  File "/gpfs/projects/imt526a/group1/youtube-movie-signals-project/scripts/extract_semantic_features.py", line 278, in main
    system_prompt, user_msg, n_comments = build_prompt(record, args.max_comments_per_batch)
                                          ~~~~~~~~~~~~^^^^^^^^^^^^^^^^^^^^^^^^^^^^^^^^^^^^^
  File "/gpfs/projects/imt526a/group1/youtube-movie-signals-project/scripts/extract_semantic_features.py", line 116, in build_prompt
    comments = record["texts"][:max_comments]
               ~~~~~~^^^^^^^^^
KeyError: 'texts'
2026-05-27 11:51:02,781 | INFO | [394] Processing movie_id=335977 batch_id=batch_394
2026-05-27 11:51:02,781 | ERROR | Error on line 394 (movie_id=335977): 'texts'
Traceback (most recent call last):
  File "/gpfs/projects/imt526a/group1/youtube-movie-signals-project/scripts/extract_semantic_features.py", line 278, in main
    system_prompt, user_msg, n_comments = build_prompt(record, args.max_comments_per_batch)
                                          ~~~~~~~~~~~~^^^^^^^^^^^^^^^^^^^^^^^^^^^^^^^^^^^^^
  File "/gpfs/projects/imt526a/group1/youtube-movie-signals-project/scripts/extract_semantic_features.py", line 116, in build_prompt
    comments = record["texts"][:max_comments]
               ~~~~~~^^^^^^^^^
KeyError: 'texts'
2026-05-27 11:51:02,789 | INFO | [395] Processing movie_id=497582 batch_id=batch_395
2026-05-27 11:51:02,789 | ERROR | Error on line 395 (movie_id=497582): 'texts'
Traceback (most recent call last):
  File "/gpfs/projects/imt526a/group1/youtube-movie-signals-project/scripts/extract_semantic_features.py", line 278, in main
    system_prompt, user_msg, n_comments = build_prompt(record, args.max_comments_per_batch)
                                          ~~~~~~~~~~~~^^^^^^^^^^^^^^^^^^^^^^^^^^^^^^^^^^^^^
  File "/gpfs/projects/imt526a/group1/youtube-movie-signals-project/scripts/extract_semantic_features.py", line 116, in build_prompt
    comments = record["texts"][:max_comments]
               ~~~~~~^^^^^^^^^
KeyError: 'texts'
2026-05-27 11:51:02,797 | INFO | [396] Processing movie_id=404368 batch_id=batch_396
2026-05-27 11:51:02,797 | ERROR | Error on line 396 (movie_id=404368): 'texts'
Traceback (most recent call last):
  File "/gpfs/projects/imt526a/group1/youtube-movie-signals-project/scripts/extract_semantic_features.py", line 278, in main
    system_prompt, user_msg, n_comments = build_prompt(record, args.max_comments_per_batch)
                                          ~~~~~~~~~~~~^^^^^^^^^^^^^^^^^^^^^^^^^^^^^^^^^^^^^
  File "/gpfs/projects/imt526a/group1/youtube-movie-signals-project/scripts/extract_semantic_features.py", line 116, in build_prompt
    comments = record["texts"][:max_comments]
               ~~~~~~^^^^^^^^^
KeyError: 'texts'
2026-05-27 11:51:02,800 | INFO | [397] Processing movie_id=310307 batch_id=batch_397
2026-05-27 11:51:02,800 | ERROR | Error on line 397 (movie_id=310307): 'texts'
Traceback (most recent call last):
  File "/gpfs/projects/imt526a/group1/youtube-movie-signals-project/scripts/extract_semantic_features.py", line 278, in main
    system_prompt, user_msg, n_comments = build_prompt(record, args.max_comments_per_batch)
                                          ~~~~~~~~~~~~^^^^^^^^^^^^^^^^^^^^^^^^^^^^^^^^^^^^^
  File "/gpfs/projects/imt526a/group1/youtube-movie-signals-project/scripts/extract_semantic_features.py", line 116, in build_prompt
    comments = record["texts"][:max_comments]
               ~~~~~~^^^^^^^^^
KeyError: 'texts'
2026-05-27 11:51:02,801 | INFO | [398] Processing movie_id=303991 batch_id=batch_398
2026-05-27 11:51:02,801 | ERROR | Error on line 398 (movie_id=303991): 'texts'
Traceback (most recent call last):
  File "/gpfs/projects/imt526a/group1/youtube-movie-signals-project/scripts/extract_semantic_features.py", line 278, in main
    system_prompt, user_msg, n_comments = build_prompt(record, args.max_comments_per_batch)
                                          ~~~~~~~~~~~~^^^^^^^^^^^^^^^^^^^^^^^^^^^^^^^^^^^^^
  File "/gpfs/projects/imt526a/group1/youtube-movie-signals-project/scripts/extract_semantic_features.py", line 116, in build_prompt
    comments = record["texts"][:max_comments]
               ~~~~~~^^^^^^^^^
KeyError: 'texts'
2026-05-27 11:51:02,805 | INFO | [399] Processing movie_id=293863 batch_id=batch_399
2026-05-27 11:51:02,805 | ERROR | Error on line 399 (movie_id=293863): 'texts'
Traceback (most recent call last):
  File "/gpfs/projects/imt526a/group1/youtube-movie-signals-project/scripts/extract_semantic_features.py", line 278, in main
    system_prompt, user_msg, n_comments = build_prompt(record, args.max_comments_per_batch)
                                          ~~~~~~~~~~~~^^^^^^^^^^^^^^^^^^^^^^^^^^^^^^^^^^^^^
  File "/gpfs/projects/imt526a/group1/youtube-movie-signals-project/scripts/extract_semantic_features.py", line 116, in build_prompt
    comments = record["texts"][:max_comments]
               ~~~~~~^^^^^^^^^
KeyError: 'texts'
2026-05-27 11:51:02,813 | INFO | [400] Processing movie_id=43074 batch_id=batch_400
2026-05-27 11:51:02,813 | ERROR | Error on line 400 (movie_id=43074): 'texts'
Traceback (most recent call last):
  File "/gpfs/projects/imt526a/group1/youtube-movie-signals-project/scripts/extract_semantic_features.py", line 278, in main
    system_prompt, user_msg, n_comments = build_prompt(record, args.max_comments_per_batch)
                                          ~~~~~~~~~~~~^^^^^^^^^^^^^^^^^^^^^^^^^^^^^^^^^^^^^
  File "/gpfs/projects/imt526a/group1/youtube-movie-signals-project/scripts/extract_semantic_features.py", line 116, in build_prompt
    comments = record["texts"][:max_comments]
               ~~~~~~^^^^^^^^^
KeyError: 'texts'
2026-05-27 11:51:02,817 | INFO | [401] Processing movie_id=747188 batch_id=batch_401
2026-05-27 11:51:02,817 | ERROR | Error on line 401 (movie_id=747188): 'texts'
Traceback (most recent call last):
  File "/gpfs/projects/imt526a/group1/youtube-movie-signals-project/scripts/extract_semantic_features.py", line 278, in main
    system_prompt, user_msg, n_comments = build_prompt(record, args.max_comments_per_batch)
                                          ~~~~~~~~~~~~^^^^^^^^^^^^^^^^^^^^^^^^^^^^^^^^^^^^^
  File "/gpfs/projects/imt526a/group1/youtube-movie-signals-project/scripts/extract_semantic_features.py", line 116, in build_prompt
    comments = record["texts"][:max_comments]
               ~~~~~~^^^^^^^^^
KeyError: 'texts'
2026-05-27 11:51:02,824 | INFO | [402] Processing movie_id=47933 batch_id=batch_402
2026-05-27 11:51:02,824 | ERROR | Error on line 402 (movie_id=47933): 'texts'
Traceback (most recent call last):
  File "/gpfs/projects/imt526a/group1/youtube-movie-signals-project/scripts/extract_semantic_features.py", line 278, in main
    system_prompt, user_msg, n_comments = build_prompt(record, args.max_comments_per_batch)
                                          ~~~~~~~~~~~~^^^^^^^^^^^^^^^^^^^^^^^^^^^^^^^^^^^^^
  File "/gpfs/projects/imt526a/group1/youtube-movie-signals-project/scripts/extract_semantic_features.py", line 116, in build_prompt
    comments = record["texts"][:max_comments]
               ~~~~~~^^^^^^^^^
KeyError: 'texts'
2026-05-27 11:51:02,833 | INFO | [403] Processing movie_id=531219 batch_id=batch_403
2026-05-27 11:51:02,833 | ERROR | Error on line 403 (movie_id=531219): 'texts'
Traceback (most recent call last):
  File "/gpfs/projects/imt526a/group1/youtube-movie-signals-project/scripts/extract_semantic_features.py", line 278, in main
    system_prompt, user_msg, n_comments = build_prompt(record, args.max_comments_per_batch)
                                          ~~~~~~~~~~~~^^^^^^^^^^^^^^^^^^^^^^^^^^^^^^^^^^^^^
  File "/gpfs/projects/imt526a/group1/youtube-movie-signals-project/scripts/extract_semantic_features.py", line 116, in build_prompt
    comments = record["texts"][:max_comments]
               ~~~~~~^^^^^^^^^
KeyError: 'texts'
2026-05-27 11:51:02,835 | INFO | [404] Processing movie_id=709631 batch_id=batch_404
2026-05-27 11:51:02,835 | ERROR | Error on line 404 (movie_id=709631): 'texts'
Traceback (most recent call last):
  File "/gpfs/projects/imt526a/group1/youtube-movie-signals-project/scripts/extract_semantic_features.py", line 278, in main
    system_prompt, user_msg, n_comments = build_prompt(record, args.max_comments_per_batch)
                                          ~~~~~~~~~~~~^^^^^^^^^^^^^^^^^^^^^^^^^^^^^^^^^^^^^
  File "/gpfs/projects/imt526a/group1/youtube-movie-signals-project/scripts/extract_semantic_features.py", line 116, in build_prompt
    comments = record["texts"][:max_comments]
               ~~~~~~^^^^^^^^^
KeyError: 'texts'
2026-05-27 11:51:02,841 | INFO | [405] Processing movie_id=267860 batch_id=batch_405
2026-05-27 11:51:02,841 | ERROR | Error on line 405 (movie_id=267860): 'texts'
Traceback (most recent call last):
  File "/gpfs/projects/imt526a/group1/youtube-movie-signals-project/scripts/extract_semantic_features.py", line 278, in main
    system_prompt, user_msg, n_comments = build_prompt(record, args.max_comments_per_batch)
                                          ~~~~~~~~~~~~^^^^^^^^^^^^^^^^^^^^^^^^^^^^^^^^^^^^^
  File "/gpfs/projects/imt526a/group1/youtube-movie-signals-project/scripts/extract_semantic_features.py", line 116, in build_prompt
    comments = record["texts"][:max_comments]
               ~~~~~~^^^^^^^^^
KeyError: 'texts'
2026-05-27 11:51:02,842 | INFO | [406] Processing movie_id=445571 batch_id=batch_406
2026-05-27 11:51:02,843 | ERROR | Error on line 406 (movie_id=445571): 'texts'
Traceback (most recent call last):
  File "/gpfs/projects/imt526a/group1/youtube-movie-signals-project/scripts/extract_semantic_features.py", line 278, in main
    system_prompt, user_msg, n_comments = build_prompt(record, args.max_comments_per_batch)
                                          ~~~~~~~~~~~~^^^^^^^^^^^^^^^^^^^^^^^^^^^^^^^^^^^^^
  File "/gpfs/projects/imt526a/group1/youtube-movie-signals-project/scripts/extract_semantic_features.py", line 116, in build_prompt
    comments = record["texts"][:max_comments]
               ~~~~~~^^^^^^^^^
KeyError: 'texts'
2026-05-27 11:51:02,846 | INFO | [407] Processing movie_id=522162 batch_id=batch_407
2026-05-27 11:51:02,846 | ERROR | Error on line 407 (movie_id=522162): 'texts'
Traceback (most recent call last):
  File "/gpfs/projects/imt526a/group1/youtube-movie-signals-project/scripts/extract_semantic_features.py", line 278, in main
    system_prompt, user_msg, n_comments = build_prompt(record, args.max_comments_per_batch)
                                          ~~~~~~~~~~~~^^^^^^^^^^^^^^^^^^^^^^^^^^^^^^^^^^^^^
  File "/gpfs/projects/imt526a/group1/youtube-movie-signals-project/scripts/extract_semantic_features.py", line 116, in build_prompt
    comments = record["texts"][:max_comments]
               ~~~~~~^^^^^^^^^
KeyError: 'texts'
2026-05-27 11:51:02,851 | INFO | [408] Processing movie_id=481084 batch_id=batch_408
2026-05-27 11:51:02,851 | ERROR | Error on line 408 (movie_id=481084): 'texts'
Traceback (most recent call last):
  File "/gpfs/projects/imt526a/group1/youtube-movie-signals-project/scripts/extract_semantic_features.py", line 278, in main
    system_prompt, user_msg, n_comments = build_prompt(record, args.max_comments_per_batch)
                                          ~~~~~~~~~~~~^^^^^^^^^^^^^^^^^^^^^^^^^^^^^^^^^^^^^
  File "/gpfs/projects/imt526a/group1/youtube-movie-signals-project/scripts/extract_semantic_features.py", line 116, in build_prompt
    comments = record["texts"][:max_comments]
               ~~~~~~^^^^^^^^^
KeyError: 'texts'
2026-05-27 11:51:02,855 | INFO | [409] Processing movie_id=948549 batch_id=batch_409
2026-05-27 11:51:02,855 | ERROR | Error on line 409 (movie_id=948549): 'texts'
Traceback (most recent call last):
  File "/gpfs/projects/imt526a/group1/youtube-movie-signals-project/scripts/extract_semantic_features.py", line 278, in main
    system_prompt, user_msg, n_comments = build_prompt(record, args.max_comments_per_batch)
                                          ~~~~~~~~~~~~^^^^^^^^^^^^^^^^^^^^^^^^^^^^^^^^^^^^^
  File "/gpfs/projects/imt526a/group1/youtube-movie-signals-project/scripts/extract_semantic_features.py", line 116, in build_prompt
    comments = record["texts"][:max_comments]
               ~~~~~~^^^^^^^^^
KeyError: 'texts'
2026-05-27 11:51:02,862 | INFO | [410] Processing movie_id=487558 batch_id=batch_410
2026-05-27 11:51:02,862 | ERROR | Error on line 410 (movie_id=487558): 'texts'
Traceback (most recent call last):
  File "/gpfs/projects/imt526a/group1/youtube-movie-signals-project/scripts/extract_semantic_features.py", line 278, in main
    system_prompt, user_msg, n_comments = build_prompt(record, args.max_comments_per_batch)
                                          ~~~~~~~~~~~~^^^^^^^^^^^^^^^^^^^^^^^^^^^^^^^^^^^^^
  File "/gpfs/projects/imt526a/group1/youtube-movie-signals-project/scripts/extract_semantic_features.py", line 116, in build_prompt
    comments = record["texts"][:max_comments]
               ~~~~~~^^^^^^^^^
KeyError: 'texts'
2026-05-27 11:51:02,869 | INFO | [411] Processing movie_id=678512 batch_id=batch_411
2026-05-27 11:51:02,869 | ERROR | Error on line 411 (movie_id=678512): 'texts'
Traceback (most recent call last):
  File "/gpfs/projects/imt526a/group1/youtube-movie-signals-project/scripts/extract_semantic_features.py", line 278, in main
    system_prompt, user_msg, n_comments = build_prompt(record, args.max_comments_per_batch)
                                          ~~~~~~~~~~~~^^^^^^^^^^^^^^^^^^^^^^^^^^^^^^^^^^^^^
  File "/gpfs/projects/imt526a/group1/youtube-movie-signals-project/scripts/extract_semantic_features.py", line 116, in build_prompt
    comments = record["texts"][:max_comments]
               ~~~~~~^^^^^^^^^
KeyError: 'texts'
2026-05-27 11:51:02,877 | INFO | [412] Processing movie_id=634492 batch_id=batch_412
2026-05-27 11:51:02,877 | ERROR | Error on line 412 (movie_id=634492): 'texts'
Traceback (most recent call last):
  File "/gpfs/projects/imt526a/group1/youtube-movie-signals-project/scripts/extract_semantic_features.py", line 278, in main
    system_prompt, user_msg, n_comments = build_prompt(record, args.max_comments_per_batch)
                                          ~~~~~~~~~~~~^^^^^^^^^^^^^^^^^^^^^^^^^^^^^^^^^^^^^
  File "/gpfs/projects/imt526a/group1/youtube-movie-signals-project/scripts/extract_semantic_features.py", line 116, in build_prompt
    comments = record["texts"][:max_comments]
               ~~~~~~^^^^^^^^^
KeyError: 'texts'
2026-05-27 11:51:02,879 | INFO | [413] Processing movie_id=238615 batch_id=batch_413
2026-05-27 11:51:02,879 | ERROR | Error on line 413 (movie_id=238615): 'texts'
Traceback (most recent call last):
  File "/gpfs/projects/imt526a/group1/youtube-movie-signals-project/scripts/extract_semantic_features.py", line 278, in main
    system_prompt, user_msg, n_comments = build_prompt(record, args.max_comments_per_batch)
                                          ~~~~~~~~~~~~^^^^^^^^^^^^^^^^^^^^^^^^^^^^^^^^^^^^^
  File "/gpfs/projects/imt526a/group1/youtube-movie-signals-project/scripts/extract_semantic_features.py", line 116, in build_prompt
    comments = record["texts"][:max_comments]
               ~~~~~~^^^^^^^^^
KeyError: 'texts'
2026-05-27 11:51:02,884 | INFO | [414] Processing movie_id=646097 batch_id=batch_414
2026-05-27 11:51:02,884 | ERROR | Error on line 414 (movie_id=646097): 'texts'
Traceback (most recent call last):
  File "/gpfs/projects/imt526a/group1/youtube-movie-signals-project/scripts/extract_semantic_features.py", line 278, in main
    system_prompt, user_msg, n_comments = build_prompt(record, args.max_comments_per_batch)
                                          ~~~~~~~~~~~~^^^^^^^^^^^^^^^^^^^^^^^^^^^^^^^^^^^^^
  File "/gpfs/projects/imt526a/group1/youtube-movie-signals-project/scripts/extract_semantic_features.py", line 116, in build_prompt
    comments = record["texts"][:max_comments]
               ~~~~~~^^^^^^^^^
KeyError: 'texts'
2026-05-27 11:51:02,892 | INFO | [415] Processing movie_id=503736 batch_id=batch_415
2026-05-27 11:51:02,892 | ERROR | Error on line 415 (movie_id=503736): 'texts'
Traceback (most recent call last):
  File "/gpfs/projects/imt526a/group1/youtube-movie-signals-project/scripts/extract_semantic_features.py", line 278, in main
    system_prompt, user_msg, n_comments = build_prompt(record, args.max_comments_per_batch)
                                          ~~~~~~~~~~~~^^^^^^^^^^^^^^^^^^^^^^^^^^^^^^^^^^^^^
  File "/gpfs/projects/imt526a/group1/youtube-movie-signals-project/scripts/extract_semantic_features.py", line 116, in build_prompt
    comments = record["texts"][:max_comments]
               ~~~~~~^^^^^^^^^
KeyError: 'texts'
2026-05-27 11:51:02,897 | INFO | [416] Processing movie_id=560057 batch_id=batch_416
2026-05-27 11:51:02,897 | ERROR | Error on line 416 (movie_id=560057): 'texts'
Traceback (most recent call last):
  File "/gpfs/projects/imt526a/group1/youtube-movie-signals-project/scripts/extract_semantic_features.py", line 278, in main
    system_prompt, user_msg, n_comments = build_prompt(record, args.max_comments_per_batch)
                                          ~~~~~~~~~~~~^^^^^^^^^^^^^^^^^^^^^^^^^^^^^^^^^^^^^
  File "/gpfs/projects/imt526a/group1/youtube-movie-signals-project/scripts/extract_semantic_features.py", line 116, in build_prompt
    comments = record["texts"][:max_comments]
               ~~~~~~^^^^^^^^^
KeyError: 'texts'
2026-05-27 11:51:02,900 | INFO | [417] Processing movie_id=866463 batch_id=batch_417
2026-05-27 11:51:02,900 | ERROR | Error on line 417 (movie_id=866463): 'texts'
Traceback (most recent call last):
  File "/gpfs/projects/imt526a/group1/youtube-movie-signals-project/scripts/extract_semantic_features.py", line 278, in main
    system_prompt, user_msg, n_comments = build_prompt(record, args.max_comments_per_batch)
                                          ~~~~~~~~~~~~^^^^^^^^^^^^^^^^^^^^^^^^^^^^^^^^^^^^^
  File "/gpfs/projects/imt526a/group1/youtube-movie-signals-project/scripts/extract_semantic_features.py", line 116, in build_prompt
    comments = record["texts"][:max_comments]
               ~~~~~~^^^^^^^^^
KeyError: 'texts'
2026-05-27 11:51:02,907 | INFO | [418] Processing movie_id=848538 batch_id=batch_418
2026-05-27 11:51:02,907 | ERROR | Error on line 418 (movie_id=848538): 'texts'
Traceback (most recent call last):
  File "/gpfs/projects/imt526a/group1/youtube-movie-signals-project/scripts/extract_semantic_features.py", line 278, in main
    system_prompt, user_msg, n_comments = build_prompt(record, args.max_comments_per_batch)
                                          ~~~~~~~~~~~~^^^^^^^^^^^^^^^^^^^^^^^^^^^^^^^^^^^^^
  File "/gpfs/projects/imt526a/group1/youtube-movie-signals-project/scripts/extract_semantic_features.py", line 116, in build_prompt
    comments = record["texts"][:max_comments]
               ~~~~~~^^^^^^^^^
KeyError: 'texts'
2026-05-27 11:51:02,910 | INFO | [419] Processing movie_id=467244 batch_id=batch_419
2026-05-27 11:51:02,910 | ERROR | Error on line 419 (movie_id=467244): 'texts'
Traceback (most recent call last):
  File "/gpfs/projects/imt526a/group1/youtube-movie-signals-project/scripts/extract_semantic_features.py", line 278, in main
    system_prompt, user_msg, n_comments = build_prompt(record, args.max_comments_per_batch)
                                          ~~~~~~~~~~~~^^^^^^^^^^^^^^^^^^^^^^^^^^^^^^^^^^^^^
  File "/gpfs/projects/imt526a/group1/youtube-movie-signals-project/scripts/extract_semantic_features.py", line 116, in build_prompt
    comments = record["texts"][:max_comments]
               ~~~~~~^^^^^^^^^
KeyError: 'texts'
2026-05-27 11:51:02,913 | INFO | [420] Processing movie_id=814889 batch_id=batch_420
2026-05-27 11:51:02,913 | ERROR | Error on line 420 (movie_id=814889): 'texts'
Traceback (most recent call last):
  File "/gpfs/projects/imt526a/group1/youtube-movie-signals-project/scripts/extract_semantic_features.py", line 278, in main
    system_prompt, user_msg, n_comments = build_prompt(record, args.max_comments_per_batch)
                                          ~~~~~~~~~~~~^^^^^^^^^^^^^^^^^^^^^^^^^^^^^^^^^^^^^
  File "/gpfs/projects/imt526a/group1/youtube-movie-signals-project/scripts/extract_semantic_features.py", line 116, in build_prompt
    comments = record["texts"][:max_comments]
               ~~~~~~^^^^^^^^^
KeyError: 'texts'
2026-05-27 11:51:02,920 | INFO | [421] Processing movie_id=473033 batch_id=batch_421
2026-05-27 11:51:02,920 | ERROR | Error on line 421 (movie_id=473033): 'texts'
Traceback (most recent call last):
  File "/gpfs/projects/imt526a/group1/youtube-movie-signals-project/scripts/extract_semantic_features.py", line 278, in main
    system_prompt, user_msg, n_comments = build_prompt(record, args.max_comments_per_batch)
                                          ~~~~~~~~~~~~^^^^^^^^^^^^^^^^^^^^^^^^^^^^^^^^^^^^^
  File "/gpfs/projects/imt526a/group1/youtube-movie-signals-project/scripts/extract_semantic_features.py", line 116, in build_prompt
    comments = record["texts"][:max_comments]
               ~~~~~~^^^^^^^^^
KeyError: 'texts'
2026-05-27 11:51:02,928 | INFO | [422] Processing movie_id=332562 batch_id=batch_422
2026-05-27 11:51:02,928 | ERROR | Error on line 422 (movie_id=332562): 'texts'
Traceback (most recent call last):
  File "/gpfs/projects/imt526a/group1/youtube-movie-signals-project/scripts/extract_semantic_features.py", line 278, in main
    system_prompt, user_msg, n_comments = build_prompt(record, args.max_comments_per_batch)
                                          ~~~~~~~~~~~~^^^^^^^^^^^^^^^^^^^^^^^^^^^^^^^^^^^^^
  File "/gpfs/projects/imt526a/group1/youtube-movie-signals-project/scripts/extract_semantic_features.py", line 116, in build_prompt
    comments = record["texts"][:max_comments]
               ~~~~~~^^^^^^^^^
KeyError: 'texts'
2026-05-27 11:51:02,930 | INFO | [423] Processing movie_id=597208 batch_id=batch_423
2026-05-27 11:51:02,930 | ERROR | Error on line 423 (movie_id=597208): 'texts'
Traceback (most recent call last):
  File "/gpfs/projects/imt526a/group1/youtube-movie-signals-project/scripts/extract_semantic_features.py", line 278, in main
    system_prompt, user_msg, n_comments = build_prompt(record, args.max_comments_per_batch)
                                          ~~~~~~~~~~~~^^^^^^^^^^^^^^^^^^^^^^^^^^^^^^^^^^^^^
  File "/gpfs/projects/imt526a/group1/youtube-movie-signals-project/scripts/extract_semantic_features.py", line 116, in build_prompt
    comments = record["texts"][:max_comments]
               ~~~~~~^^^^^^^^^
KeyError: 'texts'
2026-05-27 11:51:02,939 | INFO | [424] Processing movie_id=340102 batch_id=batch_424
2026-05-27 11:51:02,939 | ERROR | Error on line 424 (movie_id=340102): 'texts'
Traceback (most recent call last):
  File "/gpfs/projects/imt526a/group1/youtube-movie-signals-project/scripts/extract_semantic_features.py", line 278, in main
    system_prompt, user_msg, n_comments = build_prompt(record, args.max_comments_per_batch)
                                          ~~~~~~~~~~~~^^^^^^^^^^^^^^^^^^^^^^^^^^^^^^^^^^^^^
  File "/gpfs/projects/imt526a/group1/youtube-movie-signals-project/scripts/extract_semantic_features.py", line 116, in build_prompt
    comments = record["texts"][:max_comments]
               ~~~~~~^^^^^^^^^
KeyError: 'texts'
2026-05-27 11:51:02,944 | INFO | [425] Processing movie_id=629176 batch_id=batch_425
2026-05-27 11:51:02,944 | ERROR | Error on line 425 (movie_id=629176): 'texts'
Traceback (most recent call last):
  File "/gpfs/projects/imt526a/group1/youtube-movie-signals-project/scripts/extract_semantic_features.py", line 278, in main
    system_prompt, user_msg, n_comments = build_prompt(record, args.max_comments_per_batch)
                                          ~~~~~~~~~~~~^^^^^^^^^^^^^^^^^^^^^^^^^^^^^^^^^^^^^
  File "/gpfs/projects/imt526a/group1/youtube-movie-signals-project/scripts/extract_semantic_features.py", line 116, in build_prompt
    comments = record["texts"][:max_comments]
               ~~~~~~^^^^^^^^^
KeyError: 'texts'
2026-05-27 11:51:02,948 | INFO | [426] Processing movie_id=492188 batch_id=batch_426
2026-05-27 11:51:02,948 | ERROR | Error on line 426 (movie_id=492188): 'texts'
Traceback (most recent call last):
  File "/gpfs/projects/imt526a/group1/youtube-movie-signals-project/scripts/extract_semantic_features.py", line 278, in main
    system_prompt, user_msg, n_comments = build_prompt(record, args.max_comments_per_batch)
                                          ~~~~~~~~~~~~^^^^^^^^^^^^^^^^^^^^^^^^^^^^^^^^^^^^^
  File "/gpfs/projects/imt526a/group1/youtube-movie-signals-project/scripts/extract_semantic_features.py", line 116, in build_prompt
    comments = record["texts"][:max_comments]
               ~~~~~~^^^^^^^^^
KeyError: 'texts'
2026-05-27 11:51:02,950 | INFO | [427] Processing movie_id=296099 batch_id=batch_427
2026-05-27 11:51:02,950 | ERROR | Error on line 427 (movie_id=296099): 'texts'
Traceback (most recent call last):
  File "/gpfs/projects/imt526a/group1/youtube-movie-signals-project/scripts/extract_semantic_features.py", line 278, in main
    system_prompt, user_msg, n_comments = build_prompt(record, args.max_comments_per_batch)
                                          ~~~~~~~~~~~~^^^^^^^^^^^^^^^^^^^^^^^^^^^^^^^^^^^^^
  File "/gpfs/projects/imt526a/group1/youtube-movie-signals-project/scripts/extract_semantic_features.py", line 116, in build_prompt
    comments = record["texts"][:max_comments]
               ~~~~~~^^^^^^^^^
KeyError: 'texts'
2026-05-27 11:51:02,952 | INFO | [428] Processing movie_id=346672 batch_id=batch_428
2026-05-27 11:51:02,952 | ERROR | Error on line 428 (movie_id=346672): 'texts'
Traceback (most recent call last):
  File "/gpfs/projects/imt526a/group1/youtube-movie-signals-project/scripts/extract_semantic_features.py", line 278, in main
    system_prompt, user_msg, n_comments = build_prompt(record, args.max_comments_per_batch)
                                          ~~~~~~~~~~~~^^^^^^^^^^^^^^^^^^^^^^^^^^^^^^^^^^^^^
  File "/gpfs/projects/imt526a/group1/youtube-movie-signals-project/scripts/extract_semantic_features.py", line 116, in build_prompt
    comments = record["texts"][:max_comments]
               ~~~~~~^^^^^^^^^
KeyError: 'texts'
2026-05-27 11:51:02,959 | INFO | [429] Processing movie_id=526896 batch_id=batch_429
2026-05-27 11:51:02,959 | ERROR | Error on line 429 (movie_id=526896): 'texts'
Traceback (most recent call last):
  File "/gpfs/projects/imt526a/group1/youtube-movie-signals-project/scripts/extract_semantic_features.py", line 278, in main
    system_prompt, user_msg, n_comments = build_prompt(record, args.max_comments_per_batch)
                                          ~~~~~~~~~~~~^^^^^^^^^^^^^^^^^^^^^^^^^^^^^^^^^^^^^
  File "/gpfs/projects/imt526a/group1/youtube-movie-signals-project/scripts/extract_semantic_features.py", line 116, in build_prompt
    comments = record["texts"][:max_comments]
               ~~~~~~^^^^^^^^^
KeyError: 'texts'
2026-05-27 11:51:02,967 | INFO | [430] Processing movie_id=379149 batch_id=batch_430
2026-05-27 11:51:02,967 | ERROR | Error on line 430 (movie_id=379149): 'texts'
Traceback (most recent call last):
  File "/gpfs/projects/imt526a/group1/youtube-movie-signals-project/scripts/extract_semantic_features.py", line 278, in main
    system_prompt, user_msg, n_comments = build_prompt(record, args.max_comments_per_batch)
                                          ~~~~~~~~~~~~^^^^^^^^^^^^^^^^^^^^^^^^^^^^^^^^^^^^^
  File "/gpfs/projects/imt526a/group1/youtube-movie-signals-project/scripts/extract_semantic_features.py", line 116, in build_prompt
    comments = record["texts"][:max_comments]
               ~~~~~~^^^^^^^^^
KeyError: 'texts'
2026-05-27 11:51:02,970 | INFO | [431] Processing movie_id=399404 batch_id=batch_431
2026-05-27 11:51:02,970 | ERROR | Error on line 431 (movie_id=399404): 'texts'
Traceback (most recent call last):
  File "/gpfs/projects/imt526a/group1/youtube-movie-signals-project/scripts/extract_semantic_features.py", line 278, in main
    system_prompt, user_msg, n_comments = build_prompt(record, args.max_comments_per_batch)
                                          ~~~~~~~~~~~~^^^^^^^^^^^^^^^^^^^^^^^^^^^^^^^^^^^^^
  File "/gpfs/projects/imt526a/group1/youtube-movie-signals-project/scripts/extract_semantic_features.py", line 116, in build_prompt
    comments = record["texts"][:max_comments]
               ~~~~~~^^^^^^^^^
KeyError: 'texts'
2026-05-27 11:51:02,978 | INFO | [432] Processing movie_id=428078 batch_id=batch_432
2026-05-27 11:51:02,978 | ERROR | Error on line 432 (movie_id=428078): 'texts'
Traceback (most recent call last):
  File "/gpfs/projects/imt526a/group1/youtube-movie-signals-project/scripts/extract_semantic_features.py", line 278, in main
    system_prompt, user_msg, n_comments = build_prompt(record, args.max_comments_per_batch)
                                          ~~~~~~~~~~~~^^^^^^^^^^^^^^^^^^^^^^^^^^^^^^^^^^^^^
  File "/gpfs/projects/imt526a/group1/youtube-movie-signals-project/scripts/extract_semantic_features.py", line 116, in build_prompt
    comments = record["texts"][:max_comments]
               ~~~~~~^^^^^^^^^
KeyError: 'texts'
2026-05-27 11:51:02,980 | INFO | [433] Processing movie_id=840430 batch_id=batch_433
2026-05-27 11:51:02,980 | ERROR | Error on line 433 (movie_id=840430): 'texts'
Traceback (most recent call last):
  File "/gpfs/projects/imt526a/group1/youtube-movie-signals-project/scripts/extract_semantic_features.py", line 278, in main
    system_prompt, user_msg, n_comments = build_prompt(record, args.max_comments_per_batch)
                                          ~~~~~~~~~~~~^^^^^^^^^^^^^^^^^^^^^^^^^^^^^^^^^^^^^
  File "/gpfs/projects/imt526a/group1/youtube-movie-signals-project/scripts/extract_semantic_features.py", line 116, in build_prompt
    comments = record["texts"][:max_comments]
               ~~~~~~^^^^^^^^^
KeyError: 'texts'
2026-05-27 11:51:02,986 | INFO | [434] Processing movie_id=481848 batch_id=batch_434
2026-05-27 11:51:02,986 | ERROR | Error on line 434 (movie_id=481848): 'texts'
Traceback (most recent call last):
  File "/gpfs/projects/imt526a/group1/youtube-movie-signals-project/scripts/extract_semantic_features.py", line 278, in main
    system_prompt, user_msg, n_comments = build_prompt(record, args.max_comments_per_batch)
                                          ~~~~~~~~~~~~^^^^^^^^^^^^^^^^^^^^^^^^^^^^^^^^^^^^^
  File "/gpfs/projects/imt526a/group1/youtube-movie-signals-project/scripts/extract_semantic_features.py", line 116, in build_prompt
    comments = record["texts"][:max_comments]
               ~~~~~~^^^^^^^^^
KeyError: 'texts'
2026-05-27 11:51:02,989 | INFO | [435] Processing movie_id=296524 batch_id=batch_435
2026-05-27 11:51:02,989 | ERROR | Error on line 435 (movie_id=296524): 'texts'
Traceback (most recent call last):
  File "/gpfs/projects/imt526a/group1/youtube-movie-signals-project/scripts/extract_semantic_features.py", line 278, in main
    system_prompt, user_msg, n_comments = build_prompt(record, args.max_comments_per_batch)
                                          ~~~~~~~~~~~~^^^^^^^^^^^^^^^^^^^^^^^^^^^^^^^^^^^^^
  File "/gpfs/projects/imt526a/group1/youtube-movie-signals-project/scripts/extract_semantic_features.py", line 116, in build_prompt
    comments = record["texts"][:max_comments]
               ~~~~~~^^^^^^^^^
KeyError: 'texts'
2026-05-27 11:51:02,993 | INFO | [436] Processing movie_id=264644 batch_id=batch_436
2026-05-27 11:51:02,993 | ERROR | Error on line 436 (movie_id=264644): 'texts'
Traceback (most recent call last):
  File "/gpfs/projects/imt526a/group1/youtube-movie-signals-project/scripts/extract_semantic_features.py", line 278, in main
    system_prompt, user_msg, n_comments = build_prompt(record, args.max_comments_per_batch)
                                          ~~~~~~~~~~~~^^^^^^^^^^^^^^^^^^^^^^^^^^^^^^^^^^^^^
  File "/gpfs/projects/imt526a/group1/youtube-movie-signals-project/scripts/extract_semantic_features.py", line 116, in build_prompt
    comments = record["texts"][:max_comments]
               ~~~~~~^^^^^^^^^
KeyError: 'texts'
2026-05-27 11:51:02,997 | INFO | [437] Processing movie_id=955916 batch_id=batch_437
2026-05-27 11:51:02,997 | ERROR | Error on line 437 (movie_id=955916): 'texts'
Traceback (most recent call last):
  File "/gpfs/projects/imt526a/group1/youtube-movie-signals-project/scripts/extract_semantic_features.py", line 278, in main
    system_prompt, user_msg, n_comments = build_prompt(record, args.max_comments_per_batch)
                                          ~~~~~~~~~~~~^^^^^^^^^^^^^^^^^^^^^^^^^^^^^^^^^^^^^
  File "/gpfs/projects/imt526a/group1/youtube-movie-signals-project/scripts/extract_semantic_features.py", line 116, in build_prompt
    comments = record["texts"][:max_comments]
               ~~~~~~^^^^^^^^^
KeyError: 'texts'
2026-05-27 11:51:03,002 | INFO | [438] Processing movie_id=934632 batch_id=batch_438
2026-05-27 11:51:03,002 | ERROR | Error on line 438 (movie_id=934632): 'texts'
Traceback (most recent call last):
  File "/gpfs/projects/imt526a/group1/youtube-movie-signals-project/scripts/extract_semantic_features.py", line 278, in main
    system_prompt, user_msg, n_comments = build_prompt(record, args.max_comments_per_batch)
                                          ~~~~~~~~~~~~^^^^^^^^^^^^^^^^^^^^^^^^^^^^^^^^^^^^^
  File "/gpfs/projects/imt526a/group1/youtube-movie-signals-project/scripts/extract_semantic_features.py", line 116, in build_prompt
    comments = record["texts"][:max_comments]
               ~~~~~~^^^^^^^^^
KeyError: 'texts'
2026-05-27 11:51:03,005 | INFO | [439] Processing movie_id=446354 batch_id=batch_439
2026-05-27 11:51:03,005 | ERROR | Error on line 439 (movie_id=446354): 'texts'
Traceback (most recent call last):
  File "/gpfs/projects/imt526a/group1/youtube-movie-signals-project/scripts/extract_semantic_features.py", line 278, in main
    system_prompt, user_msg, n_comments = build_prompt(record, args.max_comments_per_batch)
                                          ~~~~~~~~~~~~^^^^^^^^^^^^^^^^^^^^^^^^^^^^^^^^^^^^^
  File "/gpfs/projects/imt526a/group1/youtube-movie-signals-project/scripts/extract_semantic_features.py", line 116, in build_prompt
    comments = record["texts"][:max_comments]
               ~~~~~~^^^^^^^^^
KeyError: 'texts'
2026-05-27 11:51:03,011 | INFO | [440] Processing movie_id=763285 batch_id=batch_440
2026-05-27 11:51:03,011 | ERROR | Error on line 440 (movie_id=763285): 'texts'
Traceback (most recent call last):
  File "/gpfs/projects/imt526a/group1/youtube-movie-signals-project/scripts/extract_semantic_features.py", line 278, in main
    system_prompt, user_msg, n_comments = build_prompt(record, args.max_comments_per_batch)
                                          ~~~~~~~~~~~~^^^^^^^^^^^^^^^^^^^^^^^^^^^^^^^^^^^^^
  File "/gpfs/projects/imt526a/group1/youtube-movie-signals-project/scripts/extract_semantic_features.py", line 116, in build_prompt
    comments = record["texts"][:max_comments]
               ~~~~~~^^^^^^^^^
KeyError: 'texts'
2026-05-27 11:51:03,017 | INFO | [441] Processing movie_id=1026436 batch_id=batch_441
2026-05-27 11:51:03,017 | ERROR | Error on line 441 (movie_id=1026436): 'texts'
Traceback (most recent call last):
  File "/gpfs/projects/imt526a/group1/youtube-movie-signals-project/scripts/extract_semantic_features.py", line 278, in main
    system_prompt, user_msg, n_comments = build_prompt(record, args.max_comments_per_batch)
                                          ~~~~~~~~~~~~^^^^^^^^^^^^^^^^^^^^^^^^^^^^^^^^^^^^^
  File "/gpfs/projects/imt526a/group1/youtube-movie-signals-project/scripts/extract_semantic_features.py", line 116, in build_prompt
    comments = record["texts"][:max_comments]
               ~~~~~~^^^^^^^^^
KeyError: 'texts'
2026-05-27 11:51:03,021 | INFO | [442] Processing movie_id=539681 batch_id=batch_442
2026-05-27 11:51:03,021 | ERROR | Error on line 442 (movie_id=539681): 'texts'
Traceback (most recent call last):
  File "/gpfs/projects/imt526a/group1/youtube-movie-signals-project/scripts/extract_semantic_features.py", line 278, in main
    system_prompt, user_msg, n_comments = build_prompt(record, args.max_comments_per_batch)
                                          ~~~~~~~~~~~~^^^^^^^^^^^^^^^^^^^^^^^^^^^^^^^^^^^^^
  File "/gpfs/projects/imt526a/group1/youtube-movie-signals-project/scripts/extract_semantic_features.py", line 116, in build_prompt
    comments = record["texts"][:max_comments]
               ~~~~~~^^^^^^^^^
KeyError: 'texts'
2026-05-27 11:51:03,032 | INFO | [443] Processing movie_id=166424 batch_id=batch_443
2026-05-27 11:51:03,032 | ERROR | Error on line 443 (movie_id=166424): 'texts'
Traceback (most recent call last):
  File "/gpfs/projects/imt526a/group1/youtube-movie-signals-project/scripts/extract_semantic_features.py", line 278, in main
    system_prompt, user_msg, n_comments = build_prompt(record, args.max_comments_per_batch)
                                          ~~~~~~~~~~~~^^^^^^^^^^^^^^^^^^^^^^^^^^^^^^^^^^^^^
  File "/gpfs/projects/imt526a/group1/youtube-movie-signals-project/scripts/extract_semantic_features.py", line 116, in build_prompt
    comments = record["texts"][:max_comments]
               ~~~~~~^^^^^^^^^
KeyError: 'texts'
2026-05-27 11:51:03,039 | INFO | [444] Processing movie_id=400106 batch_id=batch_444
2026-05-27 11:51:03,039 | ERROR | Error on line 444 (movie_id=400106): 'texts'
Traceback (most recent call last):
  File "/gpfs/projects/imt526a/group1/youtube-movie-signals-project/scripts/extract_semantic_features.py", line 278, in main
    system_prompt, user_msg, n_comments = build_prompt(record, args.max_comments_per_batch)
                                          ~~~~~~~~~~~~^^^^^^^^^^^^^^^^^^^^^^^^^^^^^^^^^^^^^
  File "/gpfs/projects/imt526a/group1/youtube-movie-signals-project/scripts/extract_semantic_features.py", line 116, in build_prompt
    comments = record["texts"][:max_comments]
               ~~~~~~^^^^^^^^^
KeyError: 'texts'
2026-05-27 11:51:03,047 | INFO | [445] Processing movie_id=850165 batch_id=batch_445
2026-05-27 11:51:03,047 | ERROR | Error on line 445 (movie_id=850165): 'texts'
Traceback (most recent call last):
  File "/gpfs/projects/imt526a/group1/youtube-movie-signals-project/scripts/extract_semantic_features.py", line 278, in main
    system_prompt, user_msg, n_comments = build_prompt(record, args.max_comments_per_batch)
                                          ~~~~~~~~~~~~^^^^^^^^^^^^^^^^^^^^^^^^^^^^^^^^^^^^^
  File "/gpfs/projects/imt526a/group1/youtube-movie-signals-project/scripts/extract_semantic_features.py", line 116, in build_prompt
    comments = record["texts"][:max_comments]
               ~~~~~~^^^^^^^^^
KeyError: 'texts'
2026-05-27 11:51:03,052 | INFO | [446] Processing movie_id=748230 batch_id=batch_446
2026-05-27 11:51:03,052 | ERROR | Error on line 446 (movie_id=748230): 'texts'
Traceback (most recent call last):
  File "/gpfs/projects/imt526a/group1/youtube-movie-signals-project/scripts/extract_semantic_features.py", line 278, in main
    system_prompt, user_msg, n_comments = build_prompt(record, args.max_comments_per_batch)
                                          ~~~~~~~~~~~~^^^^^^^^^^^^^^^^^^^^^^^^^^^^^^^^^^^^^
  File "/gpfs/projects/imt526a/group1/youtube-movie-signals-project/scripts/extract_semantic_features.py", line 116, in build_prompt
    comments = record["texts"][:max_comments]
               ~~~~~~^^^^^^^^^
KeyError: 'texts'
2026-05-27 11:51:03,057 | INFO | [447] Processing movie_id=507241 batch_id=batch_447
2026-05-27 11:51:03,057 | ERROR | Error on line 447 (movie_id=507241): 'texts'
Traceback (most recent call last):
  File "/gpfs/projects/imt526a/group1/youtube-movie-signals-project/scripts/extract_semantic_features.py", line 278, in main
    system_prompt, user_msg, n_comments = build_prompt(record, args.max_comments_per_batch)
                                          ~~~~~~~~~~~~^^^^^^^^^^^^^^^^^^^^^^^^^^^^^^^^^^^^^
  File "/gpfs/projects/imt526a/group1/youtube-movie-signals-project/scripts/extract_semantic_features.py", line 116, in build_prompt
    comments = record["texts"][:max_comments]
               ~~~~~~^^^^^^^^^
KeyError: 'texts'
2026-05-27 11:51:03,063 | INFO | [448] Processing movie_id=522681 batch_id=batch_448
2026-05-27 11:51:03,063 | ERROR | Error on line 448 (movie_id=522681): 'texts'
Traceback (most recent call last):
  File "/gpfs/projects/imt526a/group1/youtube-movie-signals-project/scripts/extract_semantic_features.py", line 278, in main
    system_prompt, user_msg, n_comments = build_prompt(record, args.max_comments_per_batch)
                                          ~~~~~~~~~~~~^^^^^^^^^^^^^^^^^^^^^^^^^^^^^^^^^^^^^
  File "/gpfs/projects/imt526a/group1/youtube-movie-signals-project/scripts/extract_semantic_features.py", line 116, in build_prompt
    comments = record["texts"][:max_comments]
               ~~~~~~^^^^^^^^^
KeyError: 'texts'
2026-05-27 11:51:03,067 | INFO | [449] Processing movie_id=345938 batch_id=batch_449
2026-05-27 11:51:03,067 | ERROR | Error on line 449 (movie_id=345938): 'texts'
Traceback (most recent call last):
  File "/gpfs/projects/imt526a/group1/youtube-movie-signals-project/scripts/extract_semantic_features.py", line 278, in main
    system_prompt, user_msg, n_comments = build_prompt(record, args.max_comments_per_batch)
                                          ~~~~~~~~~~~~^^^^^^^^^^^^^^^^^^^^^^^^^^^^^^^^^^^^^
  File "/gpfs/projects/imt526a/group1/youtube-movie-signals-project/scripts/extract_semantic_features.py", line 116, in build_prompt
    comments = record["texts"][:max_comments]
               ~~~~~~^^^^^^^^^
KeyError: 'texts'
2026-05-27 11:51:03,069 | INFO | [450] Processing movie_id=417261 batch_id=batch_450
2026-05-27 11:51:03,069 | ERROR | Error on line 450 (movie_id=417261): 'texts'
Traceback (most recent call last):
  File "/gpfs/projects/imt526a/group1/youtube-movie-signals-project/scripts/extract_semantic_features.py", line 278, in main
    system_prompt, user_msg, n_comments = build_prompt(record, args.max_comments_per_batch)
                                          ~~~~~~~~~~~~^^^^^^^^^^^^^^^^^^^^^^^^^^^^^^^^^^^^^
  File "/gpfs/projects/imt526a/group1/youtube-movie-signals-project/scripts/extract_semantic_features.py", line 116, in build_prompt
    comments = record["texts"][:max_comments]
               ~~~~~~^^^^^^^^^
KeyError: 'texts'
2026-05-27 11:51:03,074 | INFO | [451] Processing movie_id=301337 batch_id=batch_451
2026-05-27 11:51:03,074 | ERROR | Error on line 451 (movie_id=301337): 'texts'
Traceback (most recent call last):
  File "/gpfs/projects/imt526a/group1/youtube-movie-signals-project/scripts/extract_semantic_features.py", line 278, in main
    system_prompt, user_msg, n_comments = build_prompt(record, args.max_comments_per_batch)
                                          ~~~~~~~~~~~~^^^^^^^^^^^^^^^^^^^^^^^^^^^^^^^^^^^^^
  File "/gpfs/projects/imt526a/group1/youtube-movie-signals-project/scripts/extract_semantic_features.py", line 116, in build_prompt
    comments = record["texts"][:max_comments]
               ~~~~~~^^^^^^^^^
KeyError: 'texts'
2026-05-27 11:51:03,080 | INFO | [452] Processing movie_id=555604 batch_id=batch_452
2026-05-27 11:51:03,080 | ERROR | Error on line 452 (movie_id=555604): 'texts'
Traceback (most recent call last):
  File "/gpfs/projects/imt526a/group1/youtube-movie-signals-project/scripts/extract_semantic_features.py", line 278, in main
    system_prompt, user_msg, n_comments = build_prompt(record, args.max_comments_per_batch)
                                          ~~~~~~~~~~~~^^^^^^^^^^^^^^^^^^^^^^^^^^^^^^^^^^^^^
  File "/gpfs/projects/imt526a/group1/youtube-movie-signals-project/scripts/extract_semantic_features.py", line 116, in build_prompt
    comments = record["texts"][:max_comments]
               ~~~~~~^^^^^^^^^
KeyError: 'texts'
2026-05-27 11:51:03,083 | INFO | [453] Processing movie_id=482321 batch_id=batch_453
2026-05-27 11:51:03,083 | ERROR | Error on line 453 (movie_id=482321): 'texts'
Traceback (most recent call last):
  File "/gpfs/projects/imt526a/group1/youtube-movie-signals-project/scripts/extract_semantic_features.py", line 278, in main
    system_prompt, user_msg, n_comments = build_prompt(record, args.max_comments_per_batch)
                                          ~~~~~~~~~~~~^^^^^^^^^^^^^^^^^^^^^^^^^^^^^^^^^^^^^
  File "/gpfs/projects/imt526a/group1/youtube-movie-signals-project/scripts/extract_semantic_features.py", line 116, in build_prompt
    comments = record["texts"][:max_comments]
               ~~~~~~^^^^^^^^^
KeyError: 'texts'
2026-05-27 11:51:03,086 | INFO | [454] Processing movie_id=585216 batch_id=batch_454
2026-05-27 11:51:03,086 | ERROR | Error on line 454 (movie_id=585216): 'texts'
Traceback (most recent call last):
  File "/gpfs/projects/imt526a/group1/youtube-movie-signals-project/scripts/extract_semantic_features.py", line 278, in main
    system_prompt, user_msg, n_comments = build_prompt(record, args.max_comments_per_batch)
                                          ~~~~~~~~~~~~^^^^^^^^^^^^^^^^^^^^^^^^^^^^^^^^^^^^^
  File "/gpfs/projects/imt526a/group1/youtube-movie-signals-project/scripts/extract_semantic_features.py", line 116, in build_prompt
    comments = record["texts"][:max_comments]
               ~~~~~~^^^^^^^^^
KeyError: 'texts'
2026-05-27 11:51:03,094 | INFO | [455] Processing movie_id=424139 batch_id=batch_455
2026-05-27 11:51:03,094 | ERROR | Error on line 455 (movie_id=424139): 'texts'
Traceback (most recent call last):
  File "/gpfs/projects/imt526a/group1/youtube-movie-signals-project/scripts/extract_semantic_features.py", line 278, in main
    system_prompt, user_msg, n_comments = build_prompt(record, args.max_comments_per_batch)
                                          ~~~~~~~~~~~~^^^^^^^^^^^^^^^^^^^^^^^^^^^^^^^^^^^^^
  File "/gpfs/projects/imt526a/group1/youtube-movie-signals-project/scripts/extract_semantic_features.py", line 116, in build_prompt
    comments = record["texts"][:max_comments]
               ~~~~~~^^^^^^^^^
KeyError: 'texts'
2026-05-27 11:51:03,096 | INFO | [456] Processing movie_id=334533 batch_id=batch_456
2026-05-27 11:51:03,096 | ERROR | Error on line 456 (movie_id=334533): 'texts'
Traceback (most recent call last):
  File "/gpfs/projects/imt526a/group1/youtube-movie-signals-project/scripts/extract_semantic_features.py", line 278, in main
    system_prompt, user_msg, n_comments = build_prompt(record, args.max_comments_per_batch)
                                          ~~~~~~~~~~~~^^^^^^^^^^^^^^^^^^^^^^^^^^^^^^^^^^^^^
  File "/gpfs/projects/imt526a/group1/youtube-movie-signals-project/scripts/extract_semantic_features.py", line 116, in build_prompt
    comments = record["texts"][:max_comments]
               ~~~~~~^^^^^^^^^
KeyError: 'texts'
2026-05-27 11:51:03,102 | INFO | [457] Processing movie_id=556694 batch_id=batch_457
2026-05-27 11:51:03,102 | ERROR | Error on line 457 (movie_id=556694): 'texts'
Traceback (most recent call last):
  File "/gpfs/projects/imt526a/group1/youtube-movie-signals-project/scripts/extract_semantic_features.py", line 278, in main
    system_prompt, user_msg, n_comments = build_prompt(record, args.max_comments_per_batch)
                                          ~~~~~~~~~~~~^^^^^^^^^^^^^^^^^^^^^^^^^^^^^^^^^^^^^
  File "/gpfs/projects/imt526a/group1/youtube-movie-signals-project/scripts/extract_semantic_features.py", line 116, in build_prompt
    comments = record["texts"][:max_comments]
               ~~~~~~^^^^^^^^^
KeyError: 'texts'
2026-05-27 11:51:03,111 | INFO | [458] Processing movie_id=616820 batch_id=batch_458
2026-05-27 11:51:03,111 | ERROR | Error on line 458 (movie_id=616820): 'texts'
Traceback (most recent call last):
  File "/gpfs/projects/imt526a/group1/youtube-movie-signals-project/scripts/extract_semantic_features.py", line 278, in main
    system_prompt, user_msg, n_comments = build_prompt(record, args.max_comments_per_batch)
                                          ~~~~~~~~~~~~^^^^^^^^^^^^^^^^^^^^^^^^^^^^^^^^^^^^^
  File "/gpfs/projects/imt526a/group1/youtube-movie-signals-project/scripts/extract_semantic_features.py", line 116, in build_prompt
    comments = record["texts"][:max_comments]
               ~~~~~~^^^^^^^^^
KeyError: 'texts'
2026-05-27 11:51:03,119 | INFO | [459] Processing movie_id=758323 batch_id=batch_459
2026-05-27 11:51:03,119 | ERROR | Error on line 459 (movie_id=758323): 'texts'
Traceback (most recent call last):
  File "/gpfs/projects/imt526a/group1/youtube-movie-signals-project/scripts/extract_semantic_features.py", line 278, in main
    system_prompt, user_msg, n_comments = build_prompt(record, args.max_comments_per_batch)
                                          ~~~~~~~~~~~~^^^^^^^^^^^^^^^^^^^^^^^^^^^^^^^^^^^^^
  File "/gpfs/projects/imt526a/group1/youtube-movie-signals-project/scripts/extract_semantic_features.py", line 116, in build_prompt
    comments = record["texts"][:max_comments]
               ~~~~~~^^^^^^^^^
KeyError: 'texts'
2026-05-27 11:51:03,126 | INFO | [460] Processing movie_id=645886 batch_id=batch_460
2026-05-27 11:51:03,126 | ERROR | Error on line 460 (movie_id=645886): 'texts'
Traceback (most recent call last):
  File "/gpfs/projects/imt526a/group1/youtube-movie-signals-project/scripts/extract_semantic_features.py", line 278, in main
    system_prompt, user_msg, n_comments = build_prompt(record, args.max_comments_per_batch)
                                          ~~~~~~~~~~~~^^^^^^^^^^^^^^^^^^^^^^^^^^^^^^^^^^^^^
  File "/gpfs/projects/imt526a/group1/youtube-movie-signals-project/scripts/extract_semantic_features.py", line 116, in build_prompt
    comments = record["texts"][:max_comments]
               ~~~~~~^^^^^^^^^
KeyError: 'texts'
2026-05-27 11:51:03,132 | INFO | [461] Processing movie_id=719221 batch_id=batch_461
2026-05-27 11:51:03,132 | ERROR | Error on line 461 (movie_id=719221): 'texts'
Traceback (most recent call last):
  File "/gpfs/projects/imt526a/group1/youtube-movie-signals-project/scripts/extract_semantic_features.py", line 278, in main
    system_prompt, user_msg, n_comments = build_prompt(record, args.max_comments_per_batch)
                                          ~~~~~~~~~~~~^^^^^^^^^^^^^^^^^^^^^^^^^^^^^^^^^^^^^
  File "/gpfs/projects/imt526a/group1/youtube-movie-signals-project/scripts/extract_semantic_features.py", line 116, in build_prompt
    comments = record["texts"][:max_comments]
               ~~~~~~^^^^^^^^^
KeyError: 'texts'
2026-05-27 11:51:03,134 | INFO | [462] Processing movie_id=945729 batch_id=batch_462
2026-05-27 11:51:03,134 | ERROR | Error on line 462 (movie_id=945729): 'texts'
Traceback (most recent call last):
  File "/gpfs/projects/imt526a/group1/youtube-movie-signals-project/scripts/extract_semantic_features.py", line 278, in main
    system_prompt, user_msg, n_comments = build_prompt(record, args.max_comments_per_batch)
                                          ~~~~~~~~~~~~^^^^^^^^^^^^^^^^^^^^^^^^^^^^^^^^^^^^^
  File "/gpfs/projects/imt526a/group1/youtube-movie-signals-project/scripts/extract_semantic_features.py", line 116, in build_prompt
    comments = record["texts"][:max_comments]
               ~~~~~~^^^^^^^^^
KeyError: 'texts'
2026-05-27 11:51:03,138 | INFO | [463] Processing movie_id=68730 batch_id=batch_463
2026-05-27 11:51:03,138 | ERROR | Error on line 463 (movie_id=68730): 'texts'
Traceback (most recent call last):
  File "/gpfs/projects/imt526a/group1/youtube-movie-signals-project/scripts/extract_semantic_features.py", line 278, in main
    system_prompt, user_msg, n_comments = build_prompt(record, args.max_comments_per_batch)
                                          ~~~~~~~~~~~~^^^^^^^^^^^^^^^^^^^^^^^^^^^^^^^^^^^^^
  File "/gpfs/projects/imt526a/group1/youtube-movie-signals-project/scripts/extract_semantic_features.py", line 116, in build_prompt
    comments = record["texts"][:max_comments]
               ~~~~~~^^^^^^^^^
KeyError: 'texts'
2026-05-27 11:51:03,140 | INFO | [464] Processing movie_id=376659 batch_id=batch_464
2026-05-27 11:51:03,140 | ERROR | Error on line 464 (movie_id=376659): 'texts'
Traceback (most recent call last):
  File "/gpfs/projects/imt526a/group1/youtube-movie-signals-project/scripts/extract_semantic_features.py", line 278, in main
    system_prompt, user_msg, n_comments = build_prompt(record, args.max_comments_per_batch)
                                          ~~~~~~~~~~~~^^^^^^^^^^^^^^^^^^^^^^^^^^^^^^^^^^^^^
  File "/gpfs/projects/imt526a/group1/youtube-movie-signals-project/scripts/extract_semantic_features.py", line 116, in build_prompt
    comments = record["texts"][:max_comments]
               ~~~~~~^^^^^^^^^
KeyError: 'texts'
2026-05-27 11:51:03,143 | INFO | [465] Processing movie_id=440471 batch_id=batch_465
2026-05-27 11:51:03,144 | ERROR | Error on line 465 (movie_id=440471): 'texts'
Traceback (most recent call last):
  File "/gpfs/projects/imt526a/group1/youtube-movie-signals-project/scripts/extract_semantic_features.py", line 278, in main
    system_prompt, user_msg, n_comments = build_prompt(record, args.max_comments_per_batch)
                                          ~~~~~~~~~~~~^^^^^^^^^^^^^^^^^^^^^^^^^^^^^^^^^^^^^
  File "/gpfs/projects/imt526a/group1/youtube-movie-signals-project/scripts/extract_semantic_features.py", line 116, in build_prompt
    comments = record["texts"][:max_comments]
               ~~~~~~^^^^^^^^^
KeyError: 'texts'
2026-05-27 11:51:03,150 | INFO | [466] Processing movie_id=257445 batch_id=batch_466
2026-05-27 11:51:03,150 | ERROR | Error on line 466 (movie_id=257445): 'texts'
Traceback (most recent call last):
  File "/gpfs/projects/imt526a/group1/youtube-movie-signals-project/scripts/extract_semantic_features.py", line 278, in main
    system_prompt, user_msg, n_comments = build_prompt(record, args.max_comments_per_batch)
                                          ~~~~~~~~~~~~^^^^^^^^^^^^^^^^^^^^^^^^^^^^^^^^^^^^^
  File "/gpfs/projects/imt526a/group1/youtube-movie-signals-project/scripts/extract_semantic_features.py", line 116, in build_prompt
    comments = record["texts"][:max_comments]
               ~~~~~~^^^^^^^^^
KeyError: 'texts'
2026-05-27 11:51:03,152 | INFO | [467] Processing movie_id=648579 batch_id=batch_467
2026-05-27 11:51:03,152 | ERROR | Error on line 467 (movie_id=648579): 'texts'
Traceback (most recent call last):
  File "/gpfs/projects/imt526a/group1/youtube-movie-signals-project/scripts/extract_semantic_features.py", line 278, in main
    system_prompt, user_msg, n_comments = build_prompt(record, args.max_comments_per_batch)
                                          ~~~~~~~~~~~~^^^^^^^^^^^^^^^^^^^^^^^^^^^^^^^^^^^^^
  File "/gpfs/projects/imt526a/group1/youtube-movie-signals-project/scripts/extract_semantic_features.py", line 116, in build_prompt
    comments = record["texts"][:max_comments]
               ~~~~~~^^^^^^^^^
KeyError: 'texts'
2026-05-27 11:51:03,159 | INFO | [468] Processing movie_id=438799 batch_id=batch_468
2026-05-27 11:51:03,160 | ERROR | Error on line 468 (movie_id=438799): 'texts'
Traceback (most recent call last):
  File "/gpfs/projects/imt526a/group1/youtube-movie-signals-project/scripts/extract_semantic_features.py", line 278, in main
    system_prompt, user_msg, n_comments = build_prompt(record, args.max_comments_per_batch)
                                          ~~~~~~~~~~~~^^^^^^^^^^^^^^^^^^^^^^^^^^^^^^^^^^^^^
  File "/gpfs/projects/imt526a/group1/youtube-movie-signals-project/scripts/extract_semantic_features.py", line 116, in build_prompt
    comments = record["texts"][:max_comments]
               ~~~~~~^^^^^^^^^
KeyError: 'texts'
2026-05-27 11:51:03,165 | INFO | [469] Processing movie_id=961323 batch_id=batch_469
2026-05-27 11:51:03,165 | ERROR | Error on line 469 (movie_id=961323): 'texts'
Traceback (most recent call last):
  File "/gpfs/projects/imt526a/group1/youtube-movie-signals-project/scripts/extract_semantic_features.py", line 278, in main
    system_prompt, user_msg, n_comments = build_prompt(record, args.max_comments_per_batch)
                                          ~~~~~~~~~~~~^^^^^^^^^^^^^^^^^^^^^^^^^^^^^^^^^^^^^
  File "/gpfs/projects/imt526a/group1/youtube-movie-signals-project/scripts/extract_semantic_features.py", line 116, in build_prompt
    comments = record["texts"][:max_comments]
               ~~~~~~^^^^^^^^^
KeyError: 'texts'
2026-05-27 11:51:03,167 | INFO | [470] Processing movie_id=395991 batch_id=batch_470
2026-05-27 11:51:03,167 | ERROR | Error on line 470 (movie_id=395991): 'texts'
Traceback (most recent call last):
  File "/gpfs/projects/imt526a/group1/youtube-movie-signals-project/scripts/extract_semantic_features.py", line 278, in main
    system_prompt, user_msg, n_comments = build_prompt(record, args.max_comments_per_batch)
                                          ~~~~~~~~~~~~^^^^^^^^^^^^^^^^^^^^^^^^^^^^^^^^^^^^^
  File "/gpfs/projects/imt526a/group1/youtube-movie-signals-project/scripts/extract_semantic_features.py", line 116, in build_prompt
    comments = record["texts"][:max_comments]
               ~~~~~~^^^^^^^^^
KeyError: 'texts'
2026-05-27 11:51:03,174 | INFO | [471] Processing movie_id=338762 batch_id=batch_471
2026-05-27 11:51:03,174 | ERROR | Error on line 471 (movie_id=338762): 'texts'
Traceback (most recent call last):
  File "/gpfs/projects/imt526a/group1/youtube-movie-signals-project/scripts/extract_semantic_features.py", line 278, in main
    system_prompt, user_msg, n_comments = build_prompt(record, args.max_comments_per_batch)
                                          ~~~~~~~~~~~~^^^^^^^^^^^^^^^^^^^^^^^^^^^^^^^^^^^^^
  File "/gpfs/projects/imt526a/group1/youtube-movie-signals-project/scripts/extract_semantic_features.py", line 116, in build_prompt
    comments = record["texts"][:max_comments]
               ~~~~~~^^^^^^^^^
KeyError: 'texts'
2026-05-27 11:51:03,176 | INFO | [472] Processing movie_id=787752 batch_id=batch_472
2026-05-27 11:51:03,176 | ERROR | Error on line 472 (movie_id=787752): 'texts'
Traceback (most recent call last):
  File "/gpfs/projects/imt526a/group1/youtube-movie-signals-project/scripts/extract_semantic_features.py", line 278, in main
    system_prompt, user_msg, n_comments = build_prompt(record, args.max_comments_per_batch)
                                          ~~~~~~~~~~~~^^^^^^^^^^^^^^^^^^^^^^^^^^^^^^^^^^^^^
  File "/gpfs/projects/imt526a/group1/youtube-movie-signals-project/scripts/extract_semantic_features.py", line 116, in build_prompt
    comments = record["texts"][:max_comments]
               ~~~~~~^^^^^^^^^
KeyError: 'texts'
2026-05-27 11:51:03,183 | INFO | [473] Processing movie_id=280217 batch_id=batch_473
2026-05-27 11:51:03,183 | ERROR | Error on line 473 (movie_id=280217): 'texts'
Traceback (most recent call last):
  File "/gpfs/projects/imt526a/group1/youtube-movie-signals-project/scripts/extract_semantic_features.py", line 278, in main
    system_prompt, user_msg, n_comments = build_prompt(record, args.max_comments_per_batch)
                                          ~~~~~~~~~~~~^^^^^^^^^^^^^^^^^^^^^^^^^^^^^^^^^^^^^
  File "/gpfs/projects/imt526a/group1/youtube-movie-signals-project/scripts/extract_semantic_features.py", line 116, in build_prompt
    comments = record["texts"][:max_comments]
               ~~~~~~^^^^^^^^^
KeyError: 'texts'
2026-05-27 11:51:03,185 | INFO | [474] Processing movie_id=262504 batch_id=batch_474
2026-05-27 11:51:03,185 | ERROR | Error on line 474 (movie_id=262504): 'texts'
Traceback (most recent call last):
  File "/gpfs/projects/imt526a/group1/youtube-movie-signals-project/scripts/extract_semantic_features.py", line 278, in main
    system_prompt, user_msg, n_comments = build_prompt(record, args.max_comments_per_batch)
                                          ~~~~~~~~~~~~^^^^^^^^^^^^^^^^^^^^^^^^^^^^^^^^^^^^^
  File "/gpfs/projects/imt526a/group1/youtube-movie-signals-project/scripts/extract_semantic_features.py", line 116, in build_prompt
    comments = record["texts"][:max_comments]
               ~~~~~~^^^^^^^^^
KeyError: 'texts'
2026-05-27 11:51:03,190 | INFO | [475] Processing movie_id=618344 batch_id=batch_475
2026-05-27 11:51:03,190 | ERROR | Error on line 475 (movie_id=618344): 'texts'
Traceback (most recent call last):
  File "/gpfs/projects/imt526a/group1/youtube-movie-signals-project/scripts/extract_semantic_features.py", line 278, in main
    system_prompt, user_msg, n_comments = build_prompt(record, args.max_comments_per_batch)
                                          ~~~~~~~~~~~~^^^^^^^^^^^^^^^^^^^^^^^^^^^^^^^^^^^^^
  File "/gpfs/projects/imt526a/group1/youtube-movie-signals-project/scripts/extract_semantic_features.py", line 116, in build_prompt
    comments = record["texts"][:max_comments]
               ~~~~~~^^^^^^^^^
KeyError: 'texts'
2026-05-27 11:51:03,193 | INFO | [476] Processing movie_id=1086747 batch_id=batch_476
2026-05-27 11:51:03,193 | ERROR | Error on line 476 (movie_id=1086747): 'texts'
Traceback (most recent call last):
  File "/gpfs/projects/imt526a/group1/youtube-movie-signals-project/scripts/extract_semantic_features.py", line 278, in main
    system_prompt, user_msg, n_comments = build_prompt(record, args.max_comments_per_batch)
                                          ~~~~~~~~~~~~^^^^^^^^^^^^^^^^^^^^^^^^^^^^^^^^^^^^^
  File "/gpfs/projects/imt526a/group1/youtube-movie-signals-project/scripts/extract_semantic_features.py", line 116, in build_prompt
    comments = record["texts"][:max_comments]
               ~~~~~~^^^^^^^^^
KeyError: 'texts'
2026-05-27 11:51:03,201 | INFO | [477] Processing movie_id=338952 batch_id=batch_477
2026-05-27 11:51:03,201 | ERROR | Error on line 477 (movie_id=338952): 'texts'
Traceback (most recent call last):
  File "/gpfs/projects/imt526a/group1/youtube-movie-signals-project/scripts/extract_semantic_features.py", line 278, in main
    system_prompt, user_msg, n_comments = build_prompt(record, args.max_comments_per_batch)
                                          ~~~~~~~~~~~~^^^^^^^^^^^^^^^^^^^^^^^^^^^^^^^^^^^^^
  File "/gpfs/projects/imt526a/group1/youtube-movie-signals-project/scripts/extract_semantic_features.py", line 116, in build_prompt
    comments = record["texts"][:max_comments]
               ~~~~~~^^^^^^^^^
KeyError: 'texts'
2026-05-27 11:51:03,208 | INFO | [478] Processing movie_id=379686 batch_id=batch_478
2026-05-27 11:51:03,208 | ERROR | Error on line 478 (movie_id=379686): 'texts'
Traceback (most recent call last):
  File "/gpfs/projects/imt526a/group1/youtube-movie-signals-project/scripts/extract_semantic_features.py", line 278, in main
    system_prompt, user_msg, n_comments = build_prompt(record, args.max_comments_per_batch)
                                          ~~~~~~~~~~~~^^^^^^^^^^^^^^^^^^^^^^^^^^^^^^^^^^^^^
  File "/gpfs/projects/imt526a/group1/youtube-movie-signals-project/scripts/extract_semantic_features.py", line 116, in build_prompt
    comments = record["texts"][:max_comments]
               ~~~~~~^^^^^^^^^
KeyError: 'texts'
2026-05-27 11:51:03,214 | INFO | [479] Processing movie_id=406563 batch_id=batch_479
2026-05-27 11:51:03,214 | ERROR | Error on line 479 (movie_id=406563): 'texts'
Traceback (most recent call last):
  File "/gpfs/projects/imt526a/group1/youtube-movie-signals-project/scripts/extract_semantic_features.py", line 278, in main
    system_prompt, user_msg, n_comments = build_prompt(record, args.max_comments_per_batch)
                                          ~~~~~~~~~~~~^^^^^^^^^^^^^^^^^^^^^^^^^^^^^^^^^^^^^
  File "/gpfs/projects/imt526a/group1/youtube-movie-signals-project/scripts/extract_semantic_features.py", line 116, in build_prompt
    comments = record["texts"][:max_comments]
               ~~~~~~^^^^^^^^^
KeyError: 'texts'
2026-05-27 11:51:03,217 | INFO | [480] Processing movie_id=399170 batch_id=batch_480
2026-05-27 11:51:03,217 | ERROR | Error on line 480 (movie_id=399170): 'texts'
Traceback (most recent call last):
  File "/gpfs/projects/imt526a/group1/youtube-movie-signals-project/scripts/extract_semantic_features.py", line 278, in main
    system_prompt, user_msg, n_comments = build_prompt(record, args.max_comments_per_batch)
                                          ~~~~~~~~~~~~^^^^^^^^^^^^^^^^^^^^^^^^^^^^^^^^^^^^^
  File "/gpfs/projects/imt526a/group1/youtube-movie-signals-project/scripts/extract_semantic_features.py", line 116, in build_prompt
    comments = record["texts"][:max_comments]
               ~~~~~~^^^^^^^^^
KeyError: 'texts'
2026-05-27 11:51:03,225 | INFO | [481] Processing movie_id=458897 batch_id=batch_481
2026-05-27 11:51:03,225 | ERROR | Error on line 481 (movie_id=458897): 'texts'
Traceback (most recent call last):
  File "/gpfs/projects/imt526a/group1/youtube-movie-signals-project/scripts/extract_semantic_features.py", line 278, in main
    system_prompt, user_msg, n_comments = build_prompt(record, args.max_comments_per_batch)
                                          ~~~~~~~~~~~~^^^^^^^^^^^^^^^^^^^^^^^^^^^^^^^^^^^^^
  File "/gpfs/projects/imt526a/group1/youtube-movie-signals-project/scripts/extract_semantic_features.py", line 116, in build_prompt
    comments = record["texts"][:max_comments]
               ~~~~~~^^^^^^^^^
KeyError: 'texts'
2026-05-27 11:51:03,227 | INFO | [482] Processing movie_id=568620 batch_id=batch_482
2026-05-27 11:51:03,227 | ERROR | Error on line 482 (movie_id=568620): 'texts'
Traceback (most recent call last):
  File "/gpfs/projects/imt526a/group1/youtube-movie-signals-project/scripts/extract_semantic_features.py", line 278, in main
    system_prompt, user_msg, n_comments = build_prompt(record, args.max_comments_per_batch)
                                          ~~~~~~~~~~~~^^^^^^^^^^^^^^^^^^^^^^^^^^^^^^^^^^^^^
  File "/gpfs/projects/imt526a/group1/youtube-movie-signals-project/scripts/extract_semantic_features.py", line 116, in build_prompt
    comments = record["texts"][:max_comments]
               ~~~~~~^^^^^^^^^
KeyError: 'texts'
2026-05-27 11:51:03,234 | INFO | [483] Processing movie_id=332567 batch_id=batch_483
2026-05-27 11:51:03,234 | ERROR | Error on line 483 (movie_id=332567): 'texts'
Traceback (most recent call last):
  File "/gpfs/projects/imt526a/group1/youtube-movie-signals-project/scripts/extract_semantic_features.py", line 278, in main
    system_prompt, user_msg, n_comments = build_prompt(record, args.max_comments_per_batch)
                                          ~~~~~~~~~~~~^^^^^^^^^^^^^^^^^^^^^^^^^^^^^^^^^^^^^
  File "/gpfs/projects/imt526a/group1/youtube-movie-signals-project/scripts/extract_semantic_features.py", line 116, in build_prompt
    comments = record["texts"][:max_comments]
               ~~~~~~^^^^^^^^^
KeyError: 'texts'
2026-05-27 11:51:03,237 | INFO | [484] Processing movie_id=576845 batch_id=batch_484
2026-05-27 11:51:03,237 | ERROR | Error on line 484 (movie_id=576845): 'texts'
Traceback (most recent call last):
  File "/gpfs/projects/imt526a/group1/youtube-movie-signals-project/scripts/extract_semantic_features.py", line 278, in main
    system_prompt, user_msg, n_comments = build_prompt(record, args.max_comments_per_batch)
                                          ~~~~~~~~~~~~^^^^^^^^^^^^^^^^^^^^^^^^^^^^^^^^^^^^^
  File "/gpfs/projects/imt526a/group1/youtube-movie-signals-project/scripts/extract_semantic_features.py", line 116, in build_prompt
    comments = record["texts"][:max_comments]
               ~~~~~~^^^^^^^^^
KeyError: 'texts'
2026-05-27 11:51:03,238 | INFO | [485] Processing movie_id=295964 batch_id=batch_485
2026-05-27 11:51:03,238 | ERROR | Error on line 485 (movie_id=295964): 'texts'
Traceback (most recent call last):
  File "/gpfs/projects/imt526a/group1/youtube-movie-signals-project/scripts/extract_semantic_features.py", line 278, in main
    system_prompt, user_msg, n_comments = build_prompt(record, args.max_comments_per_batch)
                                          ~~~~~~~~~~~~^^^^^^^^^^^^^^^^^^^^^^^^^^^^^^^^^^^^^
  File "/gpfs/projects/imt526a/group1/youtube-movie-signals-project/scripts/extract_semantic_features.py", line 116, in build_prompt
    comments = record["texts"][:max_comments]
               ~~~~~~^^^^^^^^^
KeyError: 'texts'
2026-05-27 11:51:03,246 | INFO | [486] Processing movie_id=302401 batch_id=batch_486
2026-05-27 11:51:03,246 | ERROR | Error on line 486 (movie_id=302401): 'texts'
Traceback (most recent call last):
  File "/gpfs/projects/imt526a/group1/youtube-movie-signals-project/scripts/extract_semantic_features.py", line 278, in main
    system_prompt, user_msg, n_comments = build_prompt(record, args.max_comments_per_batch)
                                          ~~~~~~~~~~~~^^^^^^^^^^^^^^^^^^^^^^^^^^^^^^^^^^^^^
  File "/gpfs/projects/imt526a/group1/youtube-movie-signals-project/scripts/extract_semantic_features.py", line 116, in build_prompt
    comments = record["texts"][:max_comments]
               ~~~~~~^^^^^^^^^
KeyError: 'texts'
2026-05-27 11:51:03,251 | INFO | [487] Processing movie_id=704239 batch_id=batch_487
2026-05-27 11:51:03,251 | ERROR | Error on line 487 (movie_id=704239): 'texts'
Traceback (most recent call last):
  File "/gpfs/projects/imt526a/group1/youtube-movie-signals-project/scripts/extract_semantic_features.py", line 278, in main
    system_prompt, user_msg, n_comments = build_prompt(record, args.max_comments_per_batch)
                                          ~~~~~~~~~~~~^^^^^^^^^^^^^^^^^^^^^^^^^^^^^^^^^^^^^
  File "/gpfs/projects/imt526a/group1/youtube-movie-signals-project/scripts/extract_semantic_features.py", line 116, in build_prompt
    comments = record["texts"][:max_comments]
               ~~~~~~^^^^^^^^^
KeyError: 'texts'
2026-05-27 11:51:03,253 | INFO | [488] Processing movie_id=534490 batch_id=batch_488
2026-05-27 11:51:03,253 | ERROR | Error on line 488 (movie_id=534490): 'texts'
Traceback (most recent call last):
  File "/gpfs/projects/imt526a/group1/youtube-movie-signals-project/scripts/extract_semantic_features.py", line 278, in main
    system_prompt, user_msg, n_comments = build_prompt(record, args.max_comments_per_batch)
                                          ~~~~~~~~~~~~^^^^^^^^^^^^^^^^^^^^^^^^^^^^^^^^^^^^^
  File "/gpfs/projects/imt526a/group1/youtube-movie-signals-project/scripts/extract_semantic_features.py", line 116, in build_prompt
    comments = record["texts"][:max_comments]
               ~~~~~~^^^^^^^^^
KeyError: 'texts'
2026-05-27 11:51:03,259 | INFO | [489] Processing movie_id=399360 batch_id=batch_489
2026-05-27 11:51:03,259 | ERROR | Error on line 489 (movie_id=399360): 'texts'
Traceback (most recent call last):
  File "/gpfs/projects/imt526a/group1/youtube-movie-signals-project/scripts/extract_semantic_features.py", line 278, in main
    system_prompt, user_msg, n_comments = build_prompt(record, args.max_comments_per_batch)
                                          ~~~~~~~~~~~~^^^^^^^^^^^^^^^^^^^^^^^^^^^^^^^^^^^^^
  File "/gpfs/projects/imt526a/group1/youtube-movie-signals-project/scripts/extract_semantic_features.py", line 116, in build_prompt
    comments = record["texts"][:max_comments]
               ~~~~~~^^^^^^^^^
KeyError: 'texts'
2026-05-27 11:51:03,264 | INFO | [490] Processing movie_id=567189 batch_id=batch_490
2026-05-27 11:51:03,264 | ERROR | Error on line 490 (movie_id=567189): 'texts'
Traceback (most recent call last):
  File "/gpfs/projects/imt526a/group1/youtube-movie-signals-project/scripts/extract_semantic_features.py", line 278, in main
    system_prompt, user_msg, n_comments = build_prompt(record, args.max_comments_per_batch)
                                          ~~~~~~~~~~~~^^^^^^^^^^^^^^^^^^^^^^^^^^^^^^^^^^^^^
  File "/gpfs/projects/imt526a/group1/youtube-movie-signals-project/scripts/extract_semantic_features.py", line 116, in build_prompt
    comments = record["texts"][:max_comments]
               ~~~~~~^^^^^^^^^
KeyError: 'texts'
2026-05-27 11:51:03,269 | INFO | [491] Processing movie_id=376570 batch_id=batch_491
2026-05-27 11:51:03,269 | ERROR | Error on line 491 (movie_id=376570): 'texts'
Traceback (most recent call last):
  File "/gpfs/projects/imt526a/group1/youtube-movie-signals-project/scripts/extract_semantic_features.py", line 278, in main
    system_prompt, user_msg, n_comments = build_prompt(record, args.max_comments_per_batch)
                                          ~~~~~~~~~~~~^^^^^^^^^^^^^^^^^^^^^^^^^^^^^^^^^^^^^
  File "/gpfs/projects/imt526a/group1/youtube-movie-signals-project/scripts/extract_semantic_features.py", line 116, in build_prompt
    comments = record["texts"][:max_comments]
               ~~~~~~^^^^^^^^^
KeyError: 'texts'
2026-05-27 11:51:03,276 | INFO | [492] Processing movie_id=501170 batch_id=batch_492
2026-05-27 11:51:03,276 | ERROR | Error on line 492 (movie_id=501170): 'texts'
Traceback (most recent call last):
  File "/gpfs/projects/imt526a/group1/youtube-movie-signals-project/scripts/extract_semantic_features.py", line 278, in main
    system_prompt, user_msg, n_comments = build_prompt(record, args.max_comments_per_batch)
                                          ~~~~~~~~~~~~^^^^^^^^^^^^^^^^^^^^^^^^^^^^^^^^^^^^^
  File "/gpfs/projects/imt526a/group1/youtube-movie-signals-project/scripts/extract_semantic_features.py", line 116, in build_prompt
    comments = record["texts"][:max_comments]
               ~~~~~~^^^^^^^^^
KeyError: 'texts'
2026-05-27 11:51:03,283 | INFO | [493] Processing movie_id=298312 batch_id=batch_493
2026-05-27 11:51:03,283 | ERROR | Error on line 493 (movie_id=298312): 'texts'
Traceback (most recent call last):
  File "/gpfs/projects/imt526a/group1/youtube-movie-signals-project/scripts/extract_semantic_features.py", line 278, in main
    system_prompt, user_msg, n_comments = build_prompt(record, args.max_comments_per_batch)
                                          ~~~~~~~~~~~~^^^^^^^^^^^^^^^^^^^^^^^^^^^^^^^^^^^^^
  File "/gpfs/projects/imt526a/group1/youtube-movie-signals-project/scripts/extract_semantic_features.py", line 116, in build_prompt
    comments = record["texts"][:max_comments]
               ~~~~~~^^^^^^^^^
KeyError: 'texts'
2026-05-27 11:51:03,286 | INFO | [494] Processing movie_id=587792 batch_id=batch_494
2026-05-27 11:51:03,286 | ERROR | Error on line 494 (movie_id=587792): 'texts'
Traceback (most recent call last):
  File "/gpfs/projects/imt526a/group1/youtube-movie-signals-project/scripts/extract_semantic_features.py", line 278, in main
    system_prompt, user_msg, n_comments = build_prompt(record, args.max_comments_per_batch)
                                          ~~~~~~~~~~~~^^^^^^^^^^^^^^^^^^^^^^^^^^^^^^^^^^^^^
  File "/gpfs/projects/imt526a/group1/youtube-movie-signals-project/scripts/extract_semantic_features.py", line 116, in build_prompt
    comments = record["texts"][:max_comments]
               ~~~~~~^^^^^^^^^
KeyError: 'texts'
2026-05-27 11:51:03,287 | INFO | [495] Processing movie_id=628900 batch_id=batch_495
2026-05-27 11:51:03,287 | ERROR | Error on line 495 (movie_id=628900): 'texts'
Traceback (most recent call last):
  File "/gpfs/projects/imt526a/group1/youtube-movie-signals-project/scripts/extract_semantic_features.py", line 278, in main
    system_prompt, user_msg, n_comments = build_prompt(record, args.max_comments_per_batch)
                                          ~~~~~~~~~~~~^^^^^^^^^^^^^^^^^^^^^^^^^^^^^^^^^^^^^
  File "/gpfs/projects/imt526a/group1/youtube-movie-signals-project/scripts/extract_semantic_features.py", line 116, in build_prompt
    comments = record["texts"][:max_comments]
               ~~~~~~^^^^^^^^^
KeyError: 'texts'
2026-05-27 11:51:03,294 | INFO | [496] Processing movie_id=257088 batch_id=batch_496
2026-05-27 11:51:03,294 | ERROR | Error on line 496 (movie_id=257088): 'texts'
Traceback (most recent call last):
  File "/gpfs/projects/imt526a/group1/youtube-movie-signals-project/scripts/extract_semantic_features.py", line 278, in main
    system_prompt, user_msg, n_comments = build_prompt(record, args.max_comments_per_batch)
                                          ~~~~~~~~~~~~^^^^^^^^^^^^^^^^^^^^^^^^^^^^^^^^^^^^^
  File "/gpfs/projects/imt526a/group1/youtube-movie-signals-project/scripts/extract_semantic_features.py", line 116, in build_prompt
    comments = record["texts"][:max_comments]
               ~~~~~~^^^^^^^^^
KeyError: 'texts'
2026-05-27 11:51:03,297 | INFO | [497] Processing movie_id=192141 batch_id=batch_497
2026-05-27 11:51:03,297 | ERROR | Error on line 497 (movie_id=192141): 'texts'
Traceback (most recent call last):
  File "/gpfs/projects/imt526a/group1/youtube-movie-signals-project/scripts/extract_semantic_features.py", line 278, in main
    system_prompt, user_msg, n_comments = build_prompt(record, args.max_comments_per_batch)
                                          ~~~~~~~~~~~~^^^^^^^^^^^^^^^^^^^^^^^^^^^^^^^^^^^^^
  File "/gpfs/projects/imt526a/group1/youtube-movie-signals-project/scripts/extract_semantic_features.py", line 116, in build_prompt
    comments = record["texts"][:max_comments]
               ~~~~~~^^^^^^^^^
KeyError: 'texts'
2026-05-27 11:51:03,304 | INFO | [498] Processing movie_id=1071215 batch_id=batch_498
2026-05-27 11:51:03,304 | ERROR | Error on line 498 (movie_id=1071215): 'texts'
Traceback (most recent call last):
  File "/gpfs/projects/imt526a/group1/youtube-movie-signals-project/scripts/extract_semantic_features.py", line 278, in main
    system_prompt, user_msg, n_comments = build_prompt(record, args.max_comments_per_batch)
                                          ~~~~~~~~~~~~^^^^^^^^^^^^^^^^^^^^^^^^^^^^^^^^^^^^^
  File "/gpfs/projects/imt526a/group1/youtube-movie-signals-project/scripts/extract_semantic_features.py", line 116, in build_prompt
    comments = record["texts"][:max_comments]
               ~~~~~~^^^^^^^^^
KeyError: 'texts'
2026-05-27 11:51:03,311 | INFO | [499] Processing movie_id=606856 batch_id=batch_499
2026-05-27 11:51:03,311 | ERROR | Error on line 499 (movie_id=606856): 'texts'
Traceback (most recent call last):
  File "/gpfs/projects/imt526a/group1/youtube-movie-signals-project/scripts/extract_semantic_features.py", line 278, in main
    system_prompt, user_msg, n_comments = build_prompt(record, args.max_comments_per_batch)
                                          ~~~~~~~~~~~~^^^^^^^^^^^^^^^^^^^^^^^^^^^^^^^^^^^^^
  File "/gpfs/projects/imt526a/group1/youtube-movie-signals-project/scripts/extract_semantic_features.py", line 116, in build_prompt
    comments = record["texts"][:max_comments]
               ~~~~~~^^^^^^^^^
KeyError: 'texts'
2026-05-27 11:51:03,312 | INFO | [500] Processing movie_id=390062 batch_id=batch_500
2026-05-27 11:51:03,313 | ERROR | Error on line 500 (movie_id=390062): 'texts'
Traceback (most recent call last):
  File "/gpfs/projects/imt526a/group1/youtube-movie-signals-project/scripts/extract_semantic_features.py", line 278, in main
    system_prompt, user_msg, n_comments = build_prompt(record, args.max_comments_per_batch)
                                          ~~~~~~~~~~~~^^^^^^^^^^^^^^^^^^^^^^^^^^^^^^^^^^^^^
  File "/gpfs/projects/imt526a/group1/youtube-movie-signals-project/scripts/extract_semantic_features.py", line 116, in build_prompt
    comments = record["texts"][:max_comments]
               ~~~~~~^^^^^^^^^
KeyError: 'texts'
2026-05-27 11:51:03,316 | INFO | [501] Processing movie_id=301365 batch_id=batch_501
2026-05-27 11:51:03,316 | ERROR | Error on line 501 (movie_id=301365): 'texts'
Traceback (most recent call last):
  File "/gpfs/projects/imt526a/group1/youtube-movie-signals-project/scripts/extract_semantic_features.py", line 278, in main
    system_prompt, user_msg, n_comments = build_prompt(record, args.max_comments_per_batch)
                                          ~~~~~~~~~~~~^^^^^^^^^^^^^^^^^^^^^^^^^^^^^^^^^^^^^
  File "/gpfs/projects/imt526a/group1/youtube-movie-signals-project/scripts/extract_semantic_features.py", line 116, in build_prompt
    comments = record["texts"][:max_comments]
               ~~~~~~^^^^^^^^^
KeyError: 'texts'
2026-05-27 11:51:03,324 | INFO | [502] Processing movie_id=559907 batch_id=batch_502
2026-05-27 11:51:03,324 | ERROR | Error on line 502 (movie_id=559907): 'texts'
Traceback (most recent call last):
  File "/gpfs/projects/imt526a/group1/youtube-movie-signals-project/scripts/extract_semantic_features.py", line 278, in main
    system_prompt, user_msg, n_comments = build_prompt(record, args.max_comments_per_batch)
                                          ~~~~~~~~~~~~^^^^^^^^^^^^^^^^^^^^^^^^^^^^^^^^^^^^^
  File "/gpfs/projects/imt526a/group1/youtube-movie-signals-project/scripts/extract_semantic_features.py", line 116, in build_prompt
    comments = record["texts"][:max_comments]
               ~~~~~~^^^^^^^^^
KeyError: 'texts'
2026-05-27 11:51:03,330 | INFO | [503] Processing movie_id=447200 batch_id=batch_503
2026-05-27 11:51:03,330 | ERROR | Error on line 503 (movie_id=447200): 'texts'
Traceback (most recent call last):
  File "/gpfs/projects/imt526a/group1/youtube-movie-signals-project/scripts/extract_semantic_features.py", line 278, in main
    system_prompt, user_msg, n_comments = build_prompt(record, args.max_comments_per_batch)
                                          ~~~~~~~~~~~~^^^^^^^^^^^^^^^^^^^^^^^^^^^^^^^^^^^^^
  File "/gpfs/projects/imt526a/group1/youtube-movie-signals-project/scripts/extract_semantic_features.py", line 116, in build_prompt
    comments = record["texts"][:max_comments]
               ~~~~~~^^^^^^^^^
KeyError: 'texts'
2026-05-27 11:51:03,337 | INFO | [504] Processing movie_id=755566 batch_id=batch_504
2026-05-27 11:51:03,337 | ERROR | Error on line 504 (movie_id=755566): 'texts'
Traceback (most recent call last):
  File "/gpfs/projects/imt526a/group1/youtube-movie-signals-project/scripts/extract_semantic_features.py", line 278, in main
    system_prompt, user_msg, n_comments = build_prompt(record, args.max_comments_per_batch)
                                          ~~~~~~~~~~~~^^^^^^^^^^^^^^^^^^^^^^^^^^^^^^^^^^^^^
  File "/gpfs/projects/imt526a/group1/youtube-movie-signals-project/scripts/extract_semantic_features.py", line 116, in build_prompt
    comments = record["texts"][:max_comments]
               ~~~~~~^^^^^^^^^
KeyError: 'texts'
2026-05-27 11:51:03,339 | INFO | [505] Processing movie_id=616651 batch_id=batch_505
2026-05-27 11:51:03,339 | ERROR | Error on line 505 (movie_id=616651): 'texts'
Traceback (most recent call last):
  File "/gpfs/projects/imt526a/group1/youtube-movie-signals-project/scripts/extract_semantic_features.py", line 278, in main
    system_prompt, user_msg, n_comments = build_prompt(record, args.max_comments_per_batch)
                                          ~~~~~~~~~~~~^^^^^^^^^^^^^^^^^^^^^^^^^^^^^^^^^^^^^
  File "/gpfs/projects/imt526a/group1/youtube-movie-signals-project/scripts/extract_semantic_features.py", line 116, in build_prompt
    comments = record["texts"][:max_comments]
               ~~~~~~^^^^^^^^^
KeyError: 'texts'
2026-05-27 11:51:03,342 | INFO | [506] Processing movie_id=429197 batch_id=batch_506
2026-05-27 11:51:03,342 | ERROR | Error on line 506 (movie_id=429197): 'texts'
Traceback (most recent call last):
  File "/gpfs/projects/imt526a/group1/youtube-movie-signals-project/scripts/extract_semantic_features.py", line 278, in main
    system_prompt, user_msg, n_comments = build_prompt(record, args.max_comments_per_batch)
                                          ~~~~~~~~~~~~^^^^^^^^^^^^^^^^^^^^^^^^^^^^^^^^^^^^^
  File "/gpfs/projects/imt526a/group1/youtube-movie-signals-project/scripts/extract_semantic_features.py", line 116, in build_prompt
    comments = record["texts"][:max_comments]
               ~~~~~~^^^^^^^^^
KeyError: 'texts'
2026-05-27 11:51:03,350 | INFO | [507] Processing movie_id=504608 batch_id=batch_507
2026-05-27 11:51:03,350 | ERROR | Error on line 507 (movie_id=504608): 'texts'
Traceback (most recent call last):
  File "/gpfs/projects/imt526a/group1/youtube-movie-signals-project/scripts/extract_semantic_features.py", line 278, in main
    system_prompt, user_msg, n_comments = build_prompt(record, args.max_comments_per_batch)
                                          ~~~~~~~~~~~~^^^^^^^^^^^^^^^^^^^^^^^^^^^^^^^^^^^^^
  File "/gpfs/projects/imt526a/group1/youtube-movie-signals-project/scripts/extract_semantic_features.py", line 116, in build_prompt
    comments = record["texts"][:max_comments]
               ~~~~~~^^^^^^^^^
KeyError: 'texts'
2026-05-27 11:51:03,356 | INFO | [508] Processing movie_id=643586 batch_id=batch_508
2026-05-27 11:51:03,356 | ERROR | Error on line 508 (movie_id=643586): 'texts'
Traceback (most recent call last):
  File "/gpfs/projects/imt526a/group1/youtube-movie-signals-project/scripts/extract_semantic_features.py", line 278, in main
    system_prompt, user_msg, n_comments = build_prompt(record, args.max_comments_per_batch)
                                          ~~~~~~~~~~~~^^^^^^^^^^^^^^^^^^^^^^^^^^^^^^^^^^^^^
  File "/gpfs/projects/imt526a/group1/youtube-movie-signals-project/scripts/extract_semantic_features.py", line 116, in build_prompt
    comments = record["texts"][:max_comments]
               ~~~~~~^^^^^^^^^
KeyError: 'texts'
2026-05-27 11:51:03,358 | INFO | [509] Processing movie_id=599975 batch_id=batch_509
2026-05-27 11:51:03,358 | ERROR | Error on line 509 (movie_id=599975): 'texts'
Traceback (most recent call last):
  File "/gpfs/projects/imt526a/group1/youtube-movie-signals-project/scripts/extract_semantic_features.py", line 278, in main
    system_prompt, user_msg, n_comments = build_prompt(record, args.max_comments_per_batch)
                                          ~~~~~~~~~~~~^^^^^^^^^^^^^^^^^^^^^^^^^^^^^^^^^^^^^
  File "/gpfs/projects/imt526a/group1/youtube-movie-signals-project/scripts/extract_semantic_features.py", line 116, in build_prompt
    comments = record["texts"][:max_comments]
               ~~~~~~^^^^^^^^^
KeyError: 'texts'
2026-05-27 11:51:03,360 | INFO | [510] Processing movie_id=121856 batch_id=batch_510
2026-05-27 11:51:03,360 | ERROR | Error on line 510 (movie_id=121856): 'texts'
Traceback (most recent call last):
  File "/gpfs/projects/imt526a/group1/youtube-movie-signals-project/scripts/extract_semantic_features.py", line 278, in main
    system_prompt, user_msg, n_comments = build_prompt(record, args.max_comments_per_batch)
                                          ~~~~~~~~~~~~^^^^^^^^^^^^^^^^^^^^^^^^^^^^^^^^^^^^^
  File "/gpfs/projects/imt526a/group1/youtube-movie-signals-project/scripts/extract_semantic_features.py", line 116, in build_prompt
    comments = record["texts"][:max_comments]
               ~~~~~~^^^^^^^^^
KeyError: 'texts'
2026-05-27 11:51:03,368 | INFO | [511] Processing movie_id=614933 batch_id=batch_511
2026-05-27 11:51:03,368 | ERROR | Error on line 511 (movie_id=614933): 'texts'
Traceback (most recent call last):
  File "/gpfs/projects/imt526a/group1/youtube-movie-signals-project/scripts/extract_semantic_features.py", line 278, in main
    system_prompt, user_msg, n_comments = build_prompt(record, args.max_comments_per_batch)
                                          ~~~~~~~~~~~~^^^^^^^^^^^^^^^^^^^^^^^^^^^^^^^^^^^^^
  File "/gpfs/projects/imt526a/group1/youtube-movie-signals-project/scripts/extract_semantic_features.py", line 116, in build_prompt
    comments = record["texts"][:max_comments]
               ~~~~~~^^^^^^^^^
KeyError: 'texts'
2026-05-27 11:51:03,371 | INFO | [512] Processing movie_id=537996 batch_id=batch_512
2026-05-27 11:51:03,371 | ERROR | Error on line 512 (movie_id=537996): 'texts'
Traceback (most recent call last):
  File "/gpfs/projects/imt526a/group1/youtube-movie-signals-project/scripts/extract_semantic_features.py", line 278, in main
    system_prompt, user_msg, n_comments = build_prompt(record, args.max_comments_per_batch)
                                          ~~~~~~~~~~~~^^^^^^^^^^^^^^^^^^^^^^^^^^^^^^^^^^^^^
  File "/gpfs/projects/imt526a/group1/youtube-movie-signals-project/scripts/extract_semantic_features.py", line 116, in build_prompt
    comments = record["texts"][:max_comments]
               ~~~~~~^^^^^^^^^
KeyError: 'texts'
2026-05-27 11:51:03,376 | INFO | [513] Processing movie_id=261023 batch_id=batch_513
2026-05-27 11:51:03,376 | ERROR | Error on line 513 (movie_id=261023): 'texts'
Traceback (most recent call last):
  File "/gpfs/projects/imt526a/group1/youtube-movie-signals-project/scripts/extract_semantic_features.py", line 278, in main
    system_prompt, user_msg, n_comments = build_prompt(record, args.max_comments_per_batch)
                                          ~~~~~~~~~~~~^^^^^^^^^^^^^^^^^^^^^^^^^^^^^^^^^^^^^
  File "/gpfs/projects/imt526a/group1/youtube-movie-signals-project/scripts/extract_semantic_features.py", line 116, in build_prompt
    comments = record["texts"][:max_comments]
               ~~~~~~^^^^^^^^^
KeyError: 'texts'
2026-05-27 11:51:03,378 | INFO | [514] Processing movie_id=552178 batch_id=batch_514
2026-05-27 11:51:03,378 | ERROR | Error on line 514 (movie_id=552178): 'texts'
Traceback (most recent call last):
  File "/gpfs/projects/imt526a/group1/youtube-movie-signals-project/scripts/extract_semantic_features.py", line 278, in main
    system_prompt, user_msg, n_comments = build_prompt(record, args.max_comments_per_batch)
                                          ~~~~~~~~~~~~^^^^^^^^^^^^^^^^^^^^^^^^^^^^^^^^^^^^^
  File "/gpfs/projects/imt526a/group1/youtube-movie-signals-project/scripts/extract_semantic_features.py", line 116, in build_prompt
    comments = record["texts"][:max_comments]
               ~~~~~~^^^^^^^^^
KeyError: 'texts'
2026-05-27 11:51:03,380 | INFO | [515] Processing movie_id=419680 batch_id=batch_515
2026-05-27 11:51:03,381 | ERROR | Error on line 515 (movie_id=419680): 'texts'
Traceback (most recent call last):
  File "/gpfs/projects/imt526a/group1/youtube-movie-signals-project/scripts/extract_semantic_features.py", line 278, in main
    system_prompt, user_msg, n_comments = build_prompt(record, args.max_comments_per_batch)
                                          ~~~~~~~~~~~~^^^^^^^^^^^^^^^^^^^^^^^^^^^^^^^^^^^^^
  File "/gpfs/projects/imt526a/group1/youtube-movie-signals-project/scripts/extract_semantic_features.py", line 116, in build_prompt
    comments = record["texts"][:max_comments]
               ~~~~~~^^^^^^^^^
KeyError: 'texts'
2026-05-27 11:51:03,387 | INFO | [516] Processing movie_id=504172 batch_id=batch_516
2026-05-27 11:51:03,387 | ERROR | Error on line 516 (movie_id=504172): 'texts'
Traceback (most recent call last):
  File "/gpfs/projects/imt526a/group1/youtube-movie-signals-project/scripts/extract_semantic_features.py", line 278, in main
    system_prompt, user_msg, n_comments = build_prompt(record, args.max_comments_per_batch)
                                          ~~~~~~~~~~~~^^^^^^^^^^^^^^^^^^^^^^^^^^^^^^^^^^^^^
  File "/gpfs/projects/imt526a/group1/youtube-movie-signals-project/scripts/extract_semantic_features.py", line 116, in build_prompt
    comments = record["texts"][:max_comments]
               ~~~~~~^^^^^^^^^
KeyError: 'texts'
2026-05-27 11:51:03,389 | INFO | [517] Processing movie_id=270487 batch_id=batch_517
2026-05-27 11:51:03,390 | ERROR | Error on line 517 (movie_id=270487): 'texts'
Traceback (most recent call last):
  File "/gpfs/projects/imt526a/group1/youtube-movie-signals-project/scripts/extract_semantic_features.py", line 278, in main
    system_prompt, user_msg, n_comments = build_prompt(record, args.max_comments_per_batch)
                                          ~~~~~~~~~~~~^^^^^^^^^^^^^^^^^^^^^^^^^^^^^^^^^^^^^
  File "/gpfs/projects/imt526a/group1/youtube-movie-signals-project/scripts/extract_semantic_features.py", line 116, in build_prompt
    comments = record["texts"][:max_comments]
               ~~~~~~^^^^^^^^^
KeyError: 'texts'
2026-05-27 11:51:03,391 | INFO | [518] Processing movie_id=314095 batch_id=batch_518
2026-05-27 11:51:03,391 | ERROR | Error on line 518 (movie_id=314095): 'texts'
Traceback (most recent call last):
  File "/gpfs/projects/imt526a/group1/youtube-movie-signals-project/scripts/extract_semantic_features.py", line 278, in main
    system_prompt, user_msg, n_comments = build_prompt(record, args.max_comments_per_batch)
                                          ~~~~~~~~~~~~^^^^^^^^^^^^^^^^^^^^^^^^^^^^^^^^^^^^^
  File "/gpfs/projects/imt526a/group1/youtube-movie-signals-project/scripts/extract_semantic_features.py", line 116, in build_prompt
    comments = record["texts"][:max_comments]
               ~~~~~~^^^^^^^^^
KeyError: 'texts'
2026-05-27 11:51:03,394 | INFO | [519] Processing movie_id=556678 batch_id=batch_519
2026-05-27 11:51:03,394 | ERROR | Error on line 519 (movie_id=556678): 'texts'
Traceback (most recent call last):
  File "/gpfs/projects/imt526a/group1/youtube-movie-signals-project/scripts/extract_semantic_features.py", line 278, in main
    system_prompt, user_msg, n_comments = build_prompt(record, args.max_comments_per_batch)
                                          ~~~~~~~~~~~~^^^^^^^^^^^^^^^^^^^^^^^^^^^^^^^^^^^^^
  File "/gpfs/projects/imt526a/group1/youtube-movie-signals-project/scripts/extract_semantic_features.py", line 116, in build_prompt
    comments = record["texts"][:max_comments]
               ~~~~~~^^^^^^^^^
KeyError: 'texts'
2026-05-27 11:51:03,396 | INFO | [520] Processing movie_id=338766 batch_id=batch_520
2026-05-27 11:51:03,396 | ERROR | Error on line 520 (movie_id=338766): 'texts'
Traceback (most recent call last):
  File "/gpfs/projects/imt526a/group1/youtube-movie-signals-project/scripts/extract_semantic_features.py", line 278, in main
    system_prompt, user_msg, n_comments = build_prompt(record, args.max_comments_per_batch)
                                          ~~~~~~~~~~~~^^^^^^^^^^^^^^^^^^^^^^^^^^^^^^^^^^^^^
  File "/gpfs/projects/imt526a/group1/youtube-movie-signals-project/scripts/extract_semantic_features.py", line 116, in build_prompt
    comments = record["texts"][:max_comments]
               ~~~~~~^^^^^^^^^
KeyError: 'texts'
2026-05-27 11:51:03,405 | INFO | [521] Processing movie_id=502416 batch_id=batch_521
2026-05-27 11:51:03,405 | ERROR | Error on line 521 (movie_id=502416): 'texts'
Traceback (most recent call last):
  File "/gpfs/projects/imt526a/group1/youtube-movie-signals-project/scripts/extract_semantic_features.py", line 278, in main
    system_prompt, user_msg, n_comments = build_prompt(record, args.max_comments_per_batch)
                                          ~~~~~~~~~~~~^^^^^^^^^^^^^^^^^^^^^^^^^^^^^^^^^^^^^
  File "/gpfs/projects/imt526a/group1/youtube-movie-signals-project/scripts/extract_semantic_features.py", line 116, in build_prompt
    comments = record["texts"][:max_comments]
               ~~~~~~^^^^^^^^^
KeyError: 'texts'
2026-05-27 11:51:03,410 | INFO | [522] Processing movie_id=956842 batch_id=batch_522
2026-05-27 11:51:03,410 | ERROR | Error on line 522 (movie_id=956842): 'texts'
Traceback (most recent call last):
  File "/gpfs/projects/imt526a/group1/youtube-movie-signals-project/scripts/extract_semantic_features.py", line 278, in main
    system_prompt, user_msg, n_comments = build_prompt(record, args.max_comments_per_batch)
                                          ~~~~~~~~~~~~^^^^^^^^^^^^^^^^^^^^^^^^^^^^^^^^^^^^^
  File "/gpfs/projects/imt526a/group1/youtube-movie-signals-project/scripts/extract_semantic_features.py", line 116, in build_prompt
    comments = record["texts"][:max_comments]
               ~~~~~~^^^^^^^^^
KeyError: 'texts'
2026-05-27 11:51:03,418 | INFO | [523] Processing movie_id=453405 batch_id=batch_523
2026-05-27 11:51:03,418 | ERROR | Error on line 523 (movie_id=453405): 'texts'
Traceback (most recent call last):
  File "/gpfs/projects/imt526a/group1/youtube-movie-signals-project/scripts/extract_semantic_features.py", line 278, in main
    system_prompt, user_msg, n_comments = build_prompt(record, args.max_comments_per_batch)
                                          ~~~~~~~~~~~~^^^^^^^^^^^^^^^^^^^^^^^^^^^^^^^^^^^^^
  File "/gpfs/projects/imt526a/group1/youtube-movie-signals-project/scripts/extract_semantic_features.py", line 116, in build_prompt
    comments = record["texts"][:max_comments]
               ~~~~~~^^^^^^^^^
KeyError: 'texts'
2026-05-27 11:51:03,420 | INFO | [524] Processing movie_id=799876 batch_id=batch_524
2026-05-27 11:51:03,420 | ERROR | Error on line 524 (movie_id=799876): 'texts'
Traceback (most recent call last):
  File "/gpfs/projects/imt526a/group1/youtube-movie-signals-project/scripts/extract_semantic_features.py", line 278, in main
    system_prompt, user_msg, n_comments = build_prompt(record, args.max_comments_per_batch)
                                          ~~~~~~~~~~~~^^^^^^^^^^^^^^^^^^^^^^^^^^^^^^^^^^^^^
  File "/gpfs/projects/imt526a/group1/youtube-movie-signals-project/scripts/extract_semantic_features.py", line 116, in build_prompt
    comments = record["texts"][:max_comments]
               ~~~~~~^^^^^^^^^
KeyError: 'texts'
2026-05-27 11:51:03,422 | INFO | [525] Processing movie_id=568091 batch_id=batch_525
2026-05-27 11:51:03,422 | ERROR | Error on line 525 (movie_id=568091): 'texts'
Traceback (most recent call last):
  File "/gpfs/projects/imt526a/group1/youtube-movie-signals-project/scripts/extract_semantic_features.py", line 278, in main
    system_prompt, user_msg, n_comments = build_prompt(record, args.max_comments_per_batch)
                                          ~~~~~~~~~~~~^^^^^^^^^^^^^^^^^^^^^^^^^^^^^^^^^^^^^
  File "/gpfs/projects/imt526a/group1/youtube-movie-signals-project/scripts/extract_semantic_features.py", line 116, in build_prompt
    comments = record["texts"][:max_comments]
               ~~~~~~^^^^^^^^^
KeyError: 'texts'
2026-05-27 11:51:03,424 | INFO | [526] Processing movie_id=454619 batch_id=batch_526
2026-05-27 11:51:03,424 | ERROR | Error on line 526 (movie_id=454619): 'texts'
Traceback (most recent call last):
  File "/gpfs/projects/imt526a/group1/youtube-movie-signals-project/scripts/extract_semantic_features.py", line 278, in main
    system_prompt, user_msg, n_comments = build_prompt(record, args.max_comments_per_batch)
                                          ~~~~~~~~~~~~^^^^^^^^^^^^^^^^^^^^^^^^^^^^^^^^^^^^^
  File "/gpfs/projects/imt526a/group1/youtube-movie-signals-project/scripts/extract_semantic_features.py", line 116, in build_prompt
    comments = record["texts"][:max_comments]
               ~~~~~~^^^^^^^^^
KeyError: 'texts'
2026-05-27 11:51:03,428 | INFO | [527] Processing movie_id=546121 batch_id=batch_527
2026-05-27 11:51:03,428 | ERROR | Error on line 527 (movie_id=546121): 'texts'
Traceback (most recent call last):
  File "/gpfs/projects/imt526a/group1/youtube-movie-signals-project/scripts/extract_semantic_features.py", line 278, in main
    system_prompt, user_msg, n_comments = build_prompt(record, args.max_comments_per_batch)
                                          ~~~~~~~~~~~~^^^^^^^^^^^^^^^^^^^^^^^^^^^^^^^^^^^^^
  File "/gpfs/projects/imt526a/group1/youtube-movie-signals-project/scripts/extract_semantic_features.py", line 116, in build_prompt
    comments = record["texts"][:max_comments]
               ~~~~~~^^^^^^^^^
KeyError: 'texts'
2026-05-27 11:51:03,432 | INFO | [528] Processing movie_id=531499 batch_id=batch_528
2026-05-27 11:51:03,432 | ERROR | Error on line 528 (movie_id=531499): 'texts'
Traceback (most recent call last):
  File "/gpfs/projects/imt526a/group1/youtube-movie-signals-project/scripts/extract_semantic_features.py", line 278, in main
    system_prompt, user_msg, n_comments = build_prompt(record, args.max_comments_per_batch)
                                          ~~~~~~~~~~~~^^^^^^^^^^^^^^^^^^^^^^^^^^^^^^^^^^^^^
  File "/gpfs/projects/imt526a/group1/youtube-movie-signals-project/scripts/extract_semantic_features.py", line 116, in build_prompt
    comments = record["texts"][:max_comments]
               ~~~~~~^^^^^^^^^
KeyError: 'texts'
2026-05-27 11:51:03,435 | INFO | [529] Processing movie_id=792293 batch_id=batch_529
2026-05-27 11:51:03,435 | ERROR | Error on line 529 (movie_id=792293): 'texts'
Traceback (most recent call last):
  File "/gpfs/projects/imt526a/group1/youtube-movie-signals-project/scripts/extract_semantic_features.py", line 278, in main
    system_prompt, user_msg, n_comments = build_prompt(record, args.max_comments_per_batch)
                                          ~~~~~~~~~~~~^^^^^^^^^^^^^^^^^^^^^^^^^^^^^^^^^^^^^
  File "/gpfs/projects/imt526a/group1/youtube-movie-signals-project/scripts/extract_semantic_features.py", line 116, in build_prompt
    comments = record["texts"][:max_comments]
               ~~~~~~^^^^^^^^^
KeyError: 'texts'
2026-05-27 11:51:03,440 | INFO | [530] Processing movie_id=614917 batch_id=batch_530
2026-05-27 11:51:03,440 | ERROR | Error on line 530 (movie_id=614917): 'texts'
Traceback (most recent call last):
  File "/gpfs/projects/imt526a/group1/youtube-movie-signals-project/scripts/extract_semantic_features.py", line 278, in main
    system_prompt, user_msg, n_comments = build_prompt(record, args.max_comments_per_batch)
                                          ~~~~~~~~~~~~^^^^^^^^^^^^^^^^^^^^^^^^^^^^^^^^^^^^^
  File "/gpfs/projects/imt526a/group1/youtube-movie-signals-project/scripts/extract_semantic_features.py", line 116, in build_prompt
    comments = record["texts"][:max_comments]
               ~~~~~~^^^^^^^^^
KeyError: 'texts'
2026-05-27 11:51:03,443 | INFO | [531] Processing movie_id=14564 batch_id=batch_531
2026-05-27 11:51:03,443 | ERROR | Error on line 531 (movie_id=14564): 'texts'
Traceback (most recent call last):
  File "/gpfs/projects/imt526a/group1/youtube-movie-signals-project/scripts/extract_semantic_features.py", line 278, in main
    system_prompt, user_msg, n_comments = build_prompt(record, args.max_comments_per_batch)
                                          ~~~~~~~~~~~~^^^^^^^^^^^^^^^^^^^^^^^^^^^^^^^^^^^^^
  File "/gpfs/projects/imt526a/group1/youtube-movie-signals-project/scripts/extract_semantic_features.py", line 116, in build_prompt
    comments = record["texts"][:max_comments]
               ~~~~~~^^^^^^^^^
KeyError: 'texts'
2026-05-27 11:51:03,451 | INFO | [532] Processing movie_id=780609 batch_id=batch_532
2026-05-27 11:51:03,451 | ERROR | Error on line 532 (movie_id=780609): 'texts'
Traceback (most recent call last):
  File "/gpfs/projects/imt526a/group1/youtube-movie-signals-project/scripts/extract_semantic_features.py", line 278, in main
    system_prompt, user_msg, n_comments = build_prompt(record, args.max_comments_per_batch)
                                          ~~~~~~~~~~~~^^^^^^^^^^^^^^^^^^^^^^^^^^^^^^^^^^^^^
  File "/gpfs/projects/imt526a/group1/youtube-movie-signals-project/scripts/extract_semantic_features.py", line 116, in build_prompt
    comments = record["texts"][:max_comments]
               ~~~~~~^^^^^^^^^
KeyError: 'texts'
2026-05-27 11:51:03,452 | INFO | [533] Processing movie_id=188222 batch_id=batch_533
2026-05-27 11:51:03,453 | ERROR | Error on line 533 (movie_id=188222): 'texts'
Traceback (most recent call last):
  File "/gpfs/projects/imt526a/group1/youtube-movie-signals-project/scripts/extract_semantic_features.py", line 278, in main
    system_prompt, user_msg, n_comments = build_prompt(record, args.max_comments_per_batch)
                                          ~~~~~~~~~~~~^^^^^^^^^^^^^^^^^^^^^^^^^^^^^^^^^^^^^
  File "/gpfs/projects/imt526a/group1/youtube-movie-signals-project/scripts/extract_semantic_features.py", line 116, in build_prompt
    comments = record["texts"][:max_comments]
               ~~~~~~^^^^^^^^^
KeyError: 'texts'
2026-05-27 11:51:03,454 | INFO | [534] Processing movie_id=353070 batch_id=batch_534
2026-05-27 11:51:03,454 | ERROR | Error on line 534 (movie_id=353070): 'texts'
Traceback (most recent call last):
  File "/gpfs/projects/imt526a/group1/youtube-movie-signals-project/scripts/extract_semantic_features.py", line 278, in main
    system_prompt, user_msg, n_comments = build_prompt(record, args.max_comments_per_batch)
                                          ~~~~~~~~~~~~^^^^^^^^^^^^^^^^^^^^^^^^^^^^^^^^^^^^^
  File "/gpfs/projects/imt526a/group1/youtube-movie-signals-project/scripts/extract_semantic_features.py", line 116, in build_prompt
    comments = record["texts"][:max_comments]
               ~~~~~~^^^^^^^^^
KeyError: 'texts'
2026-05-27 11:51:03,459 | INFO | [535] Processing movie_id=724209 batch_id=batch_535
2026-05-27 11:51:03,459 | ERROR | Error on line 535 (movie_id=724209): 'texts'
Traceback (most recent call last):
  File "/gpfs/projects/imt526a/group1/youtube-movie-signals-project/scripts/extract_semantic_features.py", line 278, in main
    system_prompt, user_msg, n_comments = build_prompt(record, args.max_comments_per_batch)
                                          ~~~~~~~~~~~~^^^^^^^^^^^^^^^^^^^^^^^^^^^^^^^^^^^^^
  File "/gpfs/projects/imt526a/group1/youtube-movie-signals-project/scripts/extract_semantic_features.py", line 116, in build_prompt
    comments = record["texts"][:max_comments]
               ~~~~~~^^^^^^^^^
KeyError: 'texts'
2026-05-27 11:51:03,462 | INFO | [536] Processing movie_id=912908 batch_id=batch_536
2026-05-27 11:51:03,462 | ERROR | Error on line 536 (movie_id=912908): 'texts'
Traceback (most recent call last):
  File "/gpfs/projects/imt526a/group1/youtube-movie-signals-project/scripts/extract_semantic_features.py", line 278, in main
    system_prompt, user_msg, n_comments = build_prompt(record, args.max_comments_per_batch)
                                          ~~~~~~~~~~~~^^^^^^^^^^^^^^^^^^^^^^^^^^^^^^^^^^^^^
  File "/gpfs/projects/imt526a/group1/youtube-movie-signals-project/scripts/extract_semantic_features.py", line 116, in build_prompt
    comments = record["texts"][:max_comments]
               ~~~~~~^^^^^^^^^
KeyError: 'texts'
2026-05-27 11:51:03,465 | INFO | [537] Processing movie_id=616747 batch_id=batch_537
2026-05-27 11:51:03,465 | ERROR | Error on line 537 (movie_id=616747): 'texts'
Traceback (most recent call last):
  File "/gpfs/projects/imt526a/group1/youtube-movie-signals-project/scripts/extract_semantic_features.py", line 278, in main
    system_prompt, user_msg, n_comments = build_prompt(record, args.max_comments_per_batch)
                                          ~~~~~~~~~~~~^^^^^^^^^^^^^^^^^^^^^^^^^^^^^^^^^^^^^
  File "/gpfs/projects/imt526a/group1/youtube-movie-signals-project/scripts/extract_semantic_features.py", line 116, in build_prompt
    comments = record["texts"][:max_comments]
               ~~~~~~^^^^^^^^^
KeyError: 'texts'
2026-05-27 11:51:03,467 | INFO | [538] Processing movie_id=618588 batch_id=batch_538
2026-05-27 11:51:03,467 | ERROR | Error on line 538 (movie_id=618588): 'texts'
Traceback (most recent call last):
  File "/gpfs/projects/imt526a/group1/youtube-movie-signals-project/scripts/extract_semantic_features.py", line 278, in main
    system_prompt, user_msg, n_comments = build_prompt(record, args.max_comments_per_batch)
                                          ~~~~~~~~~~~~^^^^^^^^^^^^^^^^^^^^^^^^^^^^^^^^^^^^^
  File "/gpfs/projects/imt526a/group1/youtube-movie-signals-project/scripts/extract_semantic_features.py", line 116, in build_prompt
    comments = record["texts"][:max_comments]
               ~~~~~~^^^^^^^^^
KeyError: 'texts'
2026-05-27 11:51:03,469 | INFO | [539] Processing movie_id=395992 batch_id=batch_539
2026-05-27 11:51:03,469 | ERROR | Error on line 539 (movie_id=395992): 'texts'
Traceback (most recent call last):
  File "/gpfs/projects/imt526a/group1/youtube-movie-signals-project/scripts/extract_semantic_features.py", line 278, in main
    system_prompt, user_msg, n_comments = build_prompt(record, args.max_comments_per_batch)
                                          ~~~~~~~~~~~~^^^^^^^^^^^^^^^^^^^^^^^^^^^^^^^^^^^^^
  File "/gpfs/projects/imt526a/group1/youtube-movie-signals-project/scripts/extract_semantic_features.py", line 116, in build_prompt
    comments = record["texts"][:max_comments]
               ~~~~~~^^^^^^^^^
KeyError: 'texts'
2026-05-27 11:51:03,472 | INFO | [540] Processing movie_id=446021 batch_id=batch_540
2026-05-27 11:51:03,472 | ERROR | Error on line 540 (movie_id=446021): 'texts'
Traceback (most recent call last):
  File "/gpfs/projects/imt526a/group1/youtube-movie-signals-project/scripts/extract_semantic_features.py", line 278, in main
    system_prompt, user_msg, n_comments = build_prompt(record, args.max_comments_per_batch)
                                          ~~~~~~~~~~~~^^^^^^^^^^^^^^^^^^^^^^^^^^^^^^^^^^^^^
  File "/gpfs/projects/imt526a/group1/youtube-movie-signals-project/scripts/extract_semantic_features.py", line 116, in build_prompt
    comments = record["texts"][:max_comments]
               ~~~~~~^^^^^^^^^
KeyError: 'texts'
2026-05-27 11:51:03,479 | INFO | [541] Processing movie_id=567748 batch_id=batch_541
2026-05-27 11:51:03,479 | ERROR | Error on line 541 (movie_id=567748): 'texts'
Traceback (most recent call last):
  File "/gpfs/projects/imt526a/group1/youtube-movie-signals-project/scripts/extract_semantic_features.py", line 278, in main
    system_prompt, user_msg, n_comments = build_prompt(record, args.max_comments_per_batch)
                                          ~~~~~~~~~~~~^^^^^^^^^^^^^^^^^^^^^^^^^^^^^^^^^^^^^
  File "/gpfs/projects/imt526a/group1/youtube-movie-signals-project/scripts/extract_semantic_features.py", line 116, in build_prompt
    comments = record["texts"][:max_comments]
               ~~~~~~^^^^^^^^^
KeyError: 'texts'
2026-05-27 11:51:03,488 | INFO | [542] Processing movie_id=420808 batch_id=batch_542
2026-05-27 11:51:03,488 | ERROR | Error on line 542 (movie_id=420808): 'texts'
Traceback (most recent call last):
  File "/gpfs/projects/imt526a/group1/youtube-movie-signals-project/scripts/extract_semantic_features.py", line 278, in main
    system_prompt, user_msg, n_comments = build_prompt(record, args.max_comments_per_batch)
                                          ~~~~~~~~~~~~^^^^^^^^^^^^^^^^^^^^^^^^^^^^^^^^^^^^^
  File "/gpfs/projects/imt526a/group1/youtube-movie-signals-project/scripts/extract_semantic_features.py", line 116, in build_prompt
    comments = record["texts"][:max_comments]
               ~~~~~~^^^^^^^^^
KeyError: 'texts'
2026-05-27 11:51:03,494 | INFO | [543] Processing movie_id=581734 batch_id=batch_543
2026-05-27 11:51:03,494 | ERROR | Error on line 543 (movie_id=581734): 'texts'
Traceback (most recent call last):
  File "/gpfs/projects/imt526a/group1/youtube-movie-signals-project/scripts/extract_semantic_features.py", line 278, in main
    system_prompt, user_msg, n_comments = build_prompt(record, args.max_comments_per_batch)
                                          ~~~~~~~~~~~~^^^^^^^^^^^^^^^^^^^^^^^^^^^^^^^^^^^^^
  File "/gpfs/projects/imt526a/group1/youtube-movie-signals-project/scripts/extract_semantic_features.py", line 116, in build_prompt
    comments = record["texts"][:max_comments]
               ~~~~~~^^^^^^^^^
KeyError: 'texts'
2026-05-27 11:51:03,501 | INFO | [544] Processing movie_id=594767 batch_id=batch_544
2026-05-27 11:51:03,501 | ERROR | Error on line 544 (movie_id=594767): 'texts'
Traceback (most recent call last):
  File "/gpfs/projects/imt526a/group1/youtube-movie-signals-project/scripts/extract_semantic_features.py", line 278, in main
    system_prompt, user_msg, n_comments = build_prompt(record, args.max_comments_per_batch)
                                          ~~~~~~~~~~~~^^^^^^^^^^^^^^^^^^^^^^^^^^^^^^^^^^^^^
  File "/gpfs/projects/imt526a/group1/youtube-movie-signals-project/scripts/extract_semantic_features.py", line 116, in build_prompt
    comments = record["texts"][:max_comments]
               ~~~~~~^^^^^^^^^
KeyError: 'texts'
2026-05-27 11:51:03,503 | INFO | [545] Processing movie_id=293767 batch_id=batch_545
2026-05-27 11:51:03,503 | ERROR | Error on line 545 (movie_id=293767): 'texts'
Traceback (most recent call last):
  File "/gpfs/projects/imt526a/group1/youtube-movie-signals-project/scripts/extract_semantic_features.py", line 278, in main
    system_prompt, user_msg, n_comments = build_prompt(record, args.max_comments_per_batch)
                                          ~~~~~~~~~~~~^^^^^^^^^^^^^^^^^^^^^^^^^^^^^^^^^^^^^
  File "/gpfs/projects/imt526a/group1/youtube-movie-signals-project/scripts/extract_semantic_features.py", line 116, in build_prompt
    comments = record["texts"][:max_comments]
               ~~~~~~^^^^^^^^^
KeyError: 'texts'
2026-05-27 11:51:03,506 | INFO | [546] Processing movie_id=205775 batch_id=batch_546
2026-05-27 11:51:03,506 | ERROR | Error on line 546 (movie_id=205775): 'texts'
Traceback (most recent call last):
  File "/gpfs/projects/imt526a/group1/youtube-movie-signals-project/scripts/extract_semantic_features.py", line 278, in main
    system_prompt, user_msg, n_comments = build_prompt(record, args.max_comments_per_batch)
                                          ~~~~~~~~~~~~^^^^^^^^^^^^^^^^^^^^^^^^^^^^^^^^^^^^^
  File "/gpfs/projects/imt526a/group1/youtube-movie-signals-project/scripts/extract_semantic_features.py", line 116, in build_prompt
    comments = record["texts"][:max_comments]
               ~~~~~~^^^^^^^^^
KeyError: 'texts'
2026-05-27 11:51:03,507 | INFO | [547] Processing movie_id=791177 batch_id=batch_547
2026-05-27 11:51:03,507 | ERROR | Error on line 547 (movie_id=791177): 'texts'
Traceback (most recent call last):
  File "/gpfs/projects/imt526a/group1/youtube-movie-signals-project/scripts/extract_semantic_features.py", line 278, in main
    system_prompt, user_msg, n_comments = build_prompt(record, args.max_comments_per_batch)
                                          ~~~~~~~~~~~~^^^^^^^^^^^^^^^^^^^^^^^^^^^^^^^^^^^^^
  File "/gpfs/projects/imt526a/group1/youtube-movie-signals-project/scripts/extract_semantic_features.py", line 116, in build_prompt
    comments = record["texts"][:max_comments]
               ~~~~~~^^^^^^^^^
KeyError: 'texts'
2026-05-27 11:51:03,509 | INFO | [548] Processing movie_id=294963 batch_id=batch_548
2026-05-27 11:51:03,509 | ERROR | Error on line 548 (movie_id=294963): 'texts'
Traceback (most recent call last):
  File "/gpfs/projects/imt526a/group1/youtube-movie-signals-project/scripts/extract_semantic_features.py", line 278, in main
    system_prompt, user_msg, n_comments = build_prompt(record, args.max_comments_per_batch)
                                          ~~~~~~~~~~~~^^^^^^^^^^^^^^^^^^^^^^^^^^^^^^^^^^^^^
  File "/gpfs/projects/imt526a/group1/youtube-movie-signals-project/scripts/extract_semantic_features.py", line 116, in build_prompt
    comments = record["texts"][:max_comments]
               ~~~~~~^^^^^^^^^
KeyError: 'texts'
2026-05-27 11:51:03,511 | INFO | [549] Processing movie_id=1013850 batch_id=batch_549
2026-05-27 11:51:03,511 | ERROR | Error on line 549 (movie_id=1013850): 'texts'
Traceback (most recent call last):
  File "/gpfs/projects/imt526a/group1/youtube-movie-signals-project/scripts/extract_semantic_features.py", line 278, in main
    system_prompt, user_msg, n_comments = build_prompt(record, args.max_comments_per_batch)
                                          ~~~~~~~~~~~~^^^^^^^^^^^^^^^^^^^^^^^^^^^^^^^^^^^^^
  File "/gpfs/projects/imt526a/group1/youtube-movie-signals-project/scripts/extract_semantic_features.py", line 116, in build_prompt
    comments = record["texts"][:max_comments]
               ~~~~~~^^^^^^^^^
KeyError: 'texts'
2026-05-27 11:51:03,517 | INFO | [550] Processing movie_id=489999 batch_id=batch_550
2026-05-27 11:51:03,517 | ERROR | Error on line 550 (movie_id=489999): 'texts'
Traceback (most recent call last):
  File "/gpfs/projects/imt526a/group1/youtube-movie-signals-project/scripts/extract_semantic_features.py", line 278, in main
    system_prompt, user_msg, n_comments = build_prompt(record, args.max_comments_per_batch)
                                          ~~~~~~~~~~~~^^^^^^^^^^^^^^^^^^^^^^^^^^^^^^^^^^^^^
  File "/gpfs/projects/imt526a/group1/youtube-movie-signals-project/scripts/extract_semantic_features.py", line 116, in build_prompt
    comments = record["texts"][:max_comments]
               ~~~~~~^^^^^^^^^
KeyError: 'texts'
2026-05-27 11:51:03,525 | INFO | [551] Processing movie_id=522518 batch_id=batch_551
2026-05-27 11:51:03,525 | ERROR | Error on line 551 (movie_id=522518): 'texts'
Traceback (most recent call last):
  File "/gpfs/projects/imt526a/group1/youtube-movie-signals-project/scripts/extract_semantic_features.py", line 278, in main
    system_prompt, user_msg, n_comments = build_prompt(record, args.max_comments_per_batch)
                                          ~~~~~~~~~~~~^^^^^^^^^^^^^^^^^^^^^^^^^^^^^^^^^^^^^
  File "/gpfs/projects/imt526a/group1/youtube-movie-signals-project/scripts/extract_semantic_features.py", line 116, in build_prompt
    comments = record["texts"][:max_comments]
               ~~~~~~^^^^^^^^^
KeyError: 'texts'
2026-05-27 11:51:03,531 | INFO | [552] Processing movie_id=458305 batch_id=batch_552
2026-05-27 11:51:03,531 | ERROR | Error on line 552 (movie_id=458305): 'texts'
Traceback (most recent call last):
  File "/gpfs/projects/imt526a/group1/youtube-movie-signals-project/scripts/extract_semantic_features.py", line 278, in main
    system_prompt, user_msg, n_comments = build_prompt(record, args.max_comments_per_batch)
                                          ~~~~~~~~~~~~^^^^^^^^^^^^^^^^^^^^^^^^^^^^^^^^^^^^^
  File "/gpfs/projects/imt526a/group1/youtube-movie-signals-project/scripts/extract_semantic_features.py", line 116, in build_prompt
    comments = record["texts"][:max_comments]
               ~~~~~~^^^^^^^^^
KeyError: 'texts'
2026-05-27 11:51:03,532 | INFO | ============================================================
2026-05-27 11:51:03,532 | INFO | DONE. Total batches processed: 0
2026-05-27 11:51:03,532 | INFO | Valid JSON outputs: 0 (0.0%)
2026-05-27 11:51:03,532 | INFO | Invalid JSON: 0 | Errors: 553
2026-05-27 11:51:03,532 | INFO | Total runtime: 3.50 seconds (3.5011 sec/batch)
2026-05-27 11:51:03,532 | INFO | Peak GPU memory: 15.23 GB
2026-05-27 11:51:03,532 | INFO | Output written to: data/processed/semantic_features_raw.jsonl
2026-05-27 18:15:50,055 | INFO | Loading tokenizer from Qwen/Qwen2.5-7B-Instruct
2026-05-27 18:15:50,152 | INFO | HTTP Request: HEAD https://huggingface.co/Qwen/Qwen2.5-7B-Instruct/resolve/main/config.json "HTTP/1.1 307 Temporary Redirect"
2026-05-27 18:15:50,157 | INFO | HTTP Request: HEAD https://huggingface.co/api/resolve-cache/models/Qwen/Qwen2.5-7B-Instruct/a09a35458c702b33eeacc393d103063234e8bc28/config.json "HTTP/1.1 200 OK"
2026-05-27 18:15:50,165 | INFO | HTTP Request: GET https://huggingface.co/api/resolve-cache/models/Qwen/Qwen2.5-7B-Instruct/a09a35458c702b33eeacc393d103063234e8bc28/config.json "HTTP/1.1 200 OK"
2026-05-27 18:15:50,244 | INFO | HTTP Request: HEAD https://huggingface.co/Qwen/Qwen2.5-7B-Instruct/resolve/main/tokenizer_config.json "HTTP/1.1 307 Temporary Redirect"
2026-05-27 18:15:50,249 | INFO | HTTP Request: HEAD https://huggingface.co/api/resolve-cache/models/Qwen/Qwen2.5-7B-Instruct/a09a35458c702b33eeacc393d103063234e8bc28/tokenizer_config.json "HTTP/1.1 200 OK"
2026-05-27 18:15:50,254 | INFO | HTTP Request: GET https://huggingface.co/api/resolve-cache/models/Qwen/Qwen2.5-7B-Instruct/a09a35458c702b33eeacc393d103063234e8bc28/tokenizer_config.json "HTTP/1.1 200 OK"
2026-05-27 18:15:50,330 | INFO | HTTP Request: GET https://huggingface.co/api/models/Qwen/Qwen2.5-7B-Instruct/tree/main/additional_chat_templates?recursive=false&expand=false "HTTP/1.1 404 Not Found"
2026-05-27 18:15:50,409 | INFO | HTTP Request: GET https://huggingface.co/api/models/Qwen/Qwen2.5-7B-Instruct/tree/main?recursive=true&expand=false "HTTP/1.1 200 OK"
2026-05-27 18:15:50,487 | INFO | HTTP Request: HEAD https://huggingface.co/Qwen/Qwen2.5-7B-Instruct/resolve/main/vocab.json "HTTP/1.1 307 Temporary Redirect"
2026-05-27 18:15:50,493 | INFO | HTTP Request: HEAD https://huggingface.co/api/resolve-cache/models/Qwen/Qwen2.5-7B-Instruct/a09a35458c702b33eeacc393d103063234e8bc28/vocab.json "HTTP/1.1 200 OK"
2026-05-27 18:15:50,500 | INFO | HTTP Request: GET https://huggingface.co/api/resolve-cache/models/Qwen/Qwen2.5-7B-Instruct/a09a35458c702b33eeacc393d103063234e8bc28/vocab.json "HTTP/1.1 200 OK"
2026-05-27 18:15:50,593 | INFO | HTTP Request: HEAD https://huggingface.co/Qwen/Qwen2.5-7B-Instruct/resolve/main/merges.txt "HTTP/1.1 307 Temporary Redirect"
2026-05-27 18:15:50,599 | INFO | HTTP Request: HEAD https://huggingface.co/api/resolve-cache/models/Qwen/Qwen2.5-7B-Instruct/a09a35458c702b33eeacc393d103063234e8bc28/merges.txt "HTTP/1.1 200 OK"
2026-05-27 18:15:50,605 | INFO | HTTP Request: GET https://huggingface.co/api/resolve-cache/models/Qwen/Qwen2.5-7B-Instruct/a09a35458c702b33eeacc393d103063234e8bc28/merges.txt "HTTP/1.1 200 OK"
2026-05-27 18:15:50,683 | INFO | HTTP Request: HEAD https://huggingface.co/Qwen/Qwen2.5-7B-Instruct/resolve/main/tokenizer.json "HTTP/1.1 307 Temporary Redirect"
2026-05-27 18:15:50,684 | WARNING | Warning: You are sending unauthenticated requests to the HF Hub. Please set a HF_TOKEN to enable higher rate limits and faster downloads.
2026-05-27 18:15:50,689 | INFO | HTTP Request: HEAD https://huggingface.co/api/resolve-cache/models/Qwen/Qwen2.5-7B-Instruct/a09a35458c702b33eeacc393d103063234e8bc28/tokenizer.json "HTTP/1.1 200 OK"
2026-05-27 18:15:50,743 | INFO | HTTP Request: GET https://huggingface.co/api/resolve-cache/models/Qwen/Qwen2.5-7B-Instruct/a09a35458c702b33eeacc393d103063234e8bc28/tokenizer.json "HTTP/1.1 200 OK"
2026-05-27 18:15:50,858 | INFO | HTTP Request: HEAD https://huggingface.co/Qwen/Qwen2.5-7B-Instruct/resolve/main/added_tokens.json "HTTP/1.1 404 Not Found"
2026-05-27 18:15:50,942 | INFO | HTTP Request: HEAD https://huggingface.co/Qwen/Qwen2.5-7B-Instruct/resolve/main/special_tokens_map.json "HTTP/1.1 404 Not Found"
2026-05-27 18:15:51,019 | INFO | HTTP Request: HEAD https://huggingface.co/Qwen/Qwen2.5-7B-Instruct/resolve/main/chat_template.jinja "HTTP/1.1 404 Not Found"
2026-05-27 18:15:51,467 | INFO | HTTP Request: GET https://huggingface.co/api/models/Qwen/Qwen2.5-7B-Instruct "HTTP/1.1 200 OK"
2026-05-27 18:15:51,469 | INFO | Loading model from Qwen/Qwen2.5-7B-Instruct (device=auto)
2026-05-27 18:15:51,781 | INFO | HTTP Request: HEAD https://huggingface.co/Qwen/Qwen2.5-7B-Instruct/resolve/main/config.json "HTTP/1.1 307 Temporary Redirect"
2026-05-27 18:15:51,785 | INFO | HTTP Request: HEAD https://huggingface.co/api/resolve-cache/models/Qwen/Qwen2.5-7B-Instruct/a09a35458c702b33eeacc393d103063234e8bc28/config.json "HTTP/1.1 200 OK"
2026-05-27 18:15:51,949 | INFO | HTTP Request: HEAD https://huggingface.co/Qwen/Qwen2.5-7B-Instruct/resolve/main/model.safetensors "HTTP/1.1 404 Not Found"
2026-05-27 18:15:52,022 | INFO | HTTP Request: HEAD https://huggingface.co/Qwen/Qwen2.5-7B-Instruct/resolve/main/model.safetensors.index.json "HTTP/1.1 307 Temporary Redirect"
2026-05-27 18:15:52,046 | INFO | HTTP Request: HEAD https://huggingface.co/api/resolve-cache/models/Qwen/Qwen2.5-7B-Instruct/a09a35458c702b33eeacc393d103063234e8bc28/model.safetensors.index.json "HTTP/1.1 200 OK"
2026-05-27 18:15:52,053 | INFO | HTTP Request: GET https://huggingface.co/api/resolve-cache/models/Qwen/Qwen2.5-7B-Instruct/a09a35458c702b33eeacc393d103063234e8bc28/model.safetensors.index.json "HTTP/1.1 200 OK"
2026-05-27 18:15:52,134 | INFO | HTTP Request: GET https://huggingface.co/api/models/Qwen/Qwen2.5-7B-Instruct/revision/main "HTTP/1.1 200 OK"
2026-05-27 18:15:52,212 | INFO | HTTP Request: HEAD https://huggingface.co/Qwen/Qwen2.5-7B-Instruct/resolve/a09a35458c702b33eeacc393d103063234e8bc28/model-00001-of-00004.safetensors "HTTP/1.1 302 Found"
2026-05-27 18:15:52,217 | INFO | HTTP Request: HEAD https://huggingface.co/Qwen/Qwen2.5-7B-Instruct/resolve/a09a35458c702b33eeacc393d103063234e8bc28/model-00003-of-00004.safetensors "HTTP/1.1 302 Found"
2026-05-27 18:15:52,221 | INFO | HTTP Request: HEAD https://huggingface.co/Qwen/Qwen2.5-7B-Instruct/resolve/a09a35458c702b33eeacc393d103063234e8bc28/model-00002-of-00004.safetensors "HTTP/1.1 302 Found"
2026-05-27 18:15:52,222 | INFO | HTTP Request: HEAD https://huggingface.co/Qwen/Qwen2.5-7B-Instruct/resolve/a09a35458c702b33eeacc393d103063234e8bc28/model-00004-of-00004.safetensors "HTTP/1.1 302 Found"
2026-05-27 18:15:52,293 | INFO | HTTP Request: GET https://huggingface.co/api/models/Qwen/Qwen2.5-7B-Instruct/xet-read-token/a09a35458c702b33eeacc393d103063234e8bc28 "HTTP/1.1 200 OK"
2026-05-27 18:15:52,295 | INFO | HTTP Request: GET https://huggingface.co/api/models/Qwen/Qwen2.5-7B-Instruct/xet-read-token/a09a35458c702b33eeacc393d103063234e8bc28 "HTTP/1.1 200 OK"
2026-05-27 18:15:52,296 | INFO | HTTP Request: GET https://huggingface.co/api/models/Qwen/Qwen2.5-7B-Instruct/xet-read-token/a09a35458c702b33eeacc393d103063234e8bc28 "HTTP/1.1 200 OK"
2026-05-27 18:15:52,299 | INFO | HTTP Request: GET https://huggingface.co/api/models/Qwen/Qwen2.5-7B-Instruct/xet-read-token/a09a35458c702b33eeacc393d103063234e8bc28 "HTTP/1.1 200 OK"
2026-05-27 18:20:33,282 | INFO | Loading tokenizer from Qwen/Qwen2.5-0.5B-Instruct
2026-05-27 18:20:33,380 | INFO | HTTP Request: HEAD https://huggingface.co/Qwen/Qwen2.5-0.5B-Instruct/resolve/main/config.json "HTTP/1.1 307 Temporary Redirect"
2026-05-27 18:20:33,381 | WARNING | Warning: You are sending unauthenticated requests to the HF Hub. Please set a HF_TOKEN to enable higher rate limits and faster downloads.
2026-05-27 18:20:33,385 | INFO | HTTP Request: HEAD https://huggingface.co/api/resolve-cache/models/Qwen/Qwen2.5-0.5B-Instruct/7ae557604adf67be50417f59c2c2f167def9a775/config.json "HTTP/1.1 200 OK"
2026-05-27 18:20:33,392 | INFO | HTTP Request: GET https://huggingface.co/api/resolve-cache/models/Qwen/Qwen2.5-0.5B-Instruct/7ae557604adf67be50417f59c2c2f167def9a775/config.json "HTTP/1.1 200 OK"
2026-05-27 18:20:33,474 | INFO | HTTP Request: HEAD https://huggingface.co/Qwen/Qwen2.5-0.5B-Instruct/resolve/main/tokenizer_config.json "HTTP/1.1 307 Temporary Redirect"
2026-05-27 18:20:33,479 | INFO | HTTP Request: HEAD https://huggingface.co/api/resolve-cache/models/Qwen/Qwen2.5-0.5B-Instruct/7ae557604adf67be50417f59c2c2f167def9a775/tokenizer_config.json "HTTP/1.1 200 OK"
2026-05-27 18:20:33,484 | INFO | HTTP Request: GET https://huggingface.co/api/resolve-cache/models/Qwen/Qwen2.5-0.5B-Instruct/7ae557604adf67be50417f59c2c2f167def9a775/tokenizer_config.json "HTTP/1.1 200 OK"
2026-05-27 18:20:33,558 | INFO | HTTP Request: GET https://huggingface.co/api/models/Qwen/Qwen2.5-0.5B-Instruct/tree/main/additional_chat_templates?recursive=false&expand=false "HTTP/1.1 404 Not Found"
2026-05-27 18:20:33,635 | INFO | HTTP Request: GET https://huggingface.co/api/models/Qwen/Qwen2.5-0.5B-Instruct/tree/main?recursive=true&expand=false "HTTP/1.1 200 OK"
2026-05-27 18:20:33,719 | INFO | HTTP Request: HEAD https://huggingface.co/Qwen/Qwen2.5-0.5B-Instruct/resolve/main/vocab.json "HTTP/1.1 307 Temporary Redirect"
2026-05-27 18:20:33,725 | INFO | HTTP Request: HEAD https://huggingface.co/api/resolve-cache/models/Qwen/Qwen2.5-0.5B-Instruct/7ae557604adf67be50417f59c2c2f167def9a775/vocab.json "HTTP/1.1 200 OK"
2026-05-27 18:20:33,731 | INFO | HTTP Request: GET https://huggingface.co/api/resolve-cache/models/Qwen/Qwen2.5-0.5B-Instruct/7ae557604adf67be50417f59c2c2f167def9a775/vocab.json "HTTP/1.1 200 OK"
2026-05-27 18:20:33,827 | INFO | HTTP Request: HEAD https://huggingface.co/Qwen/Qwen2.5-0.5B-Instruct/resolve/main/merges.txt "HTTP/1.1 307 Temporary Redirect"
2026-05-27 18:20:33,834 | INFO | HTTP Request: HEAD https://huggingface.co/api/resolve-cache/models/Qwen/Qwen2.5-0.5B-Instruct/7ae557604adf67be50417f59c2c2f167def9a775/merges.txt "HTTP/1.1 200 OK"
2026-05-27 18:20:33,839 | INFO | HTTP Request: GET https://huggingface.co/api/resolve-cache/models/Qwen/Qwen2.5-0.5B-Instruct/7ae557604adf67be50417f59c2c2f167def9a775/merges.txt "HTTP/1.1 200 OK"
2026-05-27 18:20:33,925 | INFO | HTTP Request: HEAD https://huggingface.co/Qwen/Qwen2.5-0.5B-Instruct/resolve/main/tokenizer.json "HTTP/1.1 307 Temporary Redirect"
2026-05-27 18:20:33,931 | INFO | HTTP Request: HEAD https://huggingface.co/api/resolve-cache/models/Qwen/Qwen2.5-0.5B-Instruct/7ae557604adf67be50417f59c2c2f167def9a775/tokenizer.json "HTTP/1.1 200 OK"
2026-05-27 18:20:33,938 | INFO | HTTP Request: GET https://huggingface.co/api/resolve-cache/models/Qwen/Qwen2.5-0.5B-Instruct/7ae557604adf67be50417f59c2c2f167def9a775/tokenizer.json "HTTP/1.1 200 OK"
2026-05-27 18:20:34,046 | INFO | HTTP Request: HEAD https://huggingface.co/Qwen/Qwen2.5-0.5B-Instruct/resolve/main/added_tokens.json "HTTP/1.1 404 Not Found"
2026-05-27 18:20:34,119 | INFO | HTTP Request: HEAD https://huggingface.co/Qwen/Qwen2.5-0.5B-Instruct/resolve/main/special_tokens_map.json "HTTP/1.1 404 Not Found"
2026-05-27 18:20:34,197 | INFO | HTTP Request: HEAD https://huggingface.co/Qwen/Qwen2.5-0.5B-Instruct/resolve/main/chat_template.jinja "HTTP/1.1 404 Not Found"
2026-05-27 18:20:34,635 | INFO | HTTP Request: GET https://huggingface.co/api/models/Qwen/Qwen2.5-0.5B-Instruct "HTTP/1.1 200 OK"
2026-05-27 18:20:34,636 | INFO | Loading model from Qwen/Qwen2.5-0.5B-Instruct (device=auto)
2026-05-27 18:20:34,946 | INFO | HTTP Request: HEAD https://huggingface.co/Qwen/Qwen2.5-0.5B-Instruct/resolve/main/config.json "HTTP/1.1 307 Temporary Redirect"
2026-05-27 18:20:34,951 | INFO | HTTP Request: HEAD https://huggingface.co/api/resolve-cache/models/Qwen/Qwen2.5-0.5B-Instruct/7ae557604adf67be50417f59c2c2f167def9a775/config.json "HTTP/1.1 200 OK"
2026-05-27 18:20:35,120 | INFO | HTTP Request: HEAD https://huggingface.co/Qwen/Qwen2.5-0.5B-Instruct/resolve/main/model.safetensors "HTTP/1.1 302 Found"
2026-05-27 18:20:35,199 | INFO | HTTP Request: GET https://huggingface.co/api/models/Qwen/Qwen2.5-0.5B-Instruct/xet-read-token/7ae557604adf67be50417f59c2c2f167def9a775 "HTTP/1.1 200 OK"
2026-05-27 18:20:44,166 | INFO | HTTP Request: HEAD https://huggingface.co/Qwen/Qwen2.5-0.5B-Instruct/resolve/main/generation_config.json "HTTP/1.1 307 Temporary Redirect"
2026-05-27 18:20:44,260 | INFO | HTTP Request: HEAD https://huggingface.co/api/resolve-cache/models/Qwen/Qwen2.5-0.5B-Instruct/7ae557604adf67be50417f59c2c2f167def9a775/generation_config.json "HTTP/1.1 200 OK"
2026-05-27 18:20:44,267 | INFO | HTTP Request: GET https://huggingface.co/api/resolve-cache/models/Qwen/Qwen2.5-0.5B-Instruct/7ae557604adf67be50417f59c2c2f167def9a775/generation_config.json "HTTP/1.1 200 OK"
2026-05-27 18:20:44,340 | INFO | HTTP Request: HEAD https://huggingface.co/Qwen/Qwen2.5-0.5B-Instruct/resolve/main/custom_generate/generate.py "HTTP/1.1 404 Not Found"
2026-05-27 18:20:44,341 | INFO | Model loaded. Peak GPU memory: 0.99 GB
2026-05-27 18:21:42,666 | INFO | Loading tokenizer from Qwen/Qwen2.5-0.5B-Instruct
2026-05-27 18:21:42,776 | INFO | HTTP Request: HEAD https://huggingface.co/Qwen/Qwen2.5-0.5B-Instruct/resolve/main/config.json "HTTP/1.1 307 Temporary Redirect"
2026-05-27 18:21:42,777 | WARNING | Warning: You are sending unauthenticated requests to the HF Hub. Please set a HF_TOKEN to enable higher rate limits and faster downloads.
2026-05-27 18:21:42,785 | INFO | HTTP Request: HEAD https://huggingface.co/api/resolve-cache/models/Qwen/Qwen2.5-0.5B-Instruct/7ae557604adf67be50417f59c2c2f167def9a775/config.json "HTTP/1.1 200 OK"
2026-05-27 18:21:42,860 | INFO | HTTP Request: HEAD https://huggingface.co/Qwen/Qwen2.5-0.5B-Instruct/resolve/main/tokenizer_config.json "HTTP/1.1 307 Temporary Redirect"
2026-05-27 18:21:42,864 | INFO | HTTP Request: HEAD https://huggingface.co/api/resolve-cache/models/Qwen/Qwen2.5-0.5B-Instruct/7ae557604adf67be50417f59c2c2f167def9a775/tokenizer_config.json "HTTP/1.1 200 OK"
2026-05-27 18:21:42,943 | INFO | HTTP Request: GET https://huggingface.co/api/models/Qwen/Qwen2.5-0.5B-Instruct/tree/main/additional_chat_templates?recursive=false&expand=false "HTTP/1.1 404 Not Found"
2026-05-27 18:21:43,022 | INFO | HTTP Request: GET https://huggingface.co/api/models/Qwen/Qwen2.5-0.5B-Instruct/tree/main?recursive=true&expand=false "HTTP/1.1 200 OK"
2026-05-27 18:21:43,461 | INFO | HTTP Request: GET https://huggingface.co/api/models/Qwen/Qwen2.5-0.5B-Instruct "HTTP/1.1 200 OK"
2026-05-27 18:21:43,463 | INFO | Loading model from Qwen/Qwen2.5-0.5B-Instruct (device=auto)
2026-05-27 18:21:43,772 | INFO | HTTP Request: HEAD https://huggingface.co/Qwen/Qwen2.5-0.5B-Instruct/resolve/main/config.json "HTTP/1.1 307 Temporary Redirect"
2026-05-27 18:21:43,778 | INFO | HTTP Request: HEAD https://huggingface.co/api/resolve-cache/models/Qwen/Qwen2.5-0.5B-Instruct/7ae557604adf67be50417f59c2c2f167def9a775/config.json "HTTP/1.1 200 OK"
2026-05-27 18:21:44,549 | INFO | HTTP Request: HEAD https://huggingface.co/Qwen/Qwen2.5-0.5B-Instruct/resolve/main/generation_config.json "HTTP/1.1 307 Temporary Redirect"
2026-05-27 18:21:44,553 | INFO | HTTP Request: HEAD https://huggingface.co/api/resolve-cache/models/Qwen/Qwen2.5-0.5B-Instruct/7ae557604adf67be50417f59c2c2f167def9a775/generation_config.json "HTTP/1.1 200 OK"
2026-05-27 18:21:44,632 | INFO | HTTP Request: HEAD https://huggingface.co/Qwen/Qwen2.5-0.5B-Instruct/resolve/main/custom_generate/generate.py "HTTP/1.1 404 Not Found"
2026-05-27 18:21:44,633 | INFO | Model loaded. Peak GPU memory: 0.99 GB
2026-05-27 18:21:44,645 | INFO | [0] Processing movie_id=460465 batch_id=batch_0
2026-05-27 18:22:05,705 | INFO | [1] Processing movie_id=299536 batch_id=batch_1
2026-05-27 18:22:18,634 | INFO | [2] Processing movie_id=361743 batch_id=batch_2
2026-05-27 18:22:25,767 | INFO | [3] Processing movie_id=634649 batch_id=batch_3
2026-05-27 18:22:30,875 | INFO | [4] Processing movie_id=299534 batch_id=batch_4
2026-05-27 18:22:36,325 | INFO | Reached sample_limit=5, stopping.
2026-05-27 18:22:36,326 | INFO | ============================================================
2026-05-27 18:22:36,326 | INFO | DONE. Total batches processed: 5
2026-05-27 18:22:36,326 | INFO | Valid JSON outputs: 3 (60.0%)
2026-05-27 18:22:36,326 | INFO | Invalid JSON: 2 | Errors: 0
2026-05-27 18:22:36,326 | INFO | Total runtime: 51.69 seconds (10.3385 sec/batch)
2026-05-27 18:22:36,326 | INFO | Peak GPU memory: 1.11 GB
2026-05-27 18:22:36,326 | INFO | Output written to: /gpfs/home/krischow/semantic_features_raw_test.jsonl
2026-06-02 19:55:12,811 | INFO | Loading tokenizer from Qwen/Qwen2.5-0.5B-Instruct
2026-06-02 19:55:12,912 | INFO | HTTP Request: HEAD https://huggingface.co/Qwen/Qwen2.5-0.5B-Instruct/resolve/main/config.json "HTTP/1.1 307 Temporary Redirect"
2026-06-02 19:55:12,913 | WARNING | Warning: You are sending unauthenticated requests to the HF Hub. Please set a HF_TOKEN to enable higher rate limits and faster downloads.
2026-06-02 19:55:12,917 | INFO | HTTP Request: HEAD https://huggingface.co/api/resolve-cache/models/Qwen/Qwen2.5-0.5B-Instruct/7ae557604adf67be50417f59c2c2f167def9a775/config.json "HTTP/1.1 200 OK"
2026-06-02 19:55:12,936 | INFO | HTTP Request: GET https://huggingface.co/api/resolve-cache/models/Qwen/Qwen2.5-0.5B-Instruct/7ae557604adf67be50417f59c2c2f167def9a775/config.json "HTTP/1.1 200 OK"
2026-06-02 19:55:13,022 | INFO | HTTP Request: HEAD https://huggingface.co/Qwen/Qwen2.5-0.5B-Instruct/resolve/main/tokenizer_config.json "HTTP/1.1 307 Temporary Redirect"
2026-06-02 19:55:13,026 | INFO | HTTP Request: HEAD https://huggingface.co/api/resolve-cache/models/Qwen/Qwen2.5-0.5B-Instruct/7ae557604adf67be50417f59c2c2f167def9a775/tokenizer_config.json "HTTP/1.1 200 OK"
2026-06-02 19:55:13,031 | INFO | HTTP Request: GET https://huggingface.co/api/resolve-cache/models/Qwen/Qwen2.5-0.5B-Instruct/7ae557604adf67be50417f59c2c2f167def9a775/tokenizer_config.json "HTTP/1.1 200 OK"
2026-06-02 19:55:13,113 | INFO | HTTP Request: GET https://huggingface.co/api/models/Qwen/Qwen2.5-0.5B-Instruct/tree/main/additional_chat_templates?recursive=false&expand=false "HTTP/1.1 404 Not Found"
2026-06-02 19:55:13,204 | INFO | HTTP Request: GET https://huggingface.co/api/models/Qwen/Qwen2.5-0.5B-Instruct/tree/main?recursive=true&expand=false "HTTP/1.1 200 OK"
2026-06-02 19:55:13,280 | INFO | HTTP Request: HEAD https://huggingface.co/Qwen/Qwen2.5-0.5B-Instruct/resolve/main/vocab.json "HTTP/1.1 307 Temporary Redirect"
2026-06-02 19:55:13,284 | INFO | HTTP Request: HEAD https://huggingface.co/api/resolve-cache/models/Qwen/Qwen2.5-0.5B-Instruct/7ae557604adf67be50417f59c2c2f167def9a775/vocab.json "HTTP/1.1 200 OK"
2026-06-02 19:55:13,289 | INFO | HTTP Request: GET https://huggingface.co/api/resolve-cache/models/Qwen/Qwen2.5-0.5B-Instruct/7ae557604adf67be50417f59c2c2f167def9a775/vocab.json "HTTP/1.1 200 OK"
2026-06-02 19:58:11,234 | INFO | Loading tokenizer from Qwen/Qwen2.5-0.5B-Instruct
2026-06-02 19:58:11,323 | INFO | HTTP Request: HEAD https://huggingface.co/Qwen/Qwen2.5-0.5B-Instruct/resolve/main/config.json "HTTP/1.1 307 Temporary Redirect"
2026-06-02 19:58:11,329 | INFO | HTTP Request: HEAD https://huggingface.co/api/resolve-cache/models/Qwen/Qwen2.5-0.5B-Instruct/7ae557604adf67be50417f59c2c2f167def9a775/config.json "HTTP/1.1 200 OK"
2026-06-02 19:58:11,337 | INFO | HTTP Request: GET https://huggingface.co/api/resolve-cache/models/Qwen/Qwen2.5-0.5B-Instruct/7ae557604adf67be50417f59c2c2f167def9a775/config.json "HTTP/1.1 200 OK"
2026-06-02 19:58:11,426 | INFO | HTTP Request: HEAD https://huggingface.co/Qwen/Qwen2.5-0.5B-Instruct/resolve/main/tokenizer_config.json "HTTP/1.1 307 Temporary Redirect"
2026-06-02 19:58:11,430 | INFO | HTTP Request: HEAD https://huggingface.co/api/resolve-cache/models/Qwen/Qwen2.5-0.5B-Instruct/7ae557604adf67be50417f59c2c2f167def9a775/tokenizer_config.json "HTTP/1.1 200 OK"
2026-06-02 19:58:11,436 | INFO | HTTP Request: GET https://huggingface.co/api/resolve-cache/models/Qwen/Qwen2.5-0.5B-Instruct/7ae557604adf67be50417f59c2c2f167def9a775/tokenizer_config.json "HTTP/1.1 200 OK"
2026-06-02 19:58:11,551 | INFO | HTTP Request: GET https://huggingface.co/api/models/Qwen/Qwen2.5-0.5B-Instruct/tree/main/additional_chat_templates?recursive=false&expand=false "HTTP/1.1 404 Not Found"
2026-06-02 19:58:11,625 | INFO | HTTP Request: GET https://huggingface.co/api/models/Qwen/Qwen2.5-0.5B-Instruct/tree/main?recursive=true&expand=false "HTTP/1.1 200 OK"
2026-06-02 19:58:11,709 | INFO | HTTP Request: HEAD https://huggingface.co/Qwen/Qwen2.5-0.5B-Instruct/resolve/main/vocab.json "HTTP/1.1 307 Temporary Redirect"
2026-06-02 19:58:11,713 | INFO | HTTP Request: HEAD https://huggingface.co/api/resolve-cache/models/Qwen/Qwen2.5-0.5B-Instruct/7ae557604adf67be50417f59c2c2f167def9a775/vocab.json "HTTP/1.1 200 OK"
2026-06-02 19:58:11,719 | INFO | HTTP Request: GET https://huggingface.co/api/resolve-cache/models/Qwen/Qwen2.5-0.5B-Instruct/7ae557604adf67be50417f59c2c2f167def9a775/vocab.json "HTTP/1.1 200 OK"
2026-06-02 19:58:11,811 | INFO | HTTP Request: HEAD https://huggingface.co/Qwen/Qwen2.5-0.5B-Instruct/resolve/main/merges.txt "HTTP/1.1 307 Temporary Redirect"
2026-06-02 19:58:11,811 | WARNING | Warning: You are sending unauthenticated requests to the HF Hub. Please set a HF_TOKEN to enable higher rate limits and faster downloads.
2026-06-02 19:58:11,815 | INFO | HTTP Request: HEAD https://huggingface.co/api/resolve-cache/models/Qwen/Qwen2.5-0.5B-Instruct/7ae557604adf67be50417f59c2c2f167def9a775/merges.txt "HTTP/1.1 200 OK"
2026-06-02 19:58:11,821 | INFO | HTTP Request: GET https://huggingface.co/api/resolve-cache/models/Qwen/Qwen2.5-0.5B-Instruct/7ae557604adf67be50417f59c2c2f167def9a775/merges.txt "HTTP/1.1 200 OK"
2026-06-02 19:58:11,906 | INFO | HTTP Request: HEAD https://huggingface.co/Qwen/Qwen2.5-0.5B-Instruct/resolve/main/tokenizer.json "HTTP/1.1 307 Temporary Redirect"
2026-06-02 19:58:11,910 | INFO | HTTP Request: HEAD https://huggingface.co/api/resolve-cache/models/Qwen/Qwen2.5-0.5B-Instruct/7ae557604adf67be50417f59c2c2f167def9a775/tokenizer.json "HTTP/1.1 200 OK"
2026-06-02 19:58:11,917 | INFO | HTTP Request: GET https://huggingface.co/api/resolve-cache/models/Qwen/Qwen2.5-0.5B-Instruct/7ae557604adf67be50417f59c2c2f167def9a775/tokenizer.json "HTTP/1.1 200 OK"
2026-06-02 19:58:12,026 | INFO | HTTP Request: HEAD https://huggingface.co/Qwen/Qwen2.5-0.5B-Instruct/resolve/main/added_tokens.json "HTTP/1.1 404 Not Found"
2026-06-02 19:58:12,098 | INFO | HTTP Request: HEAD https://huggingface.co/Qwen/Qwen2.5-0.5B-Instruct/resolve/main/special_tokens_map.json "HTTP/1.1 404 Not Found"
2026-06-02 19:58:12,172 | INFO | HTTP Request: HEAD https://huggingface.co/Qwen/Qwen2.5-0.5B-Instruct/resolve/main/chat_template.jinja "HTTP/1.1 404 Not Found"
2026-06-02 19:58:12,659 | INFO | HTTP Request: GET https://huggingface.co/api/models/Qwen/Qwen2.5-0.5B-Instruct "HTTP/1.1 200 OK"
2026-06-02 19:58:12,660 | INFO | Loading model from Qwen/Qwen2.5-0.5B-Instruct (device=auto)
2026-06-02 19:58:13,017 | INFO | HTTP Request: HEAD https://huggingface.co/Qwen/Qwen2.5-0.5B-Instruct/resolve/main/config.json "HTTP/1.1 307 Temporary Redirect"
2026-06-02 19:58:13,021 | INFO | HTTP Request: HEAD https://huggingface.co/api/resolve-cache/models/Qwen/Qwen2.5-0.5B-Instruct/7ae557604adf67be50417f59c2c2f167def9a775/config.json "HTTP/1.1 200 OK"
2026-06-02 19:58:13,255 | INFO | HTTP Request: HEAD https://huggingface.co/Qwen/Qwen2.5-0.5B-Instruct/resolve/main/model.safetensors "HTTP/1.1 302 Found"
2026-06-02 19:58:13,329 | INFO | HTTP Request: GET https://huggingface.co/Qwen/Qwen2.5-0.5B-Instruct/resolve/main/model.safetensors "HTTP/1.1 302 Found"
2026-06-02 19:58:13,443 | INFO | HTTP Request: GET https://cas-bridge.xethub.hf.co/xet-bridge-us/66e81c0ecfd2f50991047e92/bb5ff7e71536bbce6378f6d4bb523a77f1e9455965702d18bec33f599d5851f7?Expires=1780459093&Policy=eyJTdGF0ZW1lbnQiOlt7IlJlc291cmNlIjoiaHR0cHM6Ly9jYXMtYnJpZGdlLnhldGh1Yi5oZi5jby94ZXQtYnJpZGdlLXVzLzY2ZTgxYzBlY2ZkMmY1MDk5MTA0N2U5Mi9iYjVmZjdlNzE1MzZiYmNlNjM3OGY2ZDRiYjUyM2E3N2YxZTk0NTU5NjU3MDJkMThiZWMzM2Y1OTlkNTg1MWY3KiIsIkNvbmRpdGlvbiI6eyJEYXRlTGVzc1RoYW4iOnsiQVdTOkVwb2NoVGltZSI6MTc4MDQ1OTA5M319fV19&Signature=MEUCIQDMFXruqiq3eW-5B2xeJrx6nylxnk72AUstGhqQFmSVWAIgfQ00jovPWb%7EBdQQ5dqXYC5jTNiHIw49Zzf1Boxi8H%7EQ_&Key-Pair-Id=K1LYXO563TGWFU&X-Xet-Cas-Uid=public&response-content-disposition=inline%3B+filename*%3DUTF-8%27%27model.safetensors%3B+filename%3D%22model.safetensors%22%3B&X-Amz-Algorithm=AWS4-HMAC-SHA256&X-Amz-Credential=cas%2F20260603%2Fus-east-1%2Fs3%2Faws4_request&X-Amz-Date=20260603T025813Z&X-Amz-Expires=3600&X-Amz-SignedHeaders=host&X-Amz-Signature=0121c863904c406f36d76b8da502fcb93307edd8d6893ef9668c58bc002f6bbf "HTTP/1.1 200 OK"
2026-06-02 19:58:22,971 | INFO | HTTP Request: HEAD https://huggingface.co/Qwen/Qwen2.5-0.5B-Instruct/resolve/main/generation_config.json "HTTP/1.1 307 Temporary Redirect"
2026-06-02 19:58:22,976 | INFO | HTTP Request: HEAD https://huggingface.co/api/resolve-cache/models/Qwen/Qwen2.5-0.5B-Instruct/7ae557604adf67be50417f59c2c2f167def9a775/generation_config.json "HTTP/1.1 200 OK"
2026-06-02 19:58:22,981 | INFO | HTTP Request: GET https://huggingface.co/api/resolve-cache/models/Qwen/Qwen2.5-0.5B-Instruct/7ae557604adf67be50417f59c2c2f167def9a775/generation_config.json "HTTP/1.1 200 OK"
2026-06-02 19:58:23,059 | INFO | HTTP Request: HEAD https://huggingface.co/Qwen/Qwen2.5-0.5B-Instruct/resolve/main/custom_generate/generate.py "HTTP/1.1 404 Not Found"
2026-06-02 19:58:23,061 | INFO | Model loaded. Peak GPU memory: 0.99 GB
2026-06-02 19:58:23,075 | INFO | [0] Processing movie_id=460465 batch_id=batch_0
2026-06-02 19:58:43,299 | INFO | [1] Processing movie_id=299536 batch_id=batch_1
2026-06-02 19:58:56,107 | INFO | [2] Processing movie_id=361743 batch_id=batch_2
2026-06-02 19:59:03,097 | WARNING | JSON parse error: Extra data: line 12 column 1 (char 213) | raw: {
  "hype": 0.25,
  "skepticism": 0.15,
  "purchase_intent": 0.1,
  "sequel_fatigue": 0.1,
  "nostalgia": 0.1,
  "controversy": 0.05,
  "cast_interest": 0.05,
  "vfx_excitement": 0.05,
  "story_confus
2026-06-02 19:59:03,107 | INFO | [3] Processing movie_id=634649 batch_id=batch_3
2026-06-02 19:59:07,245 | WARNING | Missing keys in JSON output: {'positive_sentiment'}
2026-06-02 19:59:07,252 | INFO | [4] Processing movie_id=299534 batch_id=batch_4
2026-06-02 19:59:12,753 | INFO | [5] Processing movie_id=533535 batch_id=batch_5
2026-06-02 19:59:17,355 | INFO | [6] Processing movie_id=1022789 batch_id=batch_6
2026-06-02 19:59:22,874 | INFO | [7] Processing movie_id=872585 batch_id=batch_7
2026-06-02 19:59:28,378 | INFO | [8] Processing movie_id=866398 batch_id=batch_8
2026-06-02 19:59:47,436 | INFO | [9] Processing movie_id=315635 batch_id=batch_9
2026-06-02 19:59:50,686 | INFO | Reached sample_limit=10, stopping.
2026-06-02 19:59:50,687 | INFO | ============================================================
2026-06-02 19:59:50,687 | INFO | DONE. Total batches processed: 10
2026-06-02 19:59:50,687 | INFO | Valid JSON outputs: 3 (30.0%)
2026-06-02 19:59:50,687 | INFO | Invalid JSON: 7 | Errors: 0
2026-06-02 19:59:50,687 | INFO | Total runtime: 87.63 seconds (8.7625 sec/batch)
2026-06-02 19:59:50,687 | INFO | Peak GPU memory: 1.13 GB
2026-06-02 19:59:50,687 | INFO | Output written to: /gpfs/home/krischow/semantic_features_fixed_test.jsonl
2026-06-02 20:02:38,004 | INFO | Loading tokenizer from Qwen/Qwen2.5-7B-Instruct
2026-06-02 20:02:38,104 | INFO | HTTP Request: HEAD https://huggingface.co/Qwen/Qwen2.5-7B-Instruct/resolve/main/config.json "HTTP/1.1 307 Temporary Redirect"
2026-06-02 20:02:38,109 | INFO | HTTP Request: HEAD https://huggingface.co/api/resolve-cache/models/Qwen/Qwen2.5-7B-Instruct/a09a35458c702b33eeacc393d103063234e8bc28/config.json "HTTP/1.1 200 OK"
2026-06-02 20:02:38,117 | INFO | HTTP Request: GET https://huggingface.co/api/resolve-cache/models/Qwen/Qwen2.5-7B-Instruct/a09a35458c702b33eeacc393d103063234e8bc28/config.json "HTTP/1.1 200 OK"
2026-06-02 20:02:38,197 | INFO | HTTP Request: HEAD https://huggingface.co/Qwen/Qwen2.5-7B-Instruct/resolve/main/tokenizer_config.json "HTTP/1.1 307 Temporary Redirect"
2026-06-02 20:02:38,201 | INFO | HTTP Request: HEAD https://huggingface.co/api/resolve-cache/models/Qwen/Qwen2.5-7B-Instruct/a09a35458c702b33eeacc393d103063234e8bc28/tokenizer_config.json "HTTP/1.1 200 OK"
2026-06-02 20:02:38,207 | INFO | HTTP Request: GET https://huggingface.co/api/resolve-cache/models/Qwen/Qwen2.5-7B-Instruct/a09a35458c702b33eeacc393d103063234e8bc28/tokenizer_config.json "HTTP/1.1 200 OK"
2026-06-02 20:02:38,286 | INFO | HTTP Request: GET https://huggingface.co/api/models/Qwen/Qwen2.5-7B-Instruct/tree/main/additional_chat_templates?recursive=false&expand=false "HTTP/1.1 404 Not Found"
2026-06-02 20:02:38,364 | INFO | HTTP Request: GET https://huggingface.co/api/models/Qwen/Qwen2.5-7B-Instruct/tree/main?recursive=true&expand=false "HTTP/1.1 200 OK"
2026-06-02 20:02:38,437 | INFO | HTTP Request: HEAD https://huggingface.co/Qwen/Qwen2.5-7B-Instruct/resolve/main/vocab.json "HTTP/1.1 307 Temporary Redirect"
2026-06-02 20:02:38,437 | WARNING | Warning: You are sending unauthenticated requests to the HF Hub. Please set a HF_TOKEN to enable higher rate limits and faster downloads.
2026-06-02 20:02:38,442 | INFO | HTTP Request: HEAD https://huggingface.co/api/resolve-cache/models/Qwen/Qwen2.5-7B-Instruct/a09a35458c702b33eeacc393d103063234e8bc28/vocab.json "HTTP/1.1 200 OK"
2026-06-02 20:02:38,449 | INFO | HTTP Request: GET https://huggingface.co/api/resolve-cache/models/Qwen/Qwen2.5-7B-Instruct/a09a35458c702b33eeacc393d103063234e8bc28/vocab.json "HTTP/1.1 200 OK"
2026-06-02 20:02:38,593 | INFO | HTTP Request: HEAD https://huggingface.co/Qwen/Qwen2.5-7B-Instruct/resolve/main/merges.txt "HTTP/1.1 307 Temporary Redirect"
2026-06-02 20:02:38,598 | INFO | HTTP Request: HEAD https://huggingface.co/api/resolve-cache/models/Qwen/Qwen2.5-7B-Instruct/a09a35458c702b33eeacc393d103063234e8bc28/merges.txt "HTTP/1.1 200 OK"
2026-06-02 20:02:38,605 | INFO | HTTP Request: GET https://huggingface.co/api/resolve-cache/models/Qwen/Qwen2.5-7B-Instruct/a09a35458c702b33eeacc393d103063234e8bc28/merges.txt "HTTP/1.1 200 OK"
2026-06-02 20:02:38,689 | INFO | HTTP Request: HEAD https://huggingface.co/Qwen/Qwen2.5-7B-Instruct/resolve/main/tokenizer.json "HTTP/1.1 307 Temporary Redirect"
2026-06-02 20:02:38,694 | INFO | HTTP Request: HEAD https://huggingface.co/api/resolve-cache/models/Qwen/Qwen2.5-7B-Instruct/a09a35458c702b33eeacc393d103063234e8bc28/tokenizer.json "HTTP/1.1 200 OK"
2026-06-02 20:02:38,701 | INFO | HTTP Request: GET https://huggingface.co/api/resolve-cache/models/Qwen/Qwen2.5-7B-Instruct/a09a35458c702b33eeacc393d103063234e8bc28/tokenizer.json "HTTP/1.1 200 OK"
2026-06-02 20:02:38,813 | INFO | HTTP Request: HEAD https://huggingface.co/Qwen/Qwen2.5-7B-Instruct/resolve/main/added_tokens.json "HTTP/1.1 404 Not Found"
2026-06-02 20:02:38,891 | INFO | HTTP Request: HEAD https://huggingface.co/Qwen/Qwen2.5-7B-Instruct/resolve/main/special_tokens_map.json "HTTP/1.1 404 Not Found"
2026-06-02 20:02:38,966 | INFO | HTTP Request: HEAD https://huggingface.co/Qwen/Qwen2.5-7B-Instruct/resolve/main/chat_template.jinja "HTTP/1.1 404 Not Found"
2026-06-02 20:02:39,431 | INFO | HTTP Request: GET https://huggingface.co/api/models/Qwen/Qwen2.5-7B-Instruct "HTTP/1.1 200 OK"
2026-06-02 20:02:39,433 | INFO | Loading model from Qwen/Qwen2.5-7B-Instruct (device=auto)
2026-06-02 20:02:39,790 | INFO | HTTP Request: HEAD https://huggingface.co/Qwen/Qwen2.5-7B-Instruct/resolve/main/config.json "HTTP/1.1 307 Temporary Redirect"
2026-06-02 20:02:39,794 | INFO | HTTP Request: HEAD https://huggingface.co/api/resolve-cache/models/Qwen/Qwen2.5-7B-Instruct/a09a35458c702b33eeacc393d103063234e8bc28/config.json "HTTP/1.1 200 OK"
2026-06-02 20:02:39,991 | INFO | HTTP Request: HEAD https://huggingface.co/Qwen/Qwen2.5-7B-Instruct/resolve/main/model.safetensors "HTTP/1.1 404 Not Found"
2026-06-02 20:02:40,063 | INFO | HTTP Request: HEAD https://huggingface.co/Qwen/Qwen2.5-7B-Instruct/resolve/main/model.safetensors.index.json "HTTP/1.1 307 Temporary Redirect"
2026-06-02 20:02:40,068 | INFO | HTTP Request: HEAD https://huggingface.co/api/resolve-cache/models/Qwen/Qwen2.5-7B-Instruct/a09a35458c702b33eeacc393d103063234e8bc28/model.safetensors.index.json "HTTP/1.1 200 OK"
2026-06-02 20:02:40,074 | INFO | HTTP Request: GET https://huggingface.co/api/resolve-cache/models/Qwen/Qwen2.5-7B-Instruct/a09a35458c702b33eeacc393d103063234e8bc28/model.safetensors.index.json "HTTP/1.1 200 OK"
2026-06-02 20:02:40,152 | INFO | HTTP Request: GET https://huggingface.co/api/models/Qwen/Qwen2.5-7B-Instruct/revision/main "HTTP/1.1 200 OK"
2026-06-02 20:02:40,232 | INFO | HTTP Request: HEAD https://huggingface.co/Qwen/Qwen2.5-7B-Instruct/resolve/a09a35458c702b33eeacc393d103063234e8bc28/model-00001-of-00004.safetensors "HTTP/1.1 302 Found"
2026-06-02 20:02:40,242 | INFO | HTTP Request: HEAD https://huggingface.co/Qwen/Qwen2.5-7B-Instruct/resolve/a09a35458c702b33eeacc393d103063234e8bc28/model-00004-of-00004.safetensors "HTTP/1.1 302 Found"
2026-06-02 20:02:40,243 | INFO | HTTP Request: HEAD https://huggingface.co/Qwen/Qwen2.5-7B-Instruct/resolve/a09a35458c702b33eeacc393d103063234e8bc28/model-00003-of-00004.safetensors "HTTP/1.1 302 Found"
2026-06-02 20:02:40,247 | INFO | HTTP Request: HEAD https://huggingface.co/Qwen/Qwen2.5-7B-Instruct/resolve/a09a35458c702b33eeacc393d103063234e8bc28/model-00002-of-00004.safetensors "HTTP/1.1 302 Found"
2026-06-02 20:02:40,309 | INFO | HTTP Request: GET https://huggingface.co/Qwen/Qwen2.5-7B-Instruct/resolve/a09a35458c702b33eeacc393d103063234e8bc28/model-00001-of-00004.safetensors "HTTP/1.1 302 Found"
2026-06-02 20:02:40,318 | INFO | HTTP Request: GET https://huggingface.co/Qwen/Qwen2.5-7B-Instruct/resolve/a09a35458c702b33eeacc393d103063234e8bc28/model-00004-of-00004.safetensors "HTTP/1.1 302 Found"
2026-06-02 20:02:40,323 | INFO | HTTP Request: GET https://huggingface.co/Qwen/Qwen2.5-7B-Instruct/resolve/a09a35458c702b33eeacc393d103063234e8bc28/model-00003-of-00004.safetensors "HTTP/1.1 302 Found"
2026-06-02 20:02:40,331 | INFO | HTTP Request: GET https://cas-bridge.xethub.hf.co/xet-bridge-us/66e81cbcd683a3f4e5291bbf/22555b6a3a2093431facfb11807dd591855196ee19b8543dcc05a66d16a39892?Expires=1780459360&Policy=eyJTdGF0ZW1lbnQiOlt7IlJlc291cmNlIjoiaHR0cHM6Ly9jYXMtYnJpZGdlLnhldGh1Yi5oZi5jby94ZXQtYnJpZGdlLXVzLzY2ZTgxY2JjZDY4M2EzZjRlNTI5MWJiZi8yMjU1NWI2YTNhMjA5MzQzMWZhY2ZiMTE4MDdkZDU5MTg1NTE5NmVlMTliODU0M2RjYzA1YTY2ZDE2YTM5ODkyKiIsIkNvbmRpdGlvbiI6eyJEYXRlTGVzc1RoYW4iOnsiQVdTOkVwb2NoVGltZSI6MTc4MDQ1OTM2MH19fV19&Signature=MEYCIQDAOtYrIWqn9I4EQqriNWVzG7SEw08lzFjs5TPHyy6J-gIhAPaIHyljwPcaf5a2k%7EV8D9TaEXj84g0obVOdRG6hBGqH&Key-Pair-Id=K1LYXO563TGWFU&X-Xet-Cas-Uid=public&response-content-disposition=inline%3B+filename*%3DUTF-8%27%27model-00004-of-00004.safetensors%3B+filename%3D%22model-00004-of-00004.safetensors%22%3B&X-Amz-Algorithm=AWS4-HMAC-SHA256&X-Amz-Credential=cas%2F20260603%2Fus-east-1%2Fs3%2Faws4_request&X-Amz-Date=20260603T030240Z&X-Amz-Expires=3600&X-Amz-SignedHeaders=host&X-Amz-Signature=393620762f8eed3e3f826f27433e14151173030e9ae0eac568b4380d3d46a49d "HTTP/1.1 200 OK"
2026-06-02 20:02:40,332 | INFO | HTTP Request: GET https://cas-bridge.xethub.hf.co/xet-bridge-us/66e81cbcd683a3f4e5291bbf/ddfa1ff25e39c57076e10f1a8b02cc96888ce69b0717f0d296c57b842695c965?Expires=1780459360&Policy=eyJTdGF0ZW1lbnQiOlt7IlJlc291cmNlIjoiaHR0cHM6Ly9jYXMtYnJpZGdlLnhldGh1Yi5oZi5jby94ZXQtYnJpZGdlLXVzLzY2ZTgxY2JjZDY4M2EzZjRlNTI5MWJiZi9kZGZhMWZmMjVlMzljNTcwNzZlMTBmMWE4YjAyY2M5Njg4OGNlNjliMDcxN2YwZDI5NmM1N2I4NDI2OTVjOTY1KiIsIkNvbmRpdGlvbiI6eyJEYXRlTGVzc1RoYW4iOnsiQVdTOkVwb2NoVGltZSI6MTc4MDQ1OTM2MH19fV19&Signature=MEUCICsunDcKb3ILK2H61NIl7hiLvWkIJ1VsGK5VKpaZIJVuAiEAwPo406mhkWWmBR7kUyFKXD0hXSPggIZPkHurFLbso4A_&Key-Pair-Id=K1LYXO563TGWFU&response-content-disposition=inline%3B+filename*%3DUTF-8%27%27model-00001-of-00004.safetensors%3B+filename%3D%22model-00001-of-00004.safetensors%22%3B&X-Xet-Cas-Uid=public&X-Amz-Algorithm=AWS4-HMAC-SHA256&X-Amz-Credential=cas%2F20260603%2Fus-east-1%2Fs3%2Faws4_request&X-Amz-Date=20260603T030240Z&X-Amz-Expires=3600&X-Amz-SignedHeaders=host&X-Amz-Signature=78f99cc9bb08af7641cf992ada32f984ca7f53377878cdecd47086aab6fdbb56 "HTTP/1.1 200 OK"
2026-06-02 20:02:40,333 | INFO | HTTP Request: GET https://huggingface.co/Qwen/Qwen2.5-7B-Instruct/resolve/a09a35458c702b33eeacc393d103063234e8bc28/model-00002-of-00004.safetensors "HTTP/1.1 302 Found"
2026-06-02 20:02:40,340 | INFO | HTTP Request: GET https://cas-bridge.xethub.hf.co/xet-bridge-us/66e81cbcd683a3f4e5291bbf/4d520dc8bdd4416c539421314778ea8bae719387b2d14e13dd4dbb3bd2d74018?Expires=1780459360&Policy=eyJTdGF0ZW1lbnQiOlt7IlJlc291cmNlIjoiaHR0cHM6Ly9jYXMtYnJpZGdlLnhldGh1Yi5oZi5jby94ZXQtYnJpZGdlLXVzLzY2ZTgxY2JjZDY4M2EzZjRlNTI5MWJiZi80ZDUyMGRjOGJkZDQ0MTZjNTM5NDIxMzE0Nzc4ZWE4YmFlNzE5Mzg3YjJkMTRlMTNkZDRkYmIzYmQyZDc0MDE4KiIsIkNvbmRpdGlvbiI6eyJEYXRlTGVzc1RoYW4iOnsiQVdTOkVwb2NoVGltZSI6MTc4MDQ1OTM2MH19fV19&Signature=MEYCIQC44Y1It4p%7EWYH4VPW%7EN4zNeiYOx8NveyZLe98gN5jQmwIhAIYPbmntbbxs0FzWNeOoj-w3CvdKODBuV3%7EodypTBD0R&Key-Pair-Id=K1LYXO563TGWFU&response-content-disposition=inline%3B+filename*%3DUTF-8%27%27model-00003-of-00004.safetensors%3B+filename%3D%22model-00003-of-00004.safetensors%22%3B&X-Xet-Cas-Uid=public&X-Amz-Algorithm=AWS4-HMAC-SHA256&X-Amz-Credential=cas%2F20260603%2Fus-east-1%2Fs3%2Faws4_request&X-Amz-Date=20260603T030240Z&X-Amz-Expires=3600&X-Amz-SignedHeaders=host&X-Amz-Signature=3b7a7a6a3bcdbeed7a046f5d1a829d3ec544c5a15a12479bfcacfedc4ce6253d "HTTP/1.1 200 OK"
2026-06-02 20:02:40,366 | INFO | HTTP Request: GET https://cas-bridge.xethub.hf.co/xet-bridge-us/66e81cbcd683a3f4e5291bbf/7a5652df2a86bd1ac6bfd0de4a00fb014360f98669f437fda9a4641947a28520?Expires=1780459360&Policy=eyJTdGF0ZW1lbnQiOlt7IlJlc291cmNlIjoiaHR0cHM6Ly9jYXMtYnJpZGdlLnhldGh1Yi5oZi5jby94ZXQtYnJpZGdlLXVzLzY2ZTgxY2JjZDY4M2EzZjRlNTI5MWJiZi83YTU2NTJkZjJhODZiZDFhYzZiZmQwZGU0YTAwZmIwMTQzNjBmOTg2NjlmNDM3ZmRhOWE0NjQxOTQ3YTI4NTIwKiIsIkNvbmRpdGlvbiI6eyJEYXRlTGVzc1RoYW4iOnsiQVdTOkVwb2NoVGltZSI6MTc4MDQ1OTM2MH19fV19&Signature=MEUCIQCD3wr%7EcUREcHMxscg98CtNMAJ6%7EfQhCzigtxlEiOpECAIgKxiQ0MJjwzGHXmjKJr9PMWrzadmVwYN7C-mbx07%7E0kg_&Key-Pair-Id=K1LYXO563TGWFU&response-content-disposition=inline%3B+filename*%3DUTF-8%27%27model-00002-of-00004.safetensors%3B+filename%3D%22model-00002-of-00004.safetensors%22%3B&X-Xet-Cas-Uid=public&X-Amz-Algorithm=AWS4-HMAC-SHA256&X-Amz-Credential=cas%2F20260603%2Fus-east-1%2Fs3%2Faws4_request&X-Amz-Date=20260603T030240Z&X-Amz-Expires=3600&X-Amz-SignedHeaders=host&X-Amz-Signature=472f8dfd8a8c0153d6180915c30dc79d21b029013cbdc7e4ded5d70478d4d488 "HTTP/1.1 200 OK"
2026-06-02 20:05:04,706 | INFO | HTTP Request: HEAD https://huggingface.co/Qwen/Qwen2.5-7B-Instruct/resolve/main/generation_config.json "HTTP/1.1 307 Temporary Redirect"
2026-06-02 20:05:04,711 | INFO | HTTP Request: HEAD https://huggingface.co/api/resolve-cache/models/Qwen/Qwen2.5-7B-Instruct/a09a35458c702b33eeacc393d103063234e8bc28/generation_config.json "HTTP/1.1 200 OK"
2026-06-02 20:05:04,723 | INFO | HTTP Request: GET https://huggingface.co/api/resolve-cache/models/Qwen/Qwen2.5-7B-Instruct/a09a35458c702b33eeacc393d103063234e8bc28/generation_config.json "HTTP/1.1 200 OK"
2026-06-02 20:05:04,807 | INFO | HTTP Request: HEAD https://huggingface.co/Qwen/Qwen2.5-7B-Instruct/resolve/main/custom_generate/generate.py "HTTP/1.1 404 Not Found"
2026-06-02 20:05:04,809 | INFO | Model loaded. Peak GPU memory: 15.23 GB
2026-06-02 20:05:04,821 | INFO | [0] Processing movie_id=460465 batch_id=batch_0
2026-06-02 20:05:14,844 | INFO | [1] Processing movie_id=299536 batch_id=batch_1
2026-06-02 20:05:24,284 | INFO | [2] Processing movie_id=361743 batch_id=batch_2
2026-06-02 20:05:37,463 | INFO | [3] Processing movie_id=634649 batch_id=batch_3
2026-06-02 20:05:43,433 | INFO | [4] Processing movie_id=299534 batch_id=batch_4
2026-06-02 20:05:47,472 | INFO | [5] Processing movie_id=533535 batch_id=batch_5
2026-06-02 20:05:51,193 | INFO | [6] Processing movie_id=1022789 batch_id=batch_6
2026-06-02 20:05:54,527 | INFO | [7] Processing movie_id=872585 batch_id=batch_7
2026-06-02 20:05:57,278 | INFO | [8] Processing movie_id=866398 batch_id=batch_8
2026-06-02 20:06:07,470 | INFO | [9] Processing movie_id=315635 batch_id=batch_9
2026-06-02 20:06:10,535 | INFO | [10] Processing movie_id=438631 batch_id=batch_10
2026-06-02 20:06:13,704 | INFO | [11] Processing movie_id=214756 batch_id=batch_11
2026-06-02 20:06:16,699 | INFO | [12] Processing movie_id=567609 batch_id=batch_12
2026-06-02 20:06:19,592 | INFO | [13] Processing movie_id=346698 batch_id=batch_13
2026-06-02 20:06:28,837 | INFO | [14] Processing movie_id=569094 batch_id=batch_14
2026-06-02 20:06:32,503 | INFO | [15] Processing movie_id=335984 batch_id=batch_15
2026-06-02 20:06:37,481 | INFO | [16] Processing movie_id=664767 batch_id=batch_16
2026-06-02 20:06:41,246 | INFO | [17] Processing movie_id=429617 batch_id=batch_17
2026-06-02 20:06:44,259 | INFO | [18] Processing movie_id=693134 batch_id=batch_18
2026-06-02 20:06:47,362 | INFO | [19] Processing movie_id=985939 batch_id=batch_19
2026-06-02 20:06:50,799 | INFO | Reached sample_limit=20, stopping.
2026-06-02 20:06:50,799 | INFO | ============================================================
2026-06-02 20:06:50,799 | INFO | DONE. Total batches processed: 20
2026-06-02 20:06:50,799 | INFO | Valid JSON outputs: 20 (100.0%)
2026-06-02 20:06:50,799 | INFO | Invalid JSON: 0 | Errors: 0
2026-06-02 20:06:50,799 | INFO | Total runtime: 105.99 seconds (5.2995 sec/batch)
2026-06-02 20:06:50,799 | INFO | Peak GPU memory: 15.80 GB
2026-06-02 20:06:50,799 | INFO | Output written to: /gpfs/home/krischow/semantic_features_7b_test.jsonl
2026-06-03 11:06:53,131 | INFO | Loading tokenizer from Qwen/Qwen2.5-7B-Instruct
2026-06-03 11:06:53,218 | INFO | HTTP Request: HEAD https://huggingface.co/Qwen/Qwen2.5-7B-Instruct/resolve/main/config.json "HTTP/1.1 307 Temporary Redirect"
2026-06-03 11:06:53,219 | WARNING | Warning: You are sending unauthenticated requests to the HF Hub. Please set a HF_TOKEN to enable higher rate limits and faster downloads.
2026-06-03 11:06:53,223 | INFO | HTTP Request: HEAD https://huggingface.co/api/resolve-cache/models/Qwen/Qwen2.5-7B-Instruct/a09a35458c702b33eeacc393d103063234e8bc28/config.json "HTTP/1.1 200 OK"
2026-06-03 11:06:53,315 | INFO | HTTP Request: HEAD https://huggingface.co/Qwen/Qwen2.5-7B-Instruct/resolve/main/tokenizer_config.json "HTTP/1.1 307 Temporary Redirect"
2026-06-03 11:06:53,319 | INFO | HTTP Request: HEAD https://huggingface.co/api/resolve-cache/models/Qwen/Qwen2.5-7B-Instruct/a09a35458c702b33eeacc393d103063234e8bc28/tokenizer_config.json "HTTP/1.1 200 OK"
2026-06-03 11:06:53,398 | INFO | HTTP Request: GET https://huggingface.co/api/models/Qwen/Qwen2.5-7B-Instruct/tree/main/additional_chat_templates?recursive=false&expand=false "HTTP/1.1 404 Not Found"
2026-06-03 11:06:53,475 | INFO | HTTP Request: GET https://huggingface.co/api/models/Qwen/Qwen2.5-7B-Instruct/tree/main?recursive=true&expand=false "HTTP/1.1 200 OK"
2026-06-03 11:06:53,923 | INFO | HTTP Request: GET https://huggingface.co/api/models/Qwen/Qwen2.5-7B-Instruct "HTTP/1.1 200 OK"
2026-06-03 11:06:53,925 | INFO | Loading model from Qwen/Qwen2.5-7B-Instruct (device=auto)
2026-06-03 11:06:54,235 | INFO | HTTP Request: HEAD https://huggingface.co/Qwen/Qwen2.5-7B-Instruct/resolve/main/config.json "HTTP/1.1 307 Temporary Redirect"
2026-06-03 11:06:54,239 | INFO | HTTP Request: HEAD https://huggingface.co/api/resolve-cache/models/Qwen/Qwen2.5-7B-Instruct/a09a35458c702b33eeacc393d103063234e8bc28/config.json "HTTP/1.1 200 OK"
2026-06-03 11:07:07,343 | INFO | HTTP Request: HEAD https://huggingface.co/Qwen/Qwen2.5-7B-Instruct/resolve/main/generation_config.json "HTTP/1.1 307 Temporary Redirect"
2026-06-03 11:07:07,347 | INFO | HTTP Request: HEAD https://huggingface.co/api/resolve-cache/models/Qwen/Qwen2.5-7B-Instruct/a09a35458c702b33eeacc393d103063234e8bc28/generation_config.json "HTTP/1.1 200 OK"
2026-06-03 11:07:07,424 | INFO | HTTP Request: HEAD https://huggingface.co/Qwen/Qwen2.5-7B-Instruct/resolve/main/custom_generate/generate.py "HTTP/1.1 404 Not Found"
2026-06-03 11:07:07,427 | INFO | Model loaded. Peak GPU memory: 15.23 GB
2026-06-03 11:07:07,439 | INFO | [0] Processing movie_id=460465 batch_id=batch_0
2026-06-03 11:07:16,920 | INFO | [1] Processing movie_id=299536 batch_id=batch_1
2026-06-03 11:07:25,688 | INFO | [2] Processing movie_id=361743 batch_id=batch_2
2026-06-03 11:07:37,840 | INFO | [3] Processing movie_id=634649 batch_id=batch_3
2026-06-03 11:07:43,909 | INFO | [4] Processing movie_id=299534 batch_id=batch_4
2026-06-03 11:07:48,414 | INFO | [5] Processing movie_id=533535 batch_id=batch_5
2026-06-03 11:07:51,949 | INFO | [6] Processing movie_id=1022789 batch_id=batch_6
2026-06-03 11:07:55,602 | INFO | [7] Processing movie_id=872585 batch_id=batch_7
2026-06-03 11:07:58,585 | INFO | [8] Processing movie_id=866398 batch_id=batch_8
2026-06-03 11:08:08,386 | INFO | [9] Processing movie_id=315635 batch_id=batch_9
2026-06-03 11:08:11,577 | INFO | [10] Processing movie_id=438631 batch_id=batch_10
2026-06-03 11:08:14,814 | INFO | [11] Processing movie_id=214756 batch_id=batch_11
2026-06-03 11:08:18,467 | INFO | [12] Processing movie_id=567609 batch_id=batch_12
2026-06-03 11:08:21,438 | INFO | [13] Processing movie_id=346698 batch_id=batch_13
2026-06-03 11:08:30,613 | INFO | [14] Processing movie_id=569094 batch_id=batch_14
2026-06-03 11:08:33,531 | INFO | [15] Processing movie_id=335984 batch_id=batch_15
2026-06-03 11:08:38,799 | INFO | [16] Processing movie_id=664767 batch_id=batch_16
2026-06-03 11:08:42,553 | INFO | [17] Processing movie_id=429617 batch_id=batch_17
2026-06-03 11:08:45,680 | INFO | [18] Processing movie_id=693134 batch_id=batch_18
2026-06-03 11:08:49,119 | INFO | [19] Processing movie_id=985939 batch_id=batch_19
2026-06-03 11:08:52,281 | INFO | [20] Processing movie_id=939243 batch_id=batch_20
2026-06-03 11:08:56,311 | INFO | [21] Processing movie_id=216015 batch_id=batch_21
2026-06-03 11:08:59,374 | INFO | [22] Processing movie_id=514847 batch_id=batch_22
2026-06-03 11:09:02,913 | INFO | [23] Processing movie_id=414906 batch_id=batch_23
2026-06-03 11:09:05,790 | INFO | [24] Processing movie_id=337167 batch_id=batch_24
2026-06-03 11:09:18,292 | INFO | [25] Processing movie_id=385687 batch_id=batch_25
2026-06-03 11:09:21,347 | INFO | [26] Processing movie_id=933260 batch_id=batch_26
2026-06-03 11:09:29,255 | INFO | [27] Processing movie_id=603692 batch_id=batch_27
2026-06-03 11:09:32,792 | INFO | [28] Processing movie_id=76600 batch_id=batch_28
2026-06-03 11:09:35,912 | INFO | [29] Processing movie_id=181808 batch_id=batch_29
2026-06-03 11:09:39,356 | INFO | [30] Processing movie_id=402431 batch_id=batch_30
2026-06-03 11:09:42,077 | INFO | [31] Processing movie_id=637649 batch_id=batch_31
2026-06-03 11:09:45,165 | INFO | [32] Processing movie_id=508947 batch_id=batch_32
2026-06-03 11:09:49,005 | INFO | [33] Processing movie_id=284054 batch_id=batch_33
2026-06-03 11:09:52,519 | INFO | [34] Processing movie_id=945961 batch_id=batch_34
2026-06-03 11:09:55,857 | INFO | [35] Processing movie_id=209112 batch_id=batch_35
2026-06-03 11:09:59,071 | INFO | [36] Processing movie_id=823464 batch_id=batch_36
2026-06-03 11:10:02,192 | INFO | [37] Processing movie_id=324786 batch_id=batch_37
2026-06-03 11:10:06,602 | INFO | [38] Processing movie_id=337404 batch_id=batch_38
2026-06-03 11:10:09,595 | INFO | [39] Processing movie_id=475557 batch_id=batch_39
2026-06-03 11:10:13,878 | INFO | [40] Processing movie_id=453395 batch_id=batch_40
2026-06-03 11:10:17,729 | INFO | [41] Processing movie_id=76341 batch_id=batch_41
2026-06-03 11:10:21,776 | INFO | [42] Processing movie_id=762509 batch_id=batch_42
2026-06-03 11:10:25,488 | INFO | [43] Processing movie_id=99861 batch_id=batch_43
2026-06-03 11:10:28,526 | INFO | [44] Processing movie_id=297762 batch_id=batch_44
2026-06-03 11:10:40,907 | INFO | [45] Processing movie_id=436969 batch_id=batch_45
2026-06-03 11:10:46,318 | INFO | [46] Processing movie_id=653346 batch_id=batch_46
2026-06-03 11:10:50,728 | INFO | [47] Processing movie_id=293660 batch_id=batch_47
2026-06-03 11:10:53,894 | INFO | [48] Processing movie_id=168259 batch_id=batch_48
2026-06-03 11:10:57,840 | INFO | [49] Processing movie_id=286217 batch_id=batch_49
2026-06-03 11:11:01,745 | INFO | Progress: 50 batches | 0.21 batches/sec | valid JSON: 49/50
2026-06-03 11:11:01,754 | INFO | [50] Processing movie_id=447365 batch_id=batch_50
2026-06-03 11:11:04,689 | INFO | [51] Processing movie_id=359410 batch_id=batch_51
2026-06-03 11:11:09,572 | INFO | [52] Processing movie_id=313369 batch_id=batch_52
2026-06-03 11:11:19,620 | INFO | [53] Processing movie_id=524047 batch_id=batch_53
2026-06-03 11:11:22,689 | INFO | [54] Processing movie_id=271110 batch_id=batch_54
2026-06-03 11:11:27,579 | INFO | [55] Processing movie_id=572802 batch_id=batch_55
2026-06-03 11:11:30,662 | INFO | [56] Processing movie_id=573435 batch_id=batch_56
2026-06-03 11:11:34,345 | INFO | [57] Processing movie_id=766507 batch_id=batch_57
2026-06-03 11:11:38,757 | INFO | [58] Processing movie_id=558449 batch_id=batch_58
2026-06-03 11:11:42,170 | INFO | [59] Processing movie_id=493529 batch_id=batch_59
2026-06-03 11:11:46,969 | INFO | [60] Processing movie_id=507086 batch_id=batch_60
2026-06-03 11:11:50,959 | INFO | [61] Processing movie_id=333339 batch_id=batch_61
2026-06-03 11:11:54,310 | INFO | [62] Processing movie_id=912649 batch_id=batch_62
2026-06-03 11:11:57,674 | INFO | [63] Processing movie_id=615457 batch_id=batch_63
2026-06-03 11:12:00,922 | INFO | [64] Processing movie_id=791373 batch_id=batch_64
2026-06-03 11:12:04,562 | INFO | [65] Processing movie_id=1072790 batch_id=batch_65
2026-06-03 11:12:07,754 | INFO | [66] Processing movie_id=284053 batch_id=batch_66
2026-06-03 11:12:11,444 | INFO | [67] Processing movie_id=505642 batch_id=batch_67
2026-06-03 11:12:15,206 | INFO | [68] Processing movie_id=493922 batch_id=batch_68
2026-06-03 11:12:18,674 | INFO | [69] Processing movie_id=546554 batch_id=batch_69
2026-06-03 11:12:22,316 | INFO | [70] Processing movie_id=466272 batch_id=batch_70
2026-06-03 11:12:25,368 | INFO | [71] Processing movie_id=181812 batch_id=batch_71
2026-06-03 11:12:28,607 | INFO | [72] Processing movie_id=575264 batch_id=batch_72
2026-06-03 11:12:32,066 | INFO | [73] Processing movie_id=458156 batch_id=batch_73
2026-06-03 11:12:35,709 | INFO | [74] Processing movie_id=273477 batch_id=batch_74
2026-06-03 11:12:40,161 | INFO | [75] Processing movie_id=296096 batch_id=batch_75
2026-06-03 11:12:43,429 | INFO | [76] Processing movie_id=508442 batch_id=batch_76
2026-06-03 11:12:46,202 | INFO | [77] Processing movie_id=615777 batch_id=batch_77
2026-06-03 11:12:49,769 | INFO | [78] Processing movie_id=490132 batch_id=batch_78
2026-06-03 11:12:53,815 | INFO | [79] Processing movie_id=259693 batch_id=batch_79
2026-06-03 11:12:57,814 | INFO | [80] Processing movie_id=545611 batch_id=batch_80
2026-06-03 11:13:02,015 | INFO | [81] Processing movie_id=1064213 batch_id=batch_81
2026-06-03 11:13:05,230 | INFO | [82] Processing movie_id=713704 batch_id=batch_82
2026-06-03 11:13:08,940 | INFO | [83] Processing movie_id=786892 batch_id=batch_83
2026-06-03 11:13:12,771 | INFO | [84] Processing movie_id=419430 batch_id=batch_84
2026-06-03 11:13:17,005 | INFO | [85] Processing movie_id=530385 batch_id=batch_85
2026-06-03 11:13:20,365 | INFO | [86] Processing movie_id=329865 batch_id=batch_86
2026-06-03 11:13:24,204 | INFO | [87] Processing movie_id=976573 batch_id=batch_87
2026-06-03 11:13:27,780 | INFO | [88] Processing movie_id=667538 batch_id=batch_88
2026-06-03 11:13:31,813 | INFO | [89] Processing movie_id=568124 batch_id=batch_89
2026-06-03 11:13:35,729 | INFO | [90] Processing movie_id=324552 batch_id=batch_90
2026-06-03 11:13:39,153 | INFO | [91] Processing movie_id=260514 batch_id=batch_91
2026-06-03 11:13:43,172 | INFO | [92] Processing movie_id=198184 batch_id=batch_92
2026-06-03 11:13:46,346 | INFO | [93] Processing movie_id=566525 batch_id=batch_93
2026-06-03 11:13:49,667 | INFO | [94] Processing movie_id=140607 batch_id=batch_94
2026-06-03 11:13:52,828 | INFO | [95] Processing movie_id=263115 batch_id=batch_95
2026-06-03 11:13:56,717 | INFO | [96] Processing movie_id=135397 batch_id=batch_96
2026-06-03 11:14:00,182 | INFO | [97] Processing movie_id=406997 batch_id=batch_97
2026-06-03 11:14:03,315 | INFO | [98] Processing movie_id=539972 batch_id=batch_98
2026-06-03 11:14:07,052 | INFO | [99] Processing movie_id=335787 batch_id=batch_99
2026-06-03 11:14:09,999 | INFO | Progress: 100 batches | 0.24 batches/sec | valid JSON: 99/100
2026-06-03 11:14:10,001 | INFO | [100] Processing movie_id=343611 batch_id=batch_100
2026-06-03 11:14:22,675 | INFO | [101] Processing movie_id=451048 batch_id=batch_101
2026-06-03 11:14:25,782 | INFO | [102] Processing movie_id=718930 batch_id=batch_102
2026-06-03 11:14:28,882 | INFO | [103] Processing movie_id=436270 batch_id=batch_103
2026-06-03 11:14:31,983 | INFO | [104] Processing movie_id=399579 batch_id=batch_104
2026-06-03 11:14:35,455 | INFO | [105] Processing movie_id=283995 batch_id=batch_105
2026-06-03 11:14:40,162 | INFO | [106] Processing movie_id=383498 batch_id=batch_106
2026-06-03 11:14:43,152 | INFO | [107] Processing movie_id=47971 batch_id=batch_107
2026-06-03 11:14:46,838 | INFO | [108] Processing movie_id=454626 batch_id=batch_108
2026-06-03 11:14:50,382 | INFO | [109] Processing movie_id=645710 batch_id=batch_109
2026-06-03 11:14:55,980 | INFO | [110] Processing movie_id=351286 batch_id=batch_110
2026-06-03 11:15:00,003 | INFO | [111] Processing movie_id=497698 batch_id=batch_111
2026-06-03 11:15:04,181 | INFO | [112] Processing movie_id=550988 batch_id=batch_112
2026-06-03 11:15:08,387 | INFO | [113] Processing movie_id=926393 batch_id=batch_113
2026-06-03 11:15:13,389 | INFO | [114] Processing movie_id=291805 batch_id=batch_114
2026-06-03 11:15:16,623 | INFO | [115] Processing movie_id=508943 batch_id=batch_115
2026-06-03 11:15:20,025 | INFO | [116] Processing movie_id=698508 batch_id=batch_116
2026-06-03 11:15:23,137 | INFO | [117] Processing movie_id=787699 batch_id=batch_117
2026-06-03 11:15:26,784 | INFO | [118] Processing movie_id=646385 batch_id=batch_118
2026-06-03 11:15:30,236 | INFO | [119] Processing movie_id=307081 batch_id=batch_119
2026-06-03 11:15:33,526 | INFO | [120] Processing movie_id=580489 batch_id=batch_120
2026-06-03 11:15:37,072 | INFO | [121] Processing movie_id=762504 batch_id=batch_121
2026-06-03 11:15:40,729 | INFO | [122] Processing movie_id=516486 batch_id=batch_122
2026-06-03 11:15:45,681 | INFO | [123] Processing movie_id=718821 batch_id=batch_123
2026-06-03 11:15:49,362 | INFO | [124] Processing movie_id=38700 batch_id=batch_124
2026-06-03 11:15:54,230 | INFO | [125] Processing movie_id=593643 batch_id=batch_125
2026-06-03 11:15:58,315 | INFO | [126] Processing movie_id=695721 batch_id=batch_126
2026-06-03 11:16:01,892 | INFO | [127] Processing movie_id=338970 batch_id=batch_127
2026-06-03 11:16:06,701 | INFO | [128] Processing movie_id=639720 batch_id=batch_128
2026-06-03 11:16:11,268 | INFO | [129] Processing movie_id=1100782 batch_id=batch_129
2026-06-03 11:16:14,429 | INFO | [130] Processing movie_id=424783 batch_id=batch_130
2026-06-03 11:16:17,494 | INFO | [131] Processing movie_id=402900 batch_id=batch_131
2026-06-03 11:16:20,800 | INFO | [132] Processing movie_id=520763 batch_id=batch_132
2026-06-03 11:16:24,288 | INFO | [133] Processing movie_id=474350 batch_id=batch_133
2026-06-03 11:16:27,666 | INFO | [134] Processing movie_id=760104 batch_id=batch_134
2026-06-03 11:16:31,519 | INFO | [135] Processing movie_id=512200 batch_id=batch_135
2026-06-03 11:16:34,728 | INFO | [136] Processing movie_id=336843 batch_id=batch_136
2026-06-03 11:16:35,218 | INFO | [137] Processing movie_id=930094 batch_id=batch_137
2026-06-03 11:16:38,840 | INFO | [138] Processing movie_id=480530 batch_id=batch_138
2026-06-03 11:16:41,625 | INFO | [139] Processing movie_id=335988 batch_id=batch_139
2026-06-03 11:16:44,992 | INFO | [140] Processing movie_id=338953 batch_id=batch_140
2026-06-03 11:16:48,364 | INFO | [141] Processing movie_id=460458 batch_id=batch_141
2026-06-03 11:16:51,223 | INFO | [142] Processing movie_id=290859 batch_id=batch_142
2026-06-03 11:16:55,084 | INFO | [143] Processing movie_id=343668 batch_id=batch_143
2026-06-03 11:16:58,469 | INFO | [144] Processing movie_id=677179 batch_id=batch_144
2026-06-03 11:17:01,863 | INFO | [145] Processing movie_id=889737 batch_id=batch_145
2026-06-03 11:17:06,616 | INFO | [146] Processing movie_id=609681 batch_id=batch_146
2026-06-03 11:17:09,912 | INFO | [147] Processing movie_id=400928 batch_id=batch_147
2026-06-03 11:17:13,329 | INFO | [148] Processing movie_id=980489 batch_id=batch_148
2026-06-03 11:17:16,312 | INFO | [149] Processing movie_id=1111873 batch_id=batch_149
2026-06-03 11:17:19,396 | INFO | Progress: 150 batches | 0.25 batches/sec | valid JSON: 148/150
2026-06-03 11:17:19,403 | INFO | [150] Processing movie_id=312221 batch_id=batch_150
2026-06-03 11:17:24,458 | INFO | [151] Processing movie_id=646380 batch_id=batch_151
2026-06-03 11:17:27,961 | INFO | [152] Processing movie_id=363088 batch_id=batch_152
2026-06-03 11:17:31,398 | INFO | [153] Processing movie_id=725201 batch_id=batch_153
2026-06-03 11:17:34,820 | INFO | [154] Processing movie_id=697843 batch_id=batch_154
2026-06-03 11:17:38,217 | INFO | [155] Processing movie_id=929590 batch_id=batch_155
2026-06-03 11:17:42,145 | INFO | [156] Processing movie_id=483906 batch_id=batch_156
2026-06-03 11:17:45,370 | INFO | [157] Processing movie_id=968051 batch_id=batch_157
2026-06-03 11:17:48,823 | INFO | [158] Processing movie_id=282035 batch_id=batch_158
2026-06-03 11:17:52,024 | INFO | [159] Processing movie_id=283366 batch_id=batch_159
2026-06-03 11:17:54,878 | INFO | [160] Processing movie_id=450465 batch_id=batch_160
2026-06-03 11:17:57,846 | INFO | [161] Processing movie_id=273248 batch_id=batch_161
2026-06-03 11:18:01,957 | INFO | [162] Processing movie_id=302946 batch_id=batch_162
2026-06-03 11:18:04,745 | INFO | [163] Processing movie_id=423204 batch_id=batch_163
2026-06-03 11:18:08,459 | INFO | [164] Processing movie_id=278154 batch_id=batch_164
2026-06-03 11:18:11,565 | INFO | [165] Processing movie_id=670292 batch_id=batch_165
2026-06-03 11:18:16,766 | INFO | [166] Processing movie_id=348350 batch_id=batch_166
2026-06-03 11:18:20,168 | INFO | [167] Processing movie_id=339964 batch_id=batch_167
2026-06-03 11:18:23,479 | INFO | [168] Processing movie_id=270303 batch_id=batch_168
2026-06-03 11:18:27,594 | INFO | [169] Processing movie_id=297761 batch_id=batch_169
2026-06-03 11:18:30,794 | INFO | [170] Processing movie_id=400535 batch_id=batch_170
2026-06-03 11:18:33,935 | INFO | [171] Processing movie_id=300671 batch_id=batch_171
2026-06-03 11:18:38,605 | INFO | [172] Processing movie_id=262500 batch_id=batch_172
2026-06-03 11:18:41,895 | INFO | [173] Processing movie_id=310131 batch_id=batch_173
2026-06-03 11:18:45,887 | INFO | [174] Processing movie_id=762441 batch_id=batch_174
2026-06-03 11:18:49,344 | INFO | [175] Processing movie_id=281338 batch_id=batch_175
2026-06-03 11:18:53,396 | INFO | [176] Processing movie_id=341174 batch_id=batch_176
2026-06-03 11:18:57,709 | INFO | [177] Processing movie_id=969492 batch_id=batch_177
2026-06-03 11:19:02,134 | INFO | [178] Processing movie_id=1138194 batch_id=batch_178
2026-06-03 11:19:05,950 | INFO | [179] Processing movie_id=346910 batch_id=batch_179
2026-06-03 11:19:09,671 | INFO | [180] Processing movie_id=661374 batch_id=batch_180
2026-06-03 11:19:13,982 | INFO | [181] Processing movie_id=290250 batch_id=batch_181
2026-06-03 11:19:16,825 | INFO | [182] Processing movie_id=640146 batch_id=batch_182
2026-06-03 11:19:20,184 | INFO | [183] Processing movie_id=392044 batch_id=batch_183
2026-06-03 11:19:23,241 | INFO | [184] Processing movie_id=337339 batch_id=batch_184
2026-06-03 11:19:27,037 | INFO | [185] Processing movie_id=318846 batch_id=batch_185
2026-06-03 11:19:31,397 | INFO | [186] Processing movie_id=877703 batch_id=batch_186
2026-06-03 11:19:35,059 | INFO | [187] Processing movie_id=495764 batch_id=batch_187
2026-06-03 11:19:39,571 | INFO | [188] Processing movie_id=449443 batch_id=batch_188
2026-06-03 11:19:42,708 | INFO | [189] Processing movie_id=131634 batch_id=batch_189
2026-06-03 11:19:46,575 | INFO | [190] Processing movie_id=353486 batch_id=batch_190
2026-06-03 11:19:49,827 | INFO | [191] Processing movie_id=464052 batch_id=batch_191
2026-06-03 11:19:53,160 | INFO | [192] Processing movie_id=531309 batch_id=batch_192
2026-06-03 11:19:56,270 | INFO | [193] Processing movie_id=268896 batch_id=batch_193
2026-06-03 11:20:00,711 | INFO | [194] Processing movie_id=1008042 batch_id=batch_194
2026-06-03 11:20:04,178 | INFO | [195] Processing movie_id=1032823 batch_id=batch_195
2026-06-03 11:20:07,830 | INFO | [196] Processing movie_id=500664 batch_id=batch_196
2026-06-03 11:20:11,527 | INFO | [197] Processing movie_id=545609 batch_id=batch_197
2026-06-03 11:20:14,762 | INFO | [198] Processing movie_id=522627 batch_id=batch_198
2026-06-03 11:20:18,108 | INFO | [199] Processing movie_id=646389 batch_id=batch_199
2026-06-03 11:20:22,651 | INFO | Progress: 200 batches | 0.25 batches/sec | valid JSON: 197/200
2026-06-03 11:20:22,658 | INFO | [200] Processing movie_id=287947 batch_id=batch_200
2026-06-03 11:20:25,858 | INFO | [201] Processing movie_id=188927 batch_id=batch_201
2026-06-03 11:20:29,975 | INFO | [202] Processing movie_id=263472 batch_id=batch_202
2026-06-03 11:20:33,477 | INFO | [203] Processing movie_id=385128 batch_id=batch_203
2026-06-03 11:20:36,951 | INFO | [204] Processing movie_id=840705 batch_id=batch_204
2026-06-03 11:20:40,030 | INFO | [205] Processing movie_id=274855 batch_id=batch_205
2026-06-03 11:20:44,282 | INFO | [206] Processing movie_id=753342 batch_id=batch_206
2026-06-03 11:20:48,723 | INFO | [207] Processing movie_id=353069 batch_id=batch_207
2026-06-03 11:20:51,664 | INFO | [208] Processing movie_id=420809 batch_id=batch_208
2026-06-03 11:20:55,926 | INFO | [209] Processing movie_id=334541 batch_id=batch_209
2026-06-03 11:21:00,987 | INFO | [210] Processing movie_id=752623 batch_id=batch_210
2026-06-03 11:21:04,498 | INFO | [211] Processing movie_id=324668 batch_id=batch_211
2026-06-03 11:21:10,934 | INFO | [212] Processing movie_id=320288 batch_id=batch_212
2026-06-03 11:21:16,931 | INFO | [213] Processing movie_id=337401 batch_id=batch_213
2026-06-03 11:21:20,439 | INFO | [214] Processing movie_id=512195 batch_id=batch_214
2026-06-03 11:21:24,414 | INFO | [215] Processing movie_id=785084 batch_id=batch_215
2026-06-03 11:21:27,766 | INFO | [216] Processing movie_id=398978 batch_id=batch_216
2026-06-03 11:21:32,292 | INFO | [217] Processing movie_id=315837 batch_id=batch_217
2026-06-03 11:21:36,642 | INFO | [218] Processing movie_id=515001 batch_id=batch_218
2026-06-03 11:21:40,804 | INFO | [219] Processing movie_id=376867 batch_id=batch_219
2026-06-03 11:21:44,347 | INFO | [220] Processing movie_id=308266 batch_id=batch_220
2026-06-03 11:21:48,570 | INFO | [221] Processing movie_id=762430 batch_id=batch_221
2026-06-03 11:21:51,770 | INFO | [222] Processing movie_id=365177 batch_id=batch_222
2026-06-03 11:21:55,118 | INFO | [223] Processing movie_id=399174 batch_id=batch_223
2026-06-03 11:21:58,238 | INFO | [224] Processing movie_id=779782 batch_id=batch_224
2026-06-03 11:22:01,964 | INFO | [225] Processing movie_id=311324 batch_id=batch_225
2026-06-03 11:22:13,915 | INFO | [226] Processing movie_id=454983 batch_id=batch_226
2026-06-03 11:22:16,791 | INFO | [227] Processing movie_id=1023922 batch_id=batch_227
2026-06-03 11:22:20,284 | INFO | [228] Processing movie_id=1072342 batch_id=batch_228
2026-06-03 11:22:23,816 | INFO | [229] Processing movie_id=547016 batch_id=batch_229
2026-06-03 11:22:27,430 | INFO | [230] Processing movie_id=614479 batch_id=batch_230
2026-06-03 11:22:30,299 | INFO | [231] Processing movie_id=505026 batch_id=batch_231
2026-06-03 11:22:33,497 | INFO | [232] Processing movie_id=882598 batch_id=batch_232
2026-06-03 11:22:36,471 | INFO | [233] Processing movie_id=814338 batch_id=batch_233
2026-06-03 11:22:40,233 | INFO | [234] Processing movie_id=744276 batch_id=batch_234
2026-06-03 11:22:43,788 | INFO | [235] Processing movie_id=1079091 batch_id=batch_235
2026-06-03 11:22:47,774 | INFO | [236] Processing movie_id=565770 batch_id=batch_236
2026-06-03 11:22:52,903 | INFO | [237] Processing movie_id=820525 batch_id=batch_237
2026-06-03 11:22:56,705 | INFO | [238] Processing movie_id=265208 batch_id=batch_238
2026-06-03 11:23:00,405 | INFO | [239] Processing movie_id=333484 batch_id=batch_239
2026-06-03 11:23:05,465 | INFO | [240] Processing movie_id=405774 batch_id=batch_240
2026-06-03 11:23:08,705 | INFO | [241] Processing movie_id=522938 batch_id=batch_241
2026-06-03 11:23:12,682 | INFO | [242] Processing movie_id=254128 batch_id=batch_242
2026-06-03 11:23:17,195 | INFO | [243] Processing movie_id=277216 batch_id=batch_243
2026-06-03 11:23:21,489 | INFO | [244] Processing movie_id=339692 batch_id=batch_244
2026-06-03 11:23:25,510 | INFO | [245] Processing movie_id=967847 batch_id=batch_245
2026-06-03 11:23:28,451 | INFO | [246] Processing movie_id=615677 batch_id=batch_246
2026-06-03 11:23:31,571 | INFO | [247] Processing movie_id=396371 batch_id=batch_247
2026-06-03 11:23:34,533 | INFO | [248] Processing movie_id=419743 batch_id=batch_248
2026-06-03 11:23:37,735 | INFO | [249] Processing movie_id=391713 batch_id=batch_249
2026-06-03 11:23:42,436 | INFO | Progress: 250 batches | 0.25 batches/sec | valid JSON: 245/250
2026-06-03 11:23:42,440 | INFO | [250] Processing movie_id=207932 batch_id=batch_250
2026-06-03 11:23:45,793 | INFO | [251] Processing movie_id=76757 batch_id=batch_251
2026-06-03 11:23:49,900 | INFO | [252] Processing movie_id=560016 batch_id=batch_252
2026-06-03 11:23:53,318 | INFO | [253] Processing movie_id=396422 batch_id=batch_253
2026-06-03 11:23:57,263 | INFO | [254] Processing movie_id=937278 batch_id=batch_254
2026-06-03 11:24:01,447 | INFO | [255] Processing movie_id=278924 batch_id=batch_255
2026-06-03 11:24:04,479 | INFO | [256] Processing movie_id=503919 batch_id=batch_256
2026-06-03 11:24:07,655 | INFO | [257] Processing movie_id=401981 batch_id=batch_257
2026-06-03 11:24:11,148 | INFO | [258] Processing movie_id=274870 batch_id=batch_258
2026-06-03 11:24:15,432 | INFO | [259] Processing movie_id=739405 batch_id=batch_259
2026-06-03 11:24:19,290 | INFO | [260] Processing movie_id=476669 batch_id=batch_260
2026-06-03 11:24:23,386 | INFO | [261] Processing movie_id=399402 batch_id=batch_261
2026-06-03 11:24:28,384 | INFO | [262] Processing movie_id=800158 batch_id=batch_262
2026-06-03 11:24:32,310 | INFO | [263] Processing movie_id=238713 batch_id=batch_263
2026-06-03 11:24:37,699 | INFO | [264] Processing movie_id=639933 batch_id=batch_264
2026-06-03 11:24:41,141 | INFO | [265] Processing movie_id=1022796 batch_id=batch_265
2026-06-03 11:24:44,219 | INFO | [266] Processing movie_id=696806 batch_id=batch_266
2026-06-03 11:24:47,527 | INFO | [267] Processing movie_id=443791 batch_id=batch_267
2026-06-03 11:24:51,855 | INFO | [268] Processing movie_id=276907 batch_id=batch_268
2026-06-03 11:24:54,722 | INFO | [269] Processing movie_id=205584 batch_id=batch_269
2026-06-03 11:24:58,121 | INFO | [270] Processing movie_id=274854 batch_id=batch_270
2026-06-03 11:25:01,104 | INFO | [271] Processing movie_id=602223 batch_id=batch_271
2026-06-03 11:25:04,091 | INFO | [272] Processing movie_id=549509 batch_id=batch_272
2026-06-03 11:25:07,351 | INFO | [273] Processing movie_id=425909 batch_id=batch_273
2026-06-03 11:25:10,665 | INFO | [274] Processing movie_id=482373 batch_id=batch_274
2026-06-03 11:25:13,704 | INFO | [275] Processing movie_id=763215 batch_id=batch_275
2026-06-03 11:25:16,780 | INFO | [276] Processing movie_id=700391 batch_id=batch_276
2026-06-03 11:25:20,493 | INFO | [277] Processing movie_id=913290 batch_id=batch_277
2026-06-03 11:25:24,086 | INFO | [278] Processing movie_id=930564 batch_id=batch_278
2026-06-03 11:25:27,155 | INFO | [279] Processing movie_id=363676 batch_id=batch_279
2026-06-03 11:25:32,060 | INFO | [280] Processing movie_id=661539 batch_id=batch_280
2026-06-03 11:25:34,898 | INFO | [281] Processing movie_id=458723 batch_id=batch_281
2026-06-03 11:25:38,244 | INFO | [282] Processing movie_id=630586 batch_id=batch_282
2026-06-03 11:25:42,623 | INFO | [283] Processing movie_id=536554 batch_id=batch_283
2026-06-03 11:25:46,391 | INFO | [284] Processing movie_id=333371 batch_id=batch_284
2026-06-03 11:25:49,884 | INFO | [285] Processing movie_id=522931 batch_id=batch_285
2026-06-03 11:25:52,891 | INFO | [286] Processing movie_id=949423 batch_id=batch_286
2026-06-03 11:25:55,901 | INFO | [287] Processing movie_id=342473 batch_id=batch_287
2026-06-03 11:26:00,566 | INFO | [288] Processing movie_id=296098 batch_id=batch_288
2026-06-03 11:26:04,735 | INFO | [289] Processing movie_id=337170 batch_id=batch_289
2026-06-03 11:26:08,402 | INFO | [290] Processing movie_id=1005331 batch_id=batch_290
2026-06-03 11:26:12,673 | INFO | [291] Processing movie_id=726209 batch_id=batch_291
2026-06-03 11:26:16,174 | INFO | [292] Processing movie_id=305470 batch_id=batch_292
2026-06-03 11:26:20,108 | INFO | [293] Processing movie_id=258489 batch_id=batch_293
2026-06-03 11:26:23,687 | INFO | [294] Processing movie_id=359940 batch_id=batch_294
2026-06-03 11:26:26,973 | INFO | [295] Processing movie_id=601666 batch_id=batch_295
2026-06-03 11:26:30,036 | INFO | [296] Processing movie_id=399057 batch_id=batch_296
2026-06-03 11:26:33,436 | INFO | [297] Processing movie_id=1075794 batch_id=batch_297
2026-06-03 11:26:37,071 | INFO | [298] Processing movie_id=1010600 batch_id=batch_298
2026-06-03 11:26:40,620 | INFO | [299] Processing movie_id=480414 batch_id=batch_299
2026-06-03 11:26:44,442 | INFO | Progress: 300 batches | 0.25 batches/sec | valid JSON: 295/300
2026-06-03 11:26:44,452 | INFO | [300] Processing movie_id=951491 batch_id=batch_300
2026-06-03 11:26:48,195 | INFO | [301] Processing movie_id=760741 batch_id=batch_301
2026-06-03 11:26:51,396 | INFO | [302] Processing movie_id=399055 batch_id=batch_302
2026-06-03 11:26:54,721 | INFO | [303] Processing movie_id=848326 batch_id=batch_303
2026-06-03 11:26:57,539 | INFO | [304] Processing movie_id=466282 batch_id=batch_304
2026-06-03 11:27:00,718 | INFO | [305] Processing movie_id=280092 batch_id=batch_305
2026-06-03 11:27:04,076 | INFO | [306] Processing movie_id=957452 batch_id=batch_306
2026-06-03 11:27:07,376 | INFO | [307] Processing movie_id=614930 batch_id=batch_307
2026-06-03 11:27:11,703 | INFO | [308] Processing movie_id=395990 batch_id=batch_308
2026-06-03 11:27:15,748 | INFO | [309] Processing movie_id=406759 batch_id=batch_309
2026-06-03 11:27:25,312 | INFO | [310] Processing movie_id=340837 batch_id=batch_310
2026-06-03 11:27:28,344 | INFO | [311] Processing movie_id=299687 batch_id=batch_311
2026-06-03 11:27:32,399 | INFO | [312] Processing movie_id=1114513 batch_id=batch_312
2026-06-03 11:27:35,891 | INFO | [313] Processing movie_id=300669 batch_id=batch_313
2026-06-03 11:27:39,864 | INFO | [314] Processing movie_id=527641 batch_id=batch_314
2026-06-03 11:27:44,484 | INFO | [315] Processing movie_id=631843 batch_id=batch_315
2026-06-03 11:27:48,224 | INFO | [316] Processing movie_id=509967 batch_id=batch_316
2026-06-03 11:27:52,740 | INFO | [317] Processing movie_id=298250 batch_id=batch_317
2026-06-03 11:27:56,327 | INFO | [318] Processing movie_id=415842 batch_id=batch_318
2026-06-03 11:27:59,422 | INFO | [319] Processing movie_id=614934 batch_id=batch_319
2026-06-03 11:28:03,715 | INFO | [320] Processing movie_id=491480 batch_id=batch_320
2026-06-03 11:28:07,869 | INFO | [321] Processing movie_id=559969 batch_id=batch_321
2026-06-03 11:28:12,262 | INFO | [322] Processing movie_id=501929 batch_id=batch_322
2026-06-03 11:28:16,040 | INFO | [323] Processing movie_id=389015 batch_id=batch_323
2026-06-03 11:28:19,066 | INFO | [324] Processing movie_id=203801 batch_id=batch_324
2026-06-03 11:28:22,205 | INFO | [325] Processing movie_id=150540 batch_id=batch_325
2026-06-03 11:28:26,310 | INFO | [326] Processing movie_id=439079 batch_id=batch_326
2026-06-03 11:28:29,653 | INFO | [327] Processing movie_id=373571 batch_id=batch_327
2026-06-03 11:28:32,620 | INFO | [328] Processing movie_id=87101 batch_id=batch_328
2026-06-03 11:28:36,369 | INFO | [329] Processing movie_id=346364 batch_id=batch_329
2026-06-03 11:28:39,844 | INFO | [330] Processing movie_id=281957 batch_id=batch_330
2026-06-03 11:28:42,808 | INFO | [331] Processing movie_id=616037 batch_id=batch_331
2026-06-03 11:28:46,372 | INFO | [332] Processing movie_id=384018 batch_id=batch_332
2026-06-03 11:28:52,868 | INFO | [333] Processing movie_id=447332 batch_id=batch_333
2026-06-03 11:28:56,461 | INFO | [334] Processing movie_id=917496 batch_id=batch_334
2026-06-03 11:29:01,119 | INFO | [335] Processing movie_id=284052 batch_id=batch_335
2026-06-03 11:29:04,576 | INFO | [336] Processing movie_id=257211 batch_id=batch_336
2026-06-03 11:29:07,882 | INFO | [337] Processing movie_id=527774 batch_id=batch_337
2026-06-03 11:29:11,142 | INFO | [338] Processing movie_id=259316 batch_id=batch_338
2026-06-03 11:29:14,375 | INFO | [339] Processing movie_id=273481 batch_id=batch_339
2026-06-03 11:29:18,061 | INFO | [340] Processing movie_id=353081 batch_id=batch_340
2026-06-03 11:29:21,952 | INFO | [341] Processing movie_id=299537 batch_id=batch_341
2026-06-03 11:29:25,091 | INFO | [342] Processing movie_id=577922 batch_id=batch_342
2026-06-03 11:29:28,918 | INFO | [343] Processing movie_id=207703 batch_id=batch_343
2026-06-03 11:29:34,182 | INFO | [344] Processing movie_id=1097549 batch_id=batch_344
2026-06-03 11:29:37,357 | INFO | [345] Processing movie_id=877817 batch_id=batch_345
2026-06-03 11:29:40,676 | INFO | [346] Processing movie_id=331482 batch_id=batch_346
2026-06-03 11:29:44,632 | INFO | [347] Processing movie_id=399566 batch_id=batch_347
2026-06-03 11:29:48,729 | INFO | [348] Processing movie_id=845781 batch_id=batch_348
2026-06-03 11:29:52,157 | INFO | [349] Processing movie_id=246655 batch_id=batch_349
2026-06-03 11:29:55,851 | INFO | Progress: 350 batches | 0.26 batches/sec | valid JSON: 344/350
2026-06-03 11:29:55,861 | INFO | [350] Processing movie_id=141052 batch_id=batch_350
2026-06-03 11:29:59,573 | INFO | [351] Processing movie_id=257344 batch_id=batch_351
2026-06-03 11:30:03,307 | INFO | [352] Processing movie_id=524434 batch_id=batch_352
2026-06-03 11:30:07,078 | INFO | [353] Processing movie_id=588228 batch_id=batch_353
2026-06-03 11:30:11,341 | INFO | [354] Processing movie_id=934433 batch_id=batch_354
2026-06-03 11:30:15,036 | INFO | [355] Processing movie_id=374720 batch_id=batch_355
2026-06-03 11:30:17,830 | INFO | [356] Processing movie_id=447277 batch_id=batch_356
2026-06-03 11:30:22,307 | INFO | [357] Processing movie_id=299054 batch_id=batch_357
2026-06-03 11:30:26,720 | INFO | [358] Processing movie_id=530915 batch_id=batch_358
2026-06-03 11:30:29,986 | INFO | [359] Processing movie_id=297802 batch_id=batch_359
2026-06-03 11:30:33,372 | INFO | [360] Processing movie_id=615656 batch_id=batch_360
2026-06-03 11:30:37,305 | INFO | [361] Processing movie_id=370172 batch_id=batch_361
2026-06-03 11:30:40,643 | INFO | [362] Processing movie_id=1226578 batch_id=batch_362
2026-06-03 11:30:43,505 | INFO | [363] Processing movie_id=746036 batch_id=batch_363
2026-06-03 11:30:47,278 | INFO | [364] Processing movie_id=974576 batch_id=batch_364
2026-06-03 11:30:51,149 | INFO | [365] Processing movie_id=68735 batch_id=batch_365
2026-06-03 11:30:54,331 | INFO | [366] Processing movie_id=756999 batch_id=batch_366
2026-06-03 11:30:57,573 | INFO | [367] Processing movie_id=298618 batch_id=batch_367
2026-06-03 11:31:01,224 | INFO | [368] Processing movie_id=330459 batch_id=batch_368
2026-06-03 11:31:04,057 | INFO | [369] Processing movie_id=294254 batch_id=batch_369
2026-06-03 11:31:07,771 | INFO | [370] Processing movie_id=426063 batch_id=batch_370
2026-06-03 11:31:10,531 | INFO | [371] Processing movie_id=424694 batch_id=batch_371
2026-06-03 11:31:14,601 | INFO | [372] Processing movie_id=698687 batch_id=batch_372
2026-06-03 11:31:17,570 | INFO | [373] Processing movie_id=359724 batch_id=batch_373
2026-06-03 11:31:20,307 | INFO | [374] Processing movie_id=423108 batch_id=batch_374
2026-06-03 11:31:24,387 | INFO | [375] Processing movie_id=335983 batch_id=batch_375
2026-06-03 11:31:28,533 | INFO | [376] Processing movie_id=293167 batch_id=batch_376
2026-06-03 11:31:32,036 | INFO | [377] Processing movie_id=624860 batch_id=batch_377
2026-06-03 11:31:35,571 | INFO | [378] Processing movie_id=378236 batch_id=batch_378
2026-06-03 11:31:38,567 | INFO | [379] Processing movie_id=274857 batch_id=batch_379
2026-06-03 11:31:42,108 | INFO | [380] Processing movie_id=126889 batch_id=batch_380
2026-06-03 11:31:46,692 | INFO | [381] Processing movie_id=177677 batch_id=batch_381
2026-06-03 11:31:51,019 | INFO | [382] Processing movie_id=300668 batch_id=batch_382
2026-06-03 11:31:54,062 | INFO | [383] Processing movie_id=345940 batch_id=batch_383
2026-06-03 11:31:57,707 | INFO | [384] Processing movie_id=381284 batch_id=batch_384
2026-06-03 11:32:01,449 | INFO | [385] Processing movie_id=102899 batch_id=batch_385
2026-06-03 11:32:04,552 | INFO | [386] Processing movie_id=799583 batch_id=batch_386
2026-06-03 11:32:07,857 | INFO | [387] Processing movie_id=666277 batch_id=batch_387
2026-06-03 11:32:11,166 | INFO | [388] Processing movie_id=882569 batch_id=batch_388
2026-06-03 11:32:14,601 | INFO | [389] Processing movie_id=507089 batch_id=batch_389
2026-06-03 11:32:18,165 | INFO | [390] Processing movie_id=884605 batch_id=batch_390
2026-06-03 11:32:21,142 | INFO | [391] Processing movie_id=427641 batch_id=batch_391
2026-06-03 11:32:25,590 | INFO | [392] Processing movie_id=345887 batch_id=batch_392
2026-06-03 11:32:30,396 | INFO | [393] Processing movie_id=570670 batch_id=batch_393
2026-06-03 11:32:33,655 | INFO | [394] Processing movie_id=335977 batch_id=batch_394
2026-06-03 11:32:37,655 | INFO | [395] Processing movie_id=497582 batch_id=batch_395
2026-06-03 11:32:41,116 | INFO | [396] Processing movie_id=404368 batch_id=batch_396
2026-06-03 11:32:44,597 | INFO | [397] Processing movie_id=310307 batch_id=batch_397
2026-06-03 11:32:47,837 | INFO | [398] Processing movie_id=303991 batch_id=batch_398
2026-06-03 11:32:51,129 | INFO | [399] Processing movie_id=293863 batch_id=batch_399
2026-06-03 11:32:54,653 | INFO | Progress: 400 batches | 0.26 batches/sec | valid JSON: 393/400
2026-06-03 11:32:54,661 | INFO | [400] Processing movie_id=43074 batch_id=batch_400
2026-06-03 11:32:58,331 | INFO | [401] Processing movie_id=747188 batch_id=batch_401
2026-06-03 11:33:02,585 | INFO | [402] Processing movie_id=47933 batch_id=batch_402
2026-06-03 11:33:06,311 | INFO | [403] Processing movie_id=531219 batch_id=batch_403
2026-06-03 11:33:09,458 | INFO | [404] Processing movie_id=709631 batch_id=batch_404
2026-06-03 11:33:13,560 | INFO | [405] Processing movie_id=267860 batch_id=batch_405
2026-06-03 11:33:17,587 | INFO | [406] Processing movie_id=445571 batch_id=batch_406
2026-06-03 11:33:20,804 | INFO | [407] Processing movie_id=522162 batch_id=batch_407
2026-06-03 11:33:26,116 | INFO | [408] Processing movie_id=481084 batch_id=batch_408
2026-06-03 11:33:29,835 | INFO | [409] Processing movie_id=948549 batch_id=batch_409
2026-06-03 11:33:33,213 | INFO | [410] Processing movie_id=487558 batch_id=batch_410
2026-06-03 11:33:37,727 | INFO | [411] Processing movie_id=678512 batch_id=batch_411
2026-06-03 11:33:40,599 | INFO | [412] Processing movie_id=634492 batch_id=batch_412
2026-06-03 11:33:43,708 | INFO | [413] Processing movie_id=238615 batch_id=batch_413
2026-06-03 11:33:47,426 | INFO | [414] Processing movie_id=646097 batch_id=batch_414
2026-06-03 11:33:50,839 | INFO | [415] Processing movie_id=503736 batch_id=batch_415
2026-06-03 11:33:54,517 | INFO | [416] Processing movie_id=560057 batch_id=batch_416
2026-06-03 11:33:57,845 | INFO | [417] Processing movie_id=866463 batch_id=batch_417
2026-06-03 11:34:01,185 | INFO | [418] Processing movie_id=848538 batch_id=batch_418
2026-06-03 11:34:05,621 | INFO | [419] Processing movie_id=467244 batch_id=batch_419
2026-06-03 11:34:09,337 | INFO | [420] Processing movie_id=814889 batch_id=batch_420
2026-06-03 11:34:13,277 | INFO | [421] Processing movie_id=473033 batch_id=batch_421
2026-06-03 11:34:17,117 | INFO | [422] Processing movie_id=332562 batch_id=batch_422
2026-06-03 11:34:20,642 | INFO | [423] Processing movie_id=597208 batch_id=batch_423
2026-06-03 11:34:24,316 | INFO | [424] Processing movie_id=340102 batch_id=batch_424
2026-06-03 11:34:28,185 | INFO | [425] Processing movie_id=629176 batch_id=batch_425
2026-06-03 11:34:31,402 | INFO | [426] Processing movie_id=492188 batch_id=batch_426
2026-06-03 11:34:34,361 | INFO | [427] Processing movie_id=296099 batch_id=batch_427
2026-06-03 11:34:37,862 | INFO | [428] Processing movie_id=346672 batch_id=batch_428
2026-06-03 11:34:41,709 | INFO | [429] Processing movie_id=526896 batch_id=batch_429
2026-06-03 11:34:44,957 | INFO | [430] Processing movie_id=379149 batch_id=batch_430
2026-06-03 11:34:48,136 | INFO | [431] Processing movie_id=399404 batch_id=batch_431
2026-06-03 11:34:51,404 | INFO | [432] Processing movie_id=428078 batch_id=batch_432
2026-06-03 11:34:54,790 | INFO | [433] Processing movie_id=840430 batch_id=batch_433
2026-06-03 11:34:59,228 | INFO | [434] Processing movie_id=481848 batch_id=batch_434
2026-06-03 11:35:02,297 | INFO | [435] Processing movie_id=296524 batch_id=batch_435
2026-06-03 11:35:06,483 | INFO | [436] Processing movie_id=264644 batch_id=batch_436
2026-06-03 11:35:09,448 | INFO | [437] Processing movie_id=955916 batch_id=batch_437
2026-06-03 11:35:13,071 | INFO | [438] Processing movie_id=934632 batch_id=batch_438
2026-06-03 11:35:16,507 | INFO | [439] Processing movie_id=446354 batch_id=batch_439
2026-06-03 11:35:19,638 | INFO | [440] Processing movie_id=763285 batch_id=batch_440
2026-06-03 11:35:22,799 | INFO | [441] Processing movie_id=1026436 batch_id=batch_441
2026-06-03 11:35:25,786 | INFO | [442] Processing movie_id=539681 batch_id=batch_442
2026-06-03 11:35:29,118 | INFO | [443] Processing movie_id=166424 batch_id=batch_443
2026-06-03 11:35:32,478 | INFO | [444] Processing movie_id=400106 batch_id=batch_444
2026-06-03 11:35:37,153 | INFO | [445] Processing movie_id=850165 batch_id=batch_445
2026-06-03 11:35:40,342 | INFO | [446] Processing movie_id=748230 batch_id=batch_446
2026-06-03 11:35:43,689 | INFO | [447] Processing movie_id=507241 batch_id=batch_447
2026-06-03 11:35:47,238 | INFO | [448] Processing movie_id=522681 batch_id=batch_448
2026-06-03 11:35:51,247 | INFO | [449] Processing movie_id=345938 batch_id=batch_449
2026-06-03 11:35:54,610 | INFO | Progress: 450 batches | 0.26 batches/sec | valid JSON: 443/450
2026-06-03 11:35:54,612 | INFO | [450] Processing movie_id=417261 batch_id=batch_450
2026-06-03 11:35:58,084 | INFO | [451] Processing movie_id=301337 batch_id=batch_451
2026-06-03 11:36:01,882 | INFO | [452] Processing movie_id=555604 batch_id=batch_452
2026-06-03 11:36:04,796 | INFO | [453] Processing movie_id=482321 batch_id=batch_453
2026-06-03 11:36:08,346 | INFO | [454] Processing movie_id=585216 batch_id=batch_454
2026-06-03 11:36:11,913 | INFO | [455] Processing movie_id=424139 batch_id=batch_455
2026-06-03 11:36:15,748 | INFO | [456] Processing movie_id=334533 batch_id=batch_456
2026-06-03 11:36:19,849 | INFO | [457] Processing movie_id=556694 batch_id=batch_457
2026-06-03 11:36:23,736 | INFO | [458] Processing movie_id=616820 batch_id=batch_458
2026-06-03 11:36:27,472 | INFO | [459] Processing movie_id=758323 batch_id=batch_459
2026-06-03 11:36:30,632 | INFO | [460] Processing movie_id=645886 batch_id=batch_460
2026-06-03 11:36:33,870 | INFO | [461] Processing movie_id=719221 batch_id=batch_461
2026-06-03 11:36:37,862 | INFO | [462] Processing movie_id=945729 batch_id=batch_462
2026-06-03 11:36:41,651 | INFO | [463] Processing movie_id=68730 batch_id=batch_463
2026-06-03 11:36:45,478 | INFO | [464] Processing movie_id=376659 batch_id=batch_464
2026-06-03 11:36:48,699 | INFO | [465] Processing movie_id=440471 batch_id=batch_465
2026-06-03 11:36:51,923 | INFO | [466] Processing movie_id=257445 batch_id=batch_466
2026-06-03 11:36:54,799 | INFO | [467] Processing movie_id=648579 batch_id=batch_467
2026-06-03 11:36:58,526 | INFO | [468] Processing movie_id=438799 batch_id=batch_468
2026-06-03 11:37:01,577 | INFO | [469] Processing movie_id=961323 batch_id=batch_469
2026-06-03 11:37:04,979 | INFO | [470] Processing movie_id=395991 batch_id=batch_470
2026-06-03 11:37:08,103 | INFO | [471] Processing movie_id=338762 batch_id=batch_471
2026-06-03 11:37:11,280 | INFO | [472] Processing movie_id=787752 batch_id=batch_472
2026-06-03 11:37:15,214 | INFO | [473] Processing movie_id=280217 batch_id=batch_473
2026-06-03 11:37:18,296 | INFO | [474] Processing movie_id=262504 batch_id=batch_474
2026-06-03 11:37:21,263 | INFO | [475] Processing movie_id=618344 batch_id=batch_475
2026-06-03 11:37:25,300 | INFO | [476] Processing movie_id=1086747 batch_id=batch_476
2026-06-03 11:37:29,448 | INFO | [477] Processing movie_id=338952 batch_id=batch_477
2026-06-03 11:37:33,042 | INFO | [478] Processing movie_id=379686 batch_id=batch_478
2026-06-03 11:37:35,825 | INFO | [479] Processing movie_id=406563 batch_id=batch_479
2026-06-03 11:37:38,998 | INFO | [480] Processing movie_id=399170 batch_id=batch_480
2026-06-03 11:37:43,186 | INFO | [481] Processing movie_id=458897 batch_id=batch_481
2026-06-03 11:37:46,612 | INFO | [482] Processing movie_id=568620 batch_id=batch_482
2026-06-03 11:37:50,204 | INFO | [483] Processing movie_id=332567 batch_id=batch_483
2026-06-03 11:37:54,664 | INFO | [484] Processing movie_id=576845 batch_id=batch_484
2026-06-03 11:37:58,402 | INFO | [485] Processing movie_id=295964 batch_id=batch_485
2026-06-03 11:38:01,461 | INFO | [486] Processing movie_id=302401 batch_id=batch_486
2026-06-03 11:38:07,955 | INFO | [487] Processing movie_id=704239 batch_id=batch_487
2026-06-03 11:38:11,409 | INFO | [488] Processing movie_id=534490 batch_id=batch_488
2026-06-03 11:38:15,029 | INFO | [489] Processing movie_id=399360 batch_id=batch_489
2026-06-03 11:38:18,134 | INFO | [490] Processing movie_id=567189 batch_id=batch_490
2026-06-03 11:38:22,027 | INFO | [491] Processing movie_id=376570 batch_id=batch_491
2026-06-03 11:38:25,279 | INFO | [492] Processing movie_id=501170 batch_id=batch_492
2026-06-03 11:38:28,651 | INFO | [493] Processing movie_id=298312 batch_id=batch_493
2026-06-03 11:38:32,342 | INFO | [494] Processing movie_id=587792 batch_id=batch_494
2026-06-03 11:38:36,420 | INFO | [495] Processing movie_id=628900 batch_id=batch_495
2026-06-03 11:38:39,675 | INFO | [496] Processing movie_id=257088 batch_id=batch_496
2026-06-03 11:38:43,368 | INFO | [497] Processing movie_id=192141 batch_id=batch_497
2026-06-03 11:38:46,220 | INFO | [498] Processing movie_id=1071215 batch_id=batch_498
2026-06-03 11:38:49,755 | INFO | [499] Processing movie_id=606856 batch_id=batch_499
2026-06-03 11:38:52,742 | INFO | Progress: 500 batches | 0.26 batches/sec | valid JSON: 491/500
2026-06-03 11:38:52,744 | INFO | [500] Processing movie_id=390062 batch_id=batch_500
2026-06-03 11:38:57,095 | INFO | [501] Processing movie_id=301365 batch_id=batch_501
2026-06-03 11:39:00,610 | INFO | [502] Processing movie_id=559907 batch_id=batch_502
2026-06-03 11:39:04,487 | INFO | [503] Processing movie_id=447200 batch_id=batch_503
2026-06-03 11:39:07,746 | INFO | [504] Processing movie_id=755566 batch_id=batch_504
2026-06-03 11:39:11,957 | INFO | [505] Processing movie_id=616651 batch_id=batch_505
2026-06-03 11:39:14,778 | INFO | [506] Processing movie_id=429197 batch_id=batch_506
2026-06-03 11:39:18,765 | INFO | [507] Processing movie_id=504608 batch_id=batch_507
2026-06-03 11:39:22,284 | INFO | [508] Processing movie_id=643586 batch_id=batch_508
2026-06-03 11:39:24,978 | INFO | [509] Processing movie_id=599975 batch_id=batch_509
2026-06-03 11:39:29,477 | INFO | [510] Processing movie_id=121856 batch_id=batch_510
2026-06-03 11:39:33,368 | INFO | [511] Processing movie_id=614933 batch_id=batch_511
2026-06-03 11:39:37,384 | INFO | [512] Processing movie_id=537996 batch_id=batch_512
2026-06-03 11:39:41,606 | INFO | [513] Processing movie_id=261023 batch_id=batch_513
2026-06-03 11:39:44,470 | INFO | [514] Processing movie_id=552178 batch_id=batch_514
2026-06-03 11:39:47,798 | INFO | [515] Processing movie_id=419680 batch_id=batch_515
2026-06-03 11:39:50,849 | INFO | [516] Processing movie_id=504172 batch_id=batch_516
2026-06-03 11:39:53,935 | INFO | [517] Processing movie_id=270487 batch_id=batch_517
2026-06-03 11:39:58,868 | INFO | [518] Processing movie_id=314095 batch_id=batch_518
2026-06-03 11:40:04,142 | INFO | [519] Processing movie_id=556678 batch_id=batch_519
2026-06-03 11:40:07,431 | INFO | [520] Processing movie_id=338766 batch_id=batch_520
2026-06-03 11:40:11,728 | INFO | [521] Processing movie_id=502416 batch_id=batch_521
2026-06-03 11:40:14,838 | INFO | [522] Processing movie_id=956842 batch_id=batch_522
2026-06-03 11:40:18,230 | INFO | [523] Processing movie_id=453405 batch_id=batch_523
2026-06-03 11:40:21,391 | INFO | [524] Processing movie_id=799876 batch_id=batch_524
2026-06-03 11:40:24,541 | INFO | [525] Processing movie_id=568091 batch_id=batch_525
2026-06-03 11:40:27,962 | INFO | [526] Processing movie_id=454619 batch_id=batch_526
2026-06-03 11:40:31,126 | INFO | [527] Processing movie_id=546121 batch_id=batch_527
2026-06-03 11:40:35,148 | INFO | [528] Processing movie_id=531499 batch_id=batch_528
2026-06-03 11:40:38,540 | INFO | [529] Processing movie_id=792293 batch_id=batch_529
2026-06-03 11:40:41,984 | INFO | [530] Processing movie_id=614917 batch_id=batch_530
2026-06-03 11:40:46,115 | INFO | [531] Processing movie_id=14564 batch_id=batch_531
2026-06-03 11:40:49,008 | INFO | [532] Processing movie_id=780609 batch_id=batch_532
2026-06-03 11:40:52,153 | INFO | [533] Processing movie_id=188222 batch_id=batch_533
2026-06-03 11:40:55,311 | INFO | [534] Processing movie_id=353070 batch_id=batch_534
2026-06-03 11:40:59,696 | INFO | [535] Processing movie_id=724209 batch_id=batch_535
2026-06-03 11:41:02,974 | INFO | [536] Processing movie_id=912908 batch_id=batch_536
2026-06-03 11:41:06,109 | INFO | [537] Processing movie_id=616747 batch_id=batch_537
2026-06-03 11:41:10,680 | INFO | [538] Processing movie_id=618588 batch_id=batch_538
2026-06-03 11:41:13,563 | INFO | [539] Processing movie_id=395992 batch_id=batch_539
2026-06-03 11:41:18,548 | INFO | [540] Processing movie_id=446021 batch_id=batch_540
2026-06-03 11:41:22,339 | INFO | [541] Processing movie_id=567748 batch_id=batch_541
2026-06-03 11:41:25,620 | INFO | [542] Processing movie_id=420808 batch_id=batch_542
2026-06-03 11:41:29,104 | INFO | [543] Processing movie_id=581734 batch_id=batch_543
2026-06-03 11:41:32,439 | INFO | [544] Processing movie_id=594767 batch_id=batch_544
2026-06-03 11:41:35,486 | INFO | [545] Processing movie_id=293767 batch_id=batch_545
2026-06-03 11:41:38,519 | INFO | [546] Processing movie_id=205775 batch_id=batch_546
2026-06-03 11:41:41,786 | INFO | [547] Processing movie_id=791177 batch_id=batch_547
2026-06-03 11:41:45,480 | INFO | [548] Processing movie_id=294963 batch_id=batch_548
2026-06-03 11:41:48,731 | INFO | [549] Processing movie_id=1013850 batch_id=batch_549
2026-06-03 11:41:52,317 | INFO | Progress: 550 batches | 0.26 batches/sec | valid JSON: 541/550
2026-06-03 11:41:52,324 | INFO | [550] Processing movie_id=489999 batch_id=batch_550
2026-06-03 11:41:55,779 | INFO | [551] Processing movie_id=522518 batch_id=batch_551
2026-06-03 11:41:58,755 | INFO | [552] Processing movie_id=458305 batch_id=batch_552
2026-06-03 11:42:02,320 | INFO | ============================================================
2026-06-03 11:42:02,320 | INFO | DONE. Total batches processed: 553
2026-06-03 11:42:02,320 | INFO | Valid JSON outputs: 544 (98.4%)
2026-06-03 11:42:02,320 | INFO | Invalid JSON: 9 | Errors: 0
2026-06-03 11:42:02,320 | INFO | Total runtime: 2094.89 seconds (3.7882 sec/batch)
2026-06-03 11:42:02,321 | INFO | Peak GPU memory: 16.09 GB
2026-06-03 11:42:02,321 | INFO | Output written to: data/processed/semantic_features_raw.jsonl
